{
"type": "FeatureCollection",
"name": "site_buffers",
"crs": { "type": "name", "properties": { "name": "urn:ogc:def:crs:EPSG::3857" } },
"features": [
{ "type": "Feature", "properties": { "facility_name": "Huntsville Waste to Energy Facility", "state": "AL" }, "geometry": { "type": "Polygon", "coordinates": [ [ [ -9636587.55098782479763, 4119411.94700114056468 ], [ -9636594.167594030499458, 4119159.269004399422556 ], [ -9636613.999276986345649, 4118907.283580484334379 ], [ -9636646.99167943187058, 4118656.681403926108032 ], [ -9636693.054371481761336, 4118408.149357872549444 ], [ -9636752.061098501086235, 4118162.368651385419071 ], [ -9636823.850127151235938, 4117920.01295229839161 ], [ -9636908.22468869574368, 4117681.74654073594138 ], [ -9637004.953518325462937, 4117448.222488370724022 ], [ -9637113.771489042788744, 4117220.080868397839367 ], [ -9637234.380338354036212, 4116997.94700114056468 ], [ -9637366.449485784396529, 4116782.429740088060498 ], [ -9637509.616938982158899, 4116574.119803072419018 ], [ -9637663.490285910665989, 4116373.588153151795268 ], [ -9637827.647770419716835, 4116181.384433640167117 ], [ -9638001.639448255300522, 4115998.035461571998894 ], [ -9638184.988420324400067, 4115824.043783735483885 ], [ -9638377.192139836028218, 4115659.886299226433039 ], [ -9638577.723789757117629, 4115506.01295229839161 ], [ -9638786.033726772293448, 4115362.845499100163579 ], [ -9639001.55098782479763, 4115230.7763516693376 ], [ -9639223.68485508300364, 4115110.167502359021455 ], [ -9639451.82647505402565, 4115001.34953164216131 ], [ -9639685.350527420639992, 4114904.620702011976391 ], [ -9639923.616938982158899, 4114820.246140467468649 ], [ -9640165.972638070583344, 4114748.457111816853285 ], [ -9640411.753344556316733, 4114689.450384797528386 ], [ -9640660.285390609875321, 4114643.387692747171968 ], [ -9640910.887567168101668, 4114610.39529030257836 ], [ -9641162.872991083189845, 4114590.563607345335186 ], [ -9641415.55098782479763, 4114583.94700114056468 ], [ -9641668.228984566405416, 4114590.563607345335186 ], [ -9641920.214408481493592, 4114610.39529030257836 ], [ -9642170.816585039719939, 4114643.387692747171968 ], [ -9642419.348631093278527, 4114689.450384797528386 ], [ -9642665.129337579011917, 4114748.457111816853285 ], [ -9642907.485036667436361, 4114820.246140467468649 ], [ -9643145.751448228955269, 4114904.620702011976391 ], [ -9643379.275500595569611, 4115001.34953164216131 ], [ -9643607.41712056659162, 4115110.167502359021455 ], [ -9643829.55098782479763, 4115230.7763516693376 ], [ -9644045.068248877301812, 4115362.845499100163579 ], [ -9644253.378185892477632, 4115506.01295229839161 ], [ -9644453.909835813567042, 4115659.886299226433039 ], [ -9644646.113555325195193, 4115824.043783735483885 ], [ -9644829.462527394294739, 4115998.035461571998894 ], [ -9645003.454205229878426, 4116181.384433640167117 ], [ -9645167.611689738929272, 4116373.588153151795268 ], [ -9645321.485036667436361, 4116574.119803072419018 ], [ -9645464.652489865198731, 4116782.429740088060498 ], [ -9645596.721637295559049, 4116997.94700114056468 ], [ -9645717.330486606806517, 4117220.080868397839367 ], [ -9645826.148457324132323, 4117448.222488370724022 ], [ -9645922.877286953851581, 4117681.74654073594138 ], [ -9646007.251848498359323, 4117920.01295229839161 ], [ -9646079.040877148509026, 4118162.368651385419071 ], [ -9646138.047604167833924, 4118408.149357872549444 ], [ -9646184.110296217724681, 4118656.681403926108032 ], [ -9646217.102698663249612, 4118907.283580484334379 ], [ -9646236.934381619095802, 4119159.269004399422556 ], [ -9646243.55098782479763, 4119411.94700114056468 ], [ -9646236.934381619095802, 4119664.624997881706804 ], [ -9646217.102698663249612, 4119916.610421796794981 ], [ -9646184.110296217724681, 4120167.212598355021328 ], [ -9646138.047604167833924, 4120415.744644408579916 ], [ -9646079.040877148509026, 4120661.525350895710289 ], [ -9646007.251848498359323, 4120903.88104998273775 ], [ -9645922.877286953851581, 4121142.14746154518798 ], [ -9645826.148457324132323, 4121375.671513910405338 ], [ -9645717.330486606806517, 4121603.813133883289993 ], [ -9645596.721637295559049, 4121825.94700114056468 ], [ -9645464.652489865198731, 4122041.464262193068862 ], [ -9645321.485036667436361, 4122249.774199208710343 ], [ -9645167.611689738929272, 4122450.305849129334092 ], [ -9645003.454205229878426, 4122642.509568640962243 ], [ -9644829.462527394294739, 4122825.858540709130466 ], [ -9644646.113555325195193, 4122999.850218545645475 ], [ -9644453.909835813567042, 4123164.007703054696321 ], [ -9644253.378185892477632, 4123317.88104998273775 ], [ -9644045.068248877301812, 4123461.048503180965781 ], [ -9643829.55098782479763, 4123593.11765061179176 ], [ -9643607.41712056659162, 4123713.726499922107905 ], [ -9643379.275500595569611, 4123822.54447063896805 ], [ -9643145.751448228955269, 4123919.273300269152969 ], [ -9642907.485036667436361, 4124003.647861813660711 ], [ -9642665.129337579011917, 4124075.436890464276075 ], [ -9642419.348631093278527, 4124134.443617483600974 ], [ -9642170.816585039719939, 4124180.506309533957392 ], [ -9641920.214408481493592, 4124213.498711978551 ], [ -9641668.228984566405416, 4124233.330394935794175 ], [ -9641415.55098782479763, 4124239.94700114056468 ], [ -9641162.872991083189845, 4124233.330394935794175 ], [ -9640910.887567168101668, 4124213.498711978551 ], [ -9640660.285390609875321, 4124180.506309533957392 ], [ -9640411.753344556316733, 4124134.443617483600974 ], [ -9640165.972638070583344, 4124075.436890464276075 ], [ -9639923.616938982158899, 4124003.647861813660711 ], [ -9639685.350527420639992, 4123919.273300269152969 ], [ -9639451.82647505402565, 4123822.54447063896805 ], [ -9639223.68485508300364, 4123713.726499922107905 ], [ -9639001.55098782479763, 4123593.11765061179176 ], [ -9638786.033726772293448, 4123461.048503180965781 ], [ -9638577.723789757117629, 4123317.88104998273775 ], [ -9638377.192139836028218, 4123164.007703054696321 ], [ -9638184.988420324400067, 4122999.850218545645475 ], [ -9638001.639448255300522, 4122825.858540709130466 ], [ -9637827.647770419716835, 4122642.509568640962243 ], [ -9637663.490285910665989, 4122450.305849129334092 ], [ -9637509.616938982158899, 4122249.774199208710343 ], [ -9637366.449485784396529, 4122041.464262193068862 ], [ -9637234.380338354036212, 4121825.94700114056468 ], [ -9637113.771489042788744, 4121603.813133883289993 ], [ -9637004.953518325462937, 4121375.671513910405338 ], [ -9636908.22468869574368, 4121142.14746154518798 ], [ -9636823.850127151235938, 4120903.88104998273775 ], [ -9636752.061098501086235, 4120661.525350895710289 ], [ -9636693.054371481761336, 4120415.744644408579916 ], [ -9636646.99167943187058, 4120167.212598355021328 ], [ -9636613.999276986345649, 4119916.610421796794981 ], [ -9636594.167594030499458, 4119664.624997881706804 ], [ -9636587.55098782479763, 4119411.94700114056468 ] ] ] } },
{ "type": "Feature", "properties": { "facility_name": "Southeast Resource Recovery Facility (SERRF) ", "state": "CA" }, "geometry": { "type": "Polygon", "coordinates": [ [ [ -13157655.561202326789498, 3996522.138035211246461 ], [ -13157662.177808532491326, 3996269.460038470104337 ], [ -13157682.009491488337517, 3996017.47461455501616 ], [ -13157715.001893933862448, 3995766.872437996789813 ], [ -13157761.064585983753204, 3995518.340391943231225 ], [ -13157820.071313003078103, 3995272.559685456100851 ], [ -13157891.860341653227806, 3995030.203986369073391 ], [ -13157976.234903197735548, 3994791.937574806623161 ], [ -13158072.963732827454805, 3994558.413522441405803 ], [ -13158181.781703544780612, 3994330.271902468521148 ], [ -13158302.39055285602808, 3994108.138035211246461 ], [ -13158434.459700286388397, 3993892.620774158742279 ], [ -13158577.627153484150767, 3993684.310837143100798 ], [ -13158731.500500412657857, 3993483.779187222477049 ], [ -13158895.657984921708703, 3993291.575467710848898 ], [ -13159069.64966275729239, 3993108.226495642680675 ], [ -13159252.998634826391935, 3992934.234817806165665 ], [ -13159445.202354338020086, 3992770.077333297114819 ], [ -13159645.734004259109497, 3992616.203986369073391 ], [ -13159854.043941274285316, 3992473.03653317084536 ], [ -13160069.561202326789498, 3992340.967385740019381 ], [ -13160291.695069584995508, 3992220.358536429703236 ], [ -13160519.836689556017518, 3992111.54056571284309 ], [ -13160753.36074192263186, 3992014.811736082658172 ], [ -13160991.627153484150767, 3991930.43717453815043 ], [ -13161233.982852572575212, 3991858.648145887535065 ], [ -13161479.763559058308601, 3991799.641418868210167 ], [ -13161728.295605111867189, 3991753.578726817853749 ], [ -13161978.897781670093536, 3991720.58632437326014 ], [ -13162230.883205585181713, 3991700.754641416016966 ], [ -13162483.561202326789498, 3991694.138035211246461 ], [ -13162736.239199068397284, 3991700.754641416016966 ], [ -13162988.22462298348546, 3991720.58632437326014 ], [ -13163238.826799541711807, 3991753.578726817853749 ], [ -13163487.358845595270395, 3991799.641418868210167 ], [ -13163733.139552081003785, 3991858.648145887535065 ], [ -13163975.495251169428229, 3991930.43717453815043 ], [ -13164213.761662730947137, 3992014.811736082658172 ], [ -13164447.285715097561479, 3992111.54056571284309 ], [ -13164675.427335068583488, 3992220.358536429703236 ], [ -13164897.561202326789498, 3992340.967385740019381 ], [ -13165113.07846337929368, 3992473.03653317084536 ], [ -13165321.3884003944695, 3992616.203986369073391 ], [ -13165521.92005031555891, 3992770.077333297114819 ], [ -13165714.123769827187061, 3992934.234817806165665 ], [ -13165897.472741896286607, 3993108.226495642680675 ], [ -13166071.464419731870294, 3993291.575467710848898 ], [ -13166235.62190424092114, 3993483.779187222477049 ], [ -13166389.495251169428229, 3993684.310837143100798 ], [ -13166532.662704367190599, 3993892.620774158742279 ], [ -13166664.731851797550917, 3994108.138035211246461 ], [ -13166785.340701108798385, 3994330.271902468521148 ], [ -13166894.158671826124191, 3994558.413522441405803 ], [ -13166990.887501455843449, 3994791.937574806623161 ], [ -13167075.262063, 3995030.203986369073391 ], [ -13167147.051091650500894, 3995272.559685456100851 ], [ -13167206.057818669825792, 3995518.340391943231225 ], [ -13167252.120510719716549, 3995766.872437996789813 ], [ -13167285.11291316524148, 3996017.47461455501616 ], [ -13167304.94459612108767, 3996269.460038470104337 ], [ -13167311.561202326789498, 3996522.138035211246461 ], [ -13167304.94459612108767, 3996774.816031952388585 ], [ -13167285.11291316524148, 3997026.801455867476761 ], [ -13167252.120510719716549, 3997277.403632425703108 ], [ -13167206.057818669825792, 3997525.935678479261696 ], [ -13167147.051091650500894, 3997771.71638496639207 ], [ -13167075.262063, 3998014.07208405341953 ], [ -13166990.887501455843449, 3998252.338495615869761 ], [ -13166894.158671826124191, 3998485.862547981087118 ], [ -13166785.340701108798385, 3998714.004167953971773 ], [ -13166664.731851797550917, 3998936.138035211246461 ], [ -13166532.662704367190599, 3999151.655296263750643 ], [ -13166389.495251169428229, 3999359.965233279392123 ], [ -13166235.62190424092114, 3999560.496883200015873 ], [ -13166071.464419731870294, 3999752.700602711644024 ], [ -13165897.472741896286607, 3999936.049574779812247 ], [ -13165714.123769827187061, 4000110.041252616327256 ], [ -13165521.92005031555891, 4000274.198737125378102 ], [ -13165321.3884003944695, 4000428.07208405341953 ], [ -13165113.07846337929368, 4000571.239537251647562 ], [ -13164897.561202326789498, 4000703.30868468247354 ], [ -13164675.427335068583488, 4000823.917533992789686 ], [ -13164447.285715097561479, 4000932.735504709649831 ], [ -13164213.761662730947137, 4001029.46433433983475 ], [ -13163975.495251169428229, 4001113.838895884342492 ], [ -13163733.139552081003785, 4001185.627924534957856 ], [ -13163487.358845595270395, 4001244.634651554282755 ], [ -13163238.826799541711807, 4001290.697343604639173 ], [ -13162988.22462298348546, 4001323.689746049232781 ], [ -13162736.239199068397284, 4001343.521429006475955 ], [ -13162483.561202326789498, 4001350.138035211246461 ], [ -13162230.883205585181713, 4001343.521429006475955 ], [ -13161978.897781670093536, 4001323.689746049232781 ], [ -13161728.295605111867189, 4001290.697343604639173 ], [ -13161479.763559058308601, 4001244.634651554282755 ], [ -13161233.982852572575212, 4001185.627924534957856 ], [ -13160991.627153484150767, 4001113.838895884342492 ], [ -13160753.36074192263186, 4001029.46433433983475 ], [ -13160519.836689556017518, 4000932.735504709649831 ], [ -13160291.695069584995508, 4000823.917533992789686 ], [ -13160069.561202326789498, 4000703.30868468247354 ], [ -13159854.043941274285316, 4000571.239537251647562 ], [ -13159645.734004259109497, 4000428.07208405341953 ], [ -13159445.202354338020086, 4000274.198737125378102 ], [ -13159252.998634826391935, 4000110.041252616327256 ], [ -13159069.64966275729239, 3999936.049574779812247 ], [ -13158895.657984921708703, 3999752.700602711644024 ], [ -13158731.500500412657857, 3999560.496883200015873 ], [ -13158577.627153484150767, 3999359.965233279392123 ], [ -13158434.459700286388397, 3999151.655296263750643 ], [ -13158302.39055285602808, 3998936.138035211246461 ], [ -13158181.781703544780612, 3998714.004167953971773 ], [ -13158072.963732827454805, 3998485.862547981087118 ], [ -13157976.234903197735548, 3998252.338495615869761 ], [ -13157891.860341653227806, 3998014.07208405341953 ], [ -13157820.071313003078103, 3997771.71638496639207 ], [ -13157761.064585983753204, 3997525.935678479261696 ], [ -13157715.001893933862448, 3997277.403632425703108 ], [ -13157682.009491488337517, 3997026.801455867476761 ], [ -13157662.177808532491326, 3996774.816031952388585 ], [ -13157655.561202326789498, 3996522.138035211246461 ] ] ] } },
{ "type": "Feature", "properties": { "facility_name": "Stanislaus County Resource Recovery Facility ", "state": "CA" }, "geometry": { "type": "Polygon", "coordinates": [ [ [ -13480144.051737077534199, 4493491.645204388536513 ], [ -13480150.668343283236027, 4493238.96720764786005 ], [ -13480170.500026239082217, 4492986.981783731840551 ], [ -13480203.492428684607148, 4492736.379607174545527 ], [ -13480249.555120734497905, 4492487.847561120055616 ], [ -13480308.561847753822803, 4492242.066854633390903 ], [ -13480380.350876403972507, 4491999.711155545897782 ], [ -13480464.725437948480248, 4491761.444743983447552 ], [ -13480561.454267578199506, 4491527.920691618695855 ], [ -13480670.272238295525312, 4491299.7790716458112 ], [ -13480790.88108760677278, 4491077.645204388536513 ], [ -13480922.950235037133098, 4490862.127943336032331 ], [ -13481066.117688234895468, 4490653.818006320856512 ], [ -13481219.991035163402557, 4490453.286356399767101 ], [ -13481384.148519672453403, 4490261.08263688813895 ], [ -13481558.14019750803709, 4490077.733664819970727 ], [ -13481741.489169577136636, 4489903.741986983455718 ], [ -13481933.692889088764787, 4489739.584502474404871 ], [ -13482134.224539009854198, 4489585.711155545897782 ], [ -13482342.534476025030017, 4489442.543702348135412 ], [ -13482558.051737077534199, 4489310.474554916843772 ], [ -13482780.185604335740209, 4489189.865705607458949 ], [ -13483008.327224306762218, 4489081.047734890133142 ], [ -13483241.85127667337656, 4488984.318905260413885 ], [ -13483480.117688234895468, 4488899.944343715906143 ], [ -13483722.473387323319912, 4488828.155315064825118 ], [ -13483968.254093809053302, 4488769.148588045500219 ], [ -13484216.78613986261189, 4488723.085895995609462 ], [ -13484467.388316420838237, 4488690.093493550084531 ], [ -13484719.373740335926414, 4488670.261810593307018 ], [ -13484972.051737077534199, 4488663.645204388536513 ], [ -13485224.729733819141984, 4488670.261810593307018 ], [ -13485476.715157734230161, 4488690.093493550084531 ], [ -13485727.317334292456508, 4488723.085895995609462 ], [ -13485975.849380346015096, 4488769.148588045500219 ], [ -13486221.630086831748486, 4488828.155315064825118 ], [ -13486463.98578592017293, 4488899.944343715906143 ], [ -13486702.252197481691837, 4488984.318905260413885 ], [ -13486935.776249848306179, 4489081.047734890133142 ], [ -13487163.917869819328189, 4489189.865705607458949 ], [ -13487386.051737077534199, 4489310.474554916843772 ], [ -13487601.568998130038381, 4489442.543702348135412 ], [ -13487809.8789351452142, 4489585.711155545897782 ], [ -13488010.410585066303611, 4489739.584502474404871 ], [ -13488202.614304577931762, 4489903.741986983455718 ], [ -13488385.963276647031307, 4490077.733664819970727 ], [ -13488559.954954482614994, 4490261.08263688813895 ], [ -13488724.11243899166584, 4490453.286356399767101 ], [ -13488877.98578592017293, 4490653.818006320856512 ], [ -13489021.1532391179353, 4490862.127943336032331 ], [ -13489153.222386548295617, 4491077.645204388536513 ], [ -13489273.831235859543085, 4491299.7790716458112 ], [ -13489382.649206576868892, 4491527.920691618695855 ], [ -13489479.378036206588149, 4491761.444743983447552 ], [ -13489563.752597751095891, 4491999.711155545897782 ], [ -13489635.541626401245594, 4492242.066854633390903 ], [ -13489694.548353420570493, 4492487.847561120055616 ], [ -13489740.611045470461249, 4492736.379607174545527 ], [ -13489773.60344791598618, 4492986.981783731840551 ], [ -13489793.435130871832371, 4493238.96720764786005 ], [ -13489800.051737077534199, 4493491.645204388536513 ], [ -13489793.435130871832371, 4493744.323201129212976 ], [ -13489773.60344791598618, 4493996.308625044301152 ], [ -13489740.611045470461249, 4494246.910801602527499 ], [ -13489694.548353420570493, 4494495.44284765701741 ], [ -13489635.541626401245594, 4494741.223554143682122 ], [ -13489563.752597751095891, 4494983.579253231175244 ], [ -13489479.378036206588149, 4495221.845664793625474 ], [ -13489382.649206576868892, 4495455.369717158377171 ], [ -13489273.831235859543085, 4495683.511337131261826 ], [ -13489153.222386548295617, 4495905.645204388536513 ], [ -13489021.1532391179353, 4496121.162465441040695 ], [ -13488877.98578592017293, 4496329.472402456216514 ], [ -13488724.11243899166584, 4496530.004052377305925 ], [ -13488559.954954482614994, 4496722.207771888934076 ], [ -13488385.963276647031307, 4496905.556743957102299 ], [ -13488202.614304577931762, 4497079.548421793617308 ], [ -13488010.410585066303611, 4497243.705906302668154 ], [ -13487809.8789351452142, 4497397.579253231175244 ], [ -13487601.568998130038381, 4497540.746706428937614 ], [ -13487386.051737077534199, 4497672.815853860229254 ], [ -13487163.917869819328189, 4497793.424703169614077 ], [ -13486935.776249848306179, 4497902.242673886939883 ], [ -13486702.252197481691837, 4497998.971503516659141 ], [ -13486463.98578592017293, 4498083.346065061166883 ], [ -13486221.630086831748486, 4498155.135093712247908 ], [ -13485975.849380346015096, 4498214.141820731572807 ], [ -13485727.317334292456508, 4498260.204512781463563 ], [ -13485476.715157734230161, 4498293.196915226988494 ], [ -13485224.729733819141984, 4498313.028598183766007 ], [ -13484972.051737077534199, 4498319.645204388536513 ], [ -13484719.373740335926414, 4498313.028598183766007 ], [ -13484467.388316420838237, 4498293.196915226988494 ], [ -13484216.78613986261189, 4498260.204512781463563 ], [ -13483968.254093809053302, 4498214.141820731572807 ], [ -13483722.473387323319912, 4498155.135093712247908 ], [ -13483480.117688234895468, 4498083.346065061166883 ], [ -13483241.85127667337656, 4497998.971503516659141 ], [ -13483008.327224306762218, 4497902.242673886939883 ], [ -13482780.185604335740209, 4497793.424703169614077 ], [ -13482558.051737077534199, 4497672.815853860229254 ], [ -13482342.534476025030017, 4497540.746706428937614 ], [ -13482134.224539009854198, 4497397.579253231175244 ], [ -13481933.692889088764787, 4497243.705906302668154 ], [ -13481741.489169577136636, 4497079.548421793617308 ], [ -13481558.14019750803709, 4496905.556743957102299 ], [ -13481384.148519672453403, 4496722.207771888934076 ], [ -13481219.991035163402557, 4496530.004052377305925 ], [ -13481066.117688234895468, 4496329.472402456216514 ], [ -13480922.950235037133098, 4496121.162465441040695 ], [ -13480790.88108760677278, 4495905.645204388536513 ], [ -13480670.272238295525312, 4495683.511337131261826 ], [ -13480561.454267578199506, 4495455.369717158377171 ], [ -13480464.725437948480248, 4495221.845664793625474 ], [ -13480380.350876403972507, 4494983.579253231175244 ], [ -13480308.561847753822803, 4494741.223554143682122 ], [ -13480249.555120734497905, 4494495.44284765701741 ], [ -13480203.492428684607148, 4494246.910801602527499 ], [ -13480170.500026239082217, 4493996.308625045232475 ], [ -13480150.668343283236027, 4493744.323201129212976 ], [ -13480144.051737077534199, 4493491.645204388536513 ] ] ] } },
{ "type": "Feature", "properties": { "facility_name": "Bristol Resource Recovery Facility", "state": "CT" }, "geometry": { "type": "Polygon", "coordinates": [ [ [ -8112072.634888737462461, 5108613.878576792776585 ], [ -8112079.251494942232966, 5108361.200580052100122 ], [ -8112099.083177899010479, 5108109.215156136080623 ], [ -8112132.07558034453541, 5107858.612979578785598 ], [ -8112178.138272394426167, 5107610.080933524295688 ], [ -8112237.144999413751066, 5107364.300227037630975 ], [ -8112308.934028064832091, 5107121.944527950137854 ], [ -8112393.308589609339833, 5106883.678116387687624 ], [ -8112490.037419239059091, 5106650.154064022935927 ], [ -8112598.855389956384897, 5106422.012444050051272 ], [ -8112719.46423926576972, 5106199.878576792776585 ], [ -8112851.53338669706136, 5105984.361315740272403 ], [ -8112994.70083989482373, 5105776.051378725096583 ], [ -8113148.57418682333082, 5105575.519728804007173 ], [ -8113312.731671332381666, 5105383.316009292379022 ], [ -8113486.723349168896675, 5105199.967037224210799 ], [ -8113670.072321237064898, 5105025.975359387695789 ], [ -8113862.276040748693049, 5104861.817874878644943 ], [ -8114062.80769066978246, 5104707.944527950137854 ], [ -8114271.117627684958279, 5104564.777074752375484 ], [ -8114486.634888737462461, 5104432.707927321083844 ], [ -8114708.768755994737148, 5104312.099078011699021 ], [ -8114936.910375967621803, 5104203.281107294373214 ], [ -8115170.4344283323735, 5104106.552277664653957 ], [ -8115408.70083989482373, 5104022.177716120146215 ], [ -8115651.056538982316852, 5103950.388687469065189 ], [ -8115896.837245468981564, 5103891.381960449740291 ], [ -8116145.369291523471475, 5103845.319268399849534 ], [ -8116395.971468080766499, 5103812.326865954324603 ], [ -8116647.956891996785998, 5103792.49518299754709 ], [ -8116900.634888737462461, 5103785.878576792776585 ], [ -8117153.312885478138924, 5103792.49518299754709 ], [ -8117405.2983093932271, 5103812.326865954324603 ], [ -8117655.900485951453447, 5103845.319268399849534 ], [ -8117904.432532005943358, 5103891.381960449740291 ], [ -8118150.21323849260807, 5103950.388687469065189 ], [ -8118392.568937580101192, 5104022.177716120146215 ], [ -8118630.835349142551422, 5104106.552277664653957 ], [ -8118864.359401507303119, 5104203.281107294373214 ], [ -8119092.501021480187774, 5104312.099078011699021 ], [ -8119314.634888737462461, 5104432.707927321083844 ], [ -8119530.152149789966643, 5104564.777074752375484 ], [ -8119738.462086805142462, 5104707.944527950137854 ], [ -8119938.993736726231873, 5104861.817874878644943 ], [ -8120131.197456237860024, 5105025.975359387695789 ], [ -8120314.546428306028247, 5105199.967037224210799 ], [ -8120488.538106142543256, 5105383.316009292379022 ], [ -8120652.695590651594102, 5105575.519728804007173 ], [ -8120806.568937580101192, 5105776.051378725096583 ], [ -8120949.736390777863562, 5105984.361315740272403 ], [ -8121081.805538209155202, 5106199.878576792776585 ], [ -8121202.414387518540025, 5106422.012444050051272 ], [ -8121311.232358235865831, 5106650.154064022935927 ], [ -8121407.961187865585089, 5106883.678116387687624 ], [ -8121492.335749410092831, 5107121.944527950137854 ], [ -8121564.124778061173856, 5107364.300227037630975 ], [ -8121623.131505080498755, 5107610.080933524295688 ], [ -8121669.194197130389512, 5107858.612979578785598 ], [ -8121702.186599575914443, 5108109.215156136080623 ], [ -8121722.018282532691956, 5108361.200580052100122 ], [ -8121728.634888737462461, 5108613.878576792776585 ], [ -8121722.018282532691956, 5108866.556573533453047 ], [ -8121702.186599575914443, 5109118.541997448541224 ], [ -8121669.194197130389512, 5109369.144174006767571 ], [ -8121623.131505080498755, 5109617.676220061257482 ], [ -8121564.124778061173856, 5109863.456926547922194 ], [ -8121492.335749410092831, 5110105.812625635415316 ], [ -8121407.961187865585089, 5110344.079037197865546 ], [ -8121311.232358235865831, 5110577.603089562617242 ], [ -8121202.414387518540025, 5110805.744709535501897 ], [ -8121081.805538209155202, 5111027.878576792776585 ], [ -8120949.736390777863562, 5111243.395837845280766 ], [ -8120806.568937580101192, 5111451.705774860456586 ], [ -8120652.695590651594102, 5111652.237424781545997 ], [ -8120488.538106142543256, 5111844.441144293174148 ], [ -8120314.546428306028247, 5112027.790116361342371 ], [ -8120131.197456237860024, 5112201.78179419785738 ], [ -8119938.993736726231873, 5112365.939278706908226 ], [ -8119738.462086805142462, 5112519.812625635415316 ], [ -8119530.152149789966643, 5112662.980078833177686 ], [ -8119314.634888737462461, 5112795.049226264469326 ], [ -8119092.501021480187774, 5112915.658075573854148 ], [ -8118864.359401507303119, 5113024.476046291179955 ], [ -8118630.835349142551422, 5113121.204875920899212 ], [ -8118392.568937580101192, 5113205.579437465406954 ], [ -8118150.21323849260807, 5113277.36846611648798 ], [ -8117904.432532005943358, 5113336.375193135812879 ], [ -8117655.900485951453447, 5113382.437885185703635 ], [ -8117405.298309394158423, 5113415.430287631228566 ], [ -8117153.312885478138924, 5113435.261970588006079 ], [ -8116900.634888737462461, 5113441.878576792776585 ], [ -8116647.956891996785998, 5113435.261970588006079 ], [ -8116395.971468081697822, 5113415.430287631228566 ], [ -8116145.369291523471475, 5113382.437885185703635 ], [ -8115896.837245468981564, 5113336.375193135812879 ], [ -8115651.056538982316852, 5113277.36846611648798 ], [ -8115408.70083989482373, 5113205.579437465406954 ], [ -8115170.4344283323735, 5113121.204875920899212 ], [ -8114936.910375967621803, 5113024.476046291179955 ], [ -8114708.768755994737148, 5112915.658075573854148 ], [ -8114486.634888737462461, 5112795.049226264469326 ], [ -8114271.117627684958279, 5112662.980078833177686 ], [ -8114062.80769066978246, 5112519.812625635415316 ], [ -8113862.276040748693049, 5112365.939278706908226 ], [ -8113670.072321237064898, 5112201.78179419785738 ], [ -8113486.723349168896675, 5112027.790116361342371 ], [ -8113312.731671332381666, 5111844.441144293174148 ], [ -8113148.57418682333082, 5111652.237424781545997 ], [ -8112994.70083989482373, 5111451.705774860456586 ], [ -8112851.53338669706136, 5111243.395837845280766 ], [ -8112719.46423926576972, 5111027.878576792776585 ], [ -8112598.855389956384897, 5110805.744709535501897 ], [ -8112490.037419239059091, 5110577.603089562617242 ], [ -8112393.308589609339833, 5110344.079037197865546 ], [ -8112308.934028064832091, 5110105.812625635415316 ], [ -8112237.144999413751066, 5109863.456926547922194 ], [ -8112178.138272394426167, 5109617.676220061257482 ], [ -8112132.07558034453541, 5109369.144174006767571 ], [ -8112099.083177899010479, 5109118.541997449472547 ], [ -8112079.251494942232966, 5108866.556573533453047 ], [ -8112072.634888737462461, 5108613.878576792776585 ] ] ] } },
{ "type": "Feature", "properties": { "facility_name": "Mid-Connecticut Resource Recovery Facility ", "state": "CT" }, "geometry": { "type": "Polygon", "coordinates": [ [ [ -8083017.524215003475547, 5122786.40605459548533 ], [ -8083024.140821208246052, 5122533.728057854808867 ], [ -8083043.972504165023565, 5122281.742633938789368 ], [ -8083076.964906610548496, 5122031.140457381494343 ], [ -8083123.027598660439253, 5121782.608411327004433 ], [ -8083182.034325679764152, 5121536.82770484033972 ], [ -8083253.823354330845177, 5121294.472005752846599 ], [ -8083338.197915875352919, 5121056.205594190396369 ], [ -8083434.926745505072176, 5120822.681541825644672 ], [ -8083543.744716222397983, 5120594.539921852760017 ], [ -8083664.353565531782806, 5120372.40605459548533 ], [ -8083796.422712963074446, 5120156.888793542981148 ], [ -8083939.590166160836816, 5119948.578856527805328 ], [ -8084093.463513089343905, 5119748.047206606715918 ], [ -8084257.620997598394752, 5119555.843487095087767 ], [ -8084431.612675434909761, 5119372.494515026919544 ], [ -8084614.961647503077984, 5119198.502837190404534 ], [ -8084807.165367014706135, 5119034.345352681353688 ], [ -8085007.697016935795546, 5118880.472005752846599 ], [ -8085216.006953950971365, 5118737.304552555084229 ], [ -8085431.524215003475547, 5118605.235405123792589 ], [ -8085653.658082260750234, 5118484.626555814407766 ], [ -8085881.799702233634889, 5118375.808585097081959 ], [ -8086115.323754598386586, 5118279.079755467362702 ], [ -8086353.590166160836816, 5118194.70519392285496 ], [ -8086595.945865248329937, 5118122.916165271773934 ], [ -8086841.72657173499465, 5118063.909438252449036 ], [ -8087090.25861778948456, 5118017.846746202558279 ], [ -8087340.860794346779585, 5117984.854343757033348 ], [ -8087592.846218262799084, 5117965.022660800255835 ], [ -8087845.524215003475547, 5117958.40605459548533 ], [ -8088098.202211744152009, 5117965.022660800255835 ], [ -8088350.187635660171509, 5117984.854343757033348 ], [ -8088600.789812217466533, 5118017.846746202558279 ], [ -8088849.321858271956444, 5118063.909438252449036 ], [ -8089095.102564758621156, 5118122.916165271773934 ], [ -8089337.458263846114278, 5118194.70519392285496 ], [ -8089575.724675408564508, 5118279.079755467362702 ], [ -8089809.248727773316205, 5118375.808585097081959 ], [ -8090037.39034774620086, 5118484.626555814407766 ], [ -8090259.524215003475547, 5118605.235405123792589 ], [ -8090475.041476055979729, 5118737.304552555084229 ], [ -8090683.351413071155548, 5118880.472005752846599 ], [ -8090883.883062992244959, 5119034.345352681353688 ], [ -8091076.08678250387311, 5119198.502837190404534 ], [ -8091259.435754572041333, 5119372.494515026919544 ], [ -8091433.427432408556342, 5119555.843487095087767 ], [ -8091597.584916917607188, 5119748.047206606715918 ], [ -8091751.458263846114278, 5119948.578856527805328 ], [ -8091894.625717043876648, 5120156.888793542981148 ], [ -8092026.694864475168288, 5120372.40605459548533 ], [ -8092147.303713784553111, 5120594.539921852760017 ], [ -8092256.121684501878917, 5120822.681541825644672 ], [ -8092352.850514131598175, 5121056.205594190396369 ], [ -8092437.225075676105917, 5121294.472005752846599 ], [ -8092509.014104327186942, 5121536.82770484033972 ], [ -8092568.020831346511841, 5121782.608411327004433 ], [ -8092614.083523396402597, 5122031.140457381494343 ], [ -8092647.075925841927528, 5122281.742633938789368 ], [ -8092666.907608798705041, 5122533.728057854808867 ], [ -8092673.524215003475547, 5122786.40605459548533 ], [ -8092666.907608798705041, 5123039.084051336161792 ], [ -8092647.075925841927528, 5123291.069475251249969 ], [ -8092614.083523396402597, 5123541.671651809476316 ], [ -8092568.020831346511841, 5123790.203697863966227 ], [ -8092509.014104327186942, 5124035.984404350630939 ], [ -8092437.225075676105917, 5124278.340103438124061 ], [ -8092352.850514131598175, 5124516.606515000574291 ], [ -8092256.121684501878917, 5124750.130567365325987 ], [ -8092147.303713784553111, 5124978.272187338210642 ], [ -8092026.694864475168288, 5125200.40605459548533 ], [ -8091894.625717043876648, 5125415.923315647989511 ], [ -8091751.458263846114278, 5125624.233252663165331 ], [ -8091597.584916917607188, 5125824.764902584254742 ], [ -8091433.427432408556342, 5126016.968622095882893 ], [ -8091259.435754572041333, 5126200.317594164051116 ], [ -8091076.08678250387311, 5126374.309272000566125 ], [ -8090883.883062992244959, 5126538.466756509616971 ], [ -8090683.351413071155548, 5126692.340103438124061 ], [ -8090475.041476055979729, 5126835.507556635886431 ], [ -8090259.524215003475547, 5126967.576704067178071 ], [ -8090037.39034774620086, 5127088.185553376562893 ], [ -8089809.248727773316205, 5127197.0035240938887 ], [ -8089575.724675408564508, 5127293.732353723607957 ], [ -8089337.458263846114278, 5127378.106915268115699 ], [ -8089095.102564758621156, 5127449.895943919196725 ], [ -8088849.321858271956444, 5127508.902670938521624 ], [ -8088600.789812217466533, 5127554.96536298841238 ], [ -8088350.187635660171509, 5127587.957765433937311 ], [ -8088098.202211744152009, 5127607.789448390714824 ], [ -8087845.524215003475547, 5127614.40605459548533 ], [ -8087592.846218262799084, 5127607.789448390714824 ], [ -8087340.860794347710907, 5127587.957765433937311 ], [ -8087090.25861778948456, 5127554.96536298841238 ], [ -8086841.72657173499465, 5127508.902670938521624 ], [ -8086595.945865248329937, 5127449.895943919196725 ], [ -8086353.590166160836816, 5127378.106915268115699 ], [ -8086115.323754598386586, 5127293.732353723607957 ], [ -8085881.799702233634889, 5127197.0035240938887 ], [ -8085653.658082260750234, 5127088.185553376562893 ], [ -8085431.524215003475547, 5126967.576704067178071 ], [ -8085216.006953950971365, 5126835.507556635886431 ], [ -8085007.697016935795546, 5126692.340103438124061 ], [ -8084807.165367014706135, 5126538.466756509616971 ], [ -8084614.961647503077984, 5126374.309272000566125 ], [ -8084431.612675434909761, 5126200.317594164051116 ], [ -8084257.620997598394752, 5126016.968622095882893 ], [ -8084093.463513089343905, 5125824.764902584254742 ], [ -8083939.590166160836816, 5125624.233252663165331 ], [ -8083796.422712963074446, 5125415.923315647989511 ], [ -8083664.353565531782806, 5125200.40605459548533 ], [ -8083543.744716222397983, 5124978.272187338210642 ], [ -8083434.926745505072176, 5124750.130567365325987 ], [ -8083338.197915875352919, 5124516.606515000574291 ], [ -8083253.823354330845177, 5124278.340103438124061 ], [ -8083182.034325679764152, 5124035.984404350630939 ], [ -8083123.027598660439253, 5123790.203697863966227 ], [ -8083076.964906610548496, 5123541.671651809476316 ], [ -8083043.972504165023565, 5123291.069475252181292 ], [ -8083024.140821208246052, 5123039.084051336161792 ], [ -8083017.524215003475547, 5122786.40605459548533 ] ] ] } },
{ "type": "Feature", "properties": { "facility_name": "Southeastern Connecticut Resource Recovery Center", "state": "CT" }, "geometry": { "type": "Polygon", "coordinates": [ [ [ -8019605.233444693498313, 5067170.578196451999247 ], [ -8019611.850050898268819, 5066917.900199711322784 ], [ -8019631.681733855046332, 5066665.914775795303285 ], [ -8019664.674136300571263, 5066415.312599238008261 ], [ -8019710.736828350462019, 5066166.78055318351835 ], [ -8019769.743555369786918, 5065920.999846696853638 ], [ -8019841.532584020867944, 5065678.644147609360516 ], [ -8019925.907145565375686, 5065440.377736046910286 ], [ -8020022.635975195094943, 5065206.853683682158589 ], [ -8020131.45394591242075, 5064978.712063709273934 ], [ -8020252.062795221805573, 5064756.578196451999247 ], [ -8020384.131942653097212, 5064541.060935399495065 ], [ -8020527.299395850859582, 5064332.750998384319246 ], [ -8020681.172742779366672, 5064132.219348463229835 ], [ -8020845.330227288417518, 5063940.015628951601684 ], [ -8021019.321905124932528, 5063756.666656883433461 ], [ -8021202.67087719310075, 5063582.674979046918452 ], [ -8021394.874596704728901, 5063418.517494537867606 ], [ -8021595.406246625818312, 5063264.644147609360516 ], [ -8021803.716183640994132, 5063121.476694411598146 ], [ -8022019.233444693498313, 5062989.407546980306506 ], [ -8022241.367311950773001, 5062868.798697670921683 ], [ -8022469.508931923657656, 5062759.980726953595877 ], [ -8022703.032984288409352, 5062663.251897323876619 ], [ -8022941.299395850859582, 5062578.877335779368877 ], [ -8023183.655094938352704, 5062507.088307128287852 ], [ -8023429.435801425017416, 5062448.081580108962953 ], [ -8023677.967847479507327, 5062402.018888059072196 ], [ -8023928.570024036802351, 5062369.026485613547266 ], [ -8024180.555447952821851, 5062349.194802656769753 ], [ -8024433.233444693498313, 5062342.578196451999247 ], [ -8024685.911441434174776, 5062349.194802656769753 ], [ -8024937.896865349262953, 5062369.026485613547266 ], [ -8025188.4990419074893, 5062402.018888059072196 ], [ -8025437.03108796197921, 5062448.081580108962953 ], [ -8025682.811794448643923, 5062507.088307128287852 ], [ -8025925.167493536137044, 5062578.877335779368877 ], [ -8026163.433905098587275, 5062663.251897323876619 ], [ -8026396.957957463338971, 5062759.980726953595877 ], [ -8026625.099577436223626, 5062868.798697670921683 ], [ -8026847.233444693498313, 5062989.407546980306506 ], [ -8027062.750705746002495, 5063121.476694411598146 ], [ -8027271.060642761178315, 5063264.644147609360516 ], [ -8027471.592292682267725, 5063418.517494537867606 ], [ -8027663.796012193895876, 5063582.674979046918452 ], [ -8027847.144984262064099, 5063756.666656883433461 ], [ -8028021.136662098579109, 5063940.015628951601684 ], [ -8028185.294146607629955, 5064132.219348463229835 ], [ -8028339.167493536137044, 5064332.750998384319246 ], [ -8028482.334946733899415, 5064541.060935399495065 ], [ -8028614.404094165191054, 5064756.578196451999247 ], [ -8028735.012943474575877, 5064978.712063709273934 ], [ -8028843.830914191901684, 5065206.853683682158589 ], [ -8028940.559743821620941, 5065440.377736046910286 ], [ -8029024.934305366128683, 5065678.644147609360516 ], [ -8029096.723334017209709, 5065920.999846696853638 ], [ -8029155.730061036534607, 5066166.78055318351835 ], [ -8029201.792753086425364, 5066415.312599238008261 ], [ -8029234.785155531950295, 5066665.914775795303285 ], [ -8029254.616838488727808, 5066917.900199711322784 ], [ -8029261.233444693498313, 5067170.578196451999247 ], [ -8029254.616838488727808, 5067423.25619319267571 ], [ -8029234.785155531950295, 5067675.241617107763886 ], [ -8029201.792753086425364, 5067925.843793665990233 ], [ -8029155.730061036534607, 5068174.375839720480144 ], [ -8029096.723334017209709, 5068420.156546207144856 ], [ -8029024.934305366128683, 5068662.512245294637978 ], [ -8028940.559743821620941, 5068900.778656857088208 ], [ -8028843.830914191901684, 5069134.302709221839905 ], [ -8028735.012943474575877, 5069362.44432919472456 ], [ -8028614.404094165191054, 5069584.578196451999247 ], [ -8028482.334946733899415, 5069800.095457504503429 ], [ -8028339.167493536137044, 5070008.405394519679248 ], [ -8028185.294146607629955, 5070208.937044440768659 ], [ -8028021.136662098579109, 5070401.14076395239681 ], [ -8027847.144984262064099, 5070584.489736020565033 ], [ -8027663.796012193895876, 5070758.481413857080042 ], [ -8027471.592292682267725, 5070922.638898366130888 ], [ -8027271.060642761178315, 5071076.512245294637978 ], [ -8027062.750705746002495, 5071219.679698492400348 ], [ -8026847.233444693498313, 5071351.748845923691988 ], [ -8026625.099577436223626, 5071472.357695233076811 ], [ -8026396.957957463338971, 5071581.175665950402617 ], [ -8026163.433905098587275, 5071677.904495580121875 ], [ -8025925.167493536137044, 5071762.279057124629617 ], [ -8025682.811794448643923, 5071834.068085775710642 ], [ -8025437.03108796197921, 5071893.074812795035541 ], [ -8025188.4990419074893, 5071939.137504844926298 ], [ -8024937.896865350194275, 5071972.129907290451229 ], [ -8024685.911441434174776, 5071991.961590247228742 ], [ -8024433.233444693498313, 5071998.578196451999247 ], [ -8024180.555447952821851, 5071991.961590247228742 ], [ -8023928.570024037733674, 5071972.129907290451229 ], [ -8023677.967847479507327, 5071939.137504844926298 ], [ -8023429.435801425017416, 5071893.074812795035541 ], [ -8023183.655094938352704, 5071834.068085775710642 ], [ -8022941.299395850859582, 5071762.279057124629617 ], [ -8022703.032984288409352, 5071677.904495580121875 ], [ -8022469.508931923657656, 5071581.175665950402617 ], [ -8022241.367311950773001, 5071472.357695233076811 ], [ -8022019.233444693498313, 5071351.748845923691988 ], [ -8021803.716183640994132, 5071219.679698492400348 ], [ -8021595.406246625818312, 5071076.512245294637978 ], [ -8021394.874596704728901, 5070922.638898366130888 ], [ -8021202.67087719310075, 5070758.481413857080042 ], [ -8021019.321905124932528, 5070584.489736020565033 ], [ -8020845.330227288417518, 5070401.14076395239681 ], [ -8020681.172742779366672, 5070208.937044440768659 ], [ -8020527.299395850859582, 5070008.405394519679248 ], [ -8020384.131942653097212, 5069800.095457504503429 ], [ -8020252.062795221805573, 5069584.578196451999247 ], [ -8020131.45394591242075, 5069362.44432919472456 ], [ -8020022.635975195094943, 5069134.302709221839905 ], [ -8019925.907145565375686, 5068900.778656857088208 ], [ -8019841.532584020867944, 5068662.512245294637978 ], [ -8019769.743555369786918, 5068420.156546207144856 ], [ -8019710.736828350462019, 5068174.375839720480144 ], [ -8019664.674136300571263, 5067925.843793665990233 ], [ -8019631.681733855046332, 5067675.241617108695209 ], [ -8019611.850050898268819, 5067423.25619319267571 ], [ -8019605.233444693498313, 5067170.578196451999247 ] ] ] } },
{ "type": "Feature", "properties": { "facility_name": "Wheelabrator Bridgeport", "state": "CT" }, "geometry": { "type": "Polygon", "coordinates": [ [ [ -8144706.210781564004719, 5036390.781250451691449 ], [ -8144712.827387768775225, 5036138.103253711014986 ], [ -8144732.659070725552738, 5035886.117829794995487 ], [ -8144765.651473171077669, 5035635.515653237700462 ], [ -8144811.714165220968425, 5035386.983607183210552 ], [ -8144870.720892240293324, 5035141.202900696545839 ], [ -8144942.50992089137435, 5034898.847201609052718 ], [ -8145026.884482435882092, 5034660.580790046602488 ], [ -8145123.613312065601349, 5034427.056737681850791 ], [ -8145232.431282782927155, 5034198.915117708966136 ], [ -8145353.040132092311978, 5033976.781250451691449 ], [ -8145485.109279523603618, 5033761.263989399187267 ], [ -8145628.276732721365988, 5033552.954052384011447 ], [ -8145782.150079649873078, 5033352.422402462922037 ], [ -8145946.307564158923924, 5033160.218682951293886 ], [ -8146120.299241995438933, 5032976.869710883125663 ], [ -8146303.648214063607156, 5032802.878033046610653 ], [ -8146495.851933575235307, 5032638.720548537559807 ], [ -8146696.383583496324718, 5032484.847201609052718 ], [ -8146904.693520511500537, 5032341.679748411290348 ], [ -8147120.210781564004719, 5032209.610600979998708 ], [ -8147342.344648821279407, 5032089.001751670613885 ], [ -8147570.486268794164062, 5031980.183780953288078 ], [ -8147804.010321158915758, 5031883.454951323568821 ], [ -8148042.276732721365988, 5031799.080389779061079 ], [ -8148284.63243180885911, 5031727.291361127980053 ], [ -8148530.413138295523822, 5031668.284634108655155 ], [ -8148778.945184350013733, 5031622.221942058764398 ], [ -8149029.547360907308757, 5031589.229539613239467 ], [ -8149281.532784823328257, 5031569.397856656461954 ], [ -8149534.210781564004719, 5031562.781250451691449 ], [ -8149786.888778304681182, 5031569.397856656461954 ], [ -8150038.874202219769359, 5031589.229539613239467 ], [ -8150289.476378777995706, 5031622.221942058764398 ], [ -8150538.008424832485616, 5031668.284634108655155 ], [ -8150783.789131319150329, 5031727.291361127980053 ], [ -8151026.14483040664345, 5031799.080389779061079 ], [ -8151264.41124196909368, 5031883.454951323568821 ], [ -8151497.935294333845377, 5031980.183780953288078 ], [ -8151726.076914306730032, 5032089.001751670613885 ], [ -8151948.210781564004719, 5032209.610600979998708 ], [ -8152163.728042616508901, 5032341.679748411290348 ], [ -8152372.037979631684721, 5032484.847201609052718 ], [ -8152572.569629552774131, 5032638.720548537559807 ], [ -8152764.773349064402282, 5032802.878033046610653 ], [ -8152948.122321132570505, 5032976.869710883125663 ], [ -8153122.113998969085515, 5033160.218682951293886 ], [ -8153286.271483478136361, 5033352.422402462922037 ], [ -8153440.14483040664345, 5033552.954052384011447 ], [ -8153583.31228360440582, 5033761.263989399187267 ], [ -8153715.38143103569746, 5033976.781250451691449 ], [ -8153835.990280345082283, 5034198.915117708966136 ], [ -8153944.80825106240809, 5034427.056737681850791 ], [ -8154041.537080692127347, 5034660.580790046602488 ], [ -8154125.911642236635089, 5034898.847201609052718 ], [ -8154197.700670887716115, 5035141.202900696545839 ], [ -8154256.707397907041013, 5035386.983607183210552 ], [ -8154302.77008995693177, 5035635.515653237700462 ], [ -8154335.762492402456701, 5035886.117829794995487 ], [ -8154355.594175359234214, 5036138.103253711014986 ], [ -8154362.210781564004719, 5036390.781250451691449 ], [ -8154355.594175359234214, 5036643.459247192367911 ], [ -8154335.762492402456701, 5036895.444671107456088 ], [ -8154302.77008995693177, 5037146.046847665682435 ], [ -8154256.707397907041013, 5037394.578893720172346 ], [ -8154197.700670887716115, 5037640.359600206837058 ], [ -8154125.911642236635089, 5037882.71529929433018 ], [ -8154041.537080692127347, 5038120.98171085678041 ], [ -8153944.80825106240809, 5038354.505763221532106 ], [ -8153835.990280345082283, 5038582.647383194416761 ], [ -8153715.38143103569746, 5038804.781250451691449 ], [ -8153583.31228360440582, 5039020.298511504195631 ], [ -8153440.14483040664345, 5039228.60844851937145 ], [ -8153286.271483478136361, 5039429.140098440460861 ], [ -8153122.113998969085515, 5039621.343817952089012 ], [ -8152948.122321132570505, 5039804.692790020257235 ], [ -8152764.773349064402282, 5039978.684467856772244 ], [ -8152572.569629552774131, 5040142.84195236582309 ], [ -8152372.037979631684721, 5040296.71529929433018 ], [ -8152163.728042616508901, 5040439.88275249209255 ], [ -8151948.210781564004719, 5040571.95189992338419 ], [ -8151726.076914306730032, 5040692.560749232769012 ], [ -8151497.935294333845377, 5040801.378719950094819 ], [ -8151264.41124196909368, 5040898.107549579814076 ], [ -8151026.14483040664345, 5040982.482111124321818 ], [ -8150783.789131319150329, 5041054.271139775402844 ], [ -8150538.008424832485616, 5041113.277866794727743 ], [ -8150289.476378777995706, 5041159.340558844618499 ], [ -8150038.874202220700681, 5041192.33296129014343 ], [ -8149786.888778304681182, 5041212.164644246920943 ], [ -8149534.210781564004719, 5041218.781250451691449 ], [ -8149281.532784823328257, 5041212.164644246920943 ], [ -8149029.54736090824008, 5041192.33296129014343 ], [ -8148778.945184350013733, 5041159.340558844618499 ], [ -8148530.413138295523822, 5041113.277866794727743 ], [ -8148284.63243180885911, 5041054.271139775402844 ], [ -8148042.276732721365988, 5040982.482111124321818 ], [ -8147804.010321158915758, 5040898.107549579814076 ], [ -8147570.486268794164062, 5040801.378719950094819 ], [ -8147342.344648821279407, 5040692.560749232769012 ], [ -8147120.210781564004719, 5040571.95189992338419 ], [ -8146904.693520511500537, 5040439.88275249209255 ], [ -8146696.383583496324718, 5040296.71529929433018 ], [ -8146495.851933575235307, 5040142.84195236582309 ], [ -8146303.648214063607156, 5039978.684467856772244 ], [ -8146120.299241995438933, 5039804.692790020257235 ], [ -8145946.307564158923924, 5039621.343817952089012 ], [ -8145782.150079649873078, 5039429.140098440460861 ], [ -8145628.276732721365988, 5039228.60844851937145 ], [ -8145485.109279523603618, 5039020.298511504195631 ], [ -8145353.040132092311978, 5038804.781250451691449 ], [ -8145232.431282782927155, 5038582.647383194416761 ], [ -8145123.613312065601349, 5038354.505763221532106 ], [ -8145026.884482435882092, 5038120.98171085678041 ], [ -8144942.50992089137435, 5037882.71529929433018 ], [ -8144870.720892240293324, 5037640.359600206837058 ], [ -8144811.714165220968425, 5037394.578893720172346 ], [ -8144765.651473171077669, 5037146.046847665682435 ], [ -8144732.659070725552738, 5036895.444671108387411 ], [ -8144712.827387768775225, 5036643.459247192367911 ], [ -8144706.210781564004719, 5036390.781250451691449 ] ] ] } },
{ "type": "Feature", "properties": { "facility_name": "Wheelabrator Lisbon", "state": "CT" }, "geometry": { "type": "Polygon", "coordinates": [ [ [ -8014840.636787300929427, 5098918.552770010195673 ], [ -8014847.253393505699933, 5098665.87477326951921 ], [ -8014867.085076462477446, 5098413.889349353499711 ], [ -8014900.077478908002377, 5098163.287172796204686 ], [ -8014946.140170957893133, 5097914.755126741714776 ], [ -8015005.146897977218032, 5097668.974420255050063 ], [ -8015076.935926628299057, 5097426.618721167556942 ], [ -8015161.310488172806799, 5097188.352309605106711 ], [ -8015258.039317802526057, 5096954.828257240355015 ], [ -8015366.857288519851863, 5096726.68663726747036 ], [ -8015487.466137829236686, 5096504.552770010195673 ], [ -8015619.535285260528326, 5096289.035508957691491 ], [ -8015762.702738458290696, 5096080.725571942515671 ], [ -8015916.576085386797786, 5095880.19392202142626 ], [ -8016080.733569895848632, 5095687.99020250979811 ], [ -8016254.725247732363641, 5095504.641230441629887 ], [ -8016438.074219800531864, 5095330.649552605114877 ], [ -8016630.277939312160015, 5095166.492068096064031 ], [ -8016830.809589233249426, 5095012.618721167556942 ], [ -8017039.119526248425245, 5094869.451267969794571 ], [ -8017254.636787300929427, 5094737.382120538502932 ], [ -8017476.770654558204114, 5094616.773271229118109 ], [ -8017704.912274531088769, 5094507.955300511792302 ], [ -8017938.436326895840466, 5094411.226470882073045 ], [ -8018176.702738458290696, 5094326.851909337565303 ], [ -8018419.058437545783818, 5094255.062880686484277 ], [ -8018664.83914403244853, 5094196.056153667159379 ], [ -8018913.371190086938441, 5094149.993461617268622 ], [ -8019163.973366644233465, 5094117.001059171743691 ], [ -8019415.958790560252964, 5094097.169376214966178 ], [ -8019668.636787300929427, 5094090.552770010195673 ], [ -8019921.31478404160589, 5094097.169376214966178 ], [ -8020173.300207957625389, 5094117.001059171743691 ], [ -8020423.902384514920413, 5094149.993461617268622 ], [ -8020672.434430569410324, 5094196.056153667159379 ], [ -8020918.215137056075037, 5094255.062880686484277 ], [ -8021160.570836143568158, 5094326.851909337565303 ], [ -8021398.837247706018388, 5094411.226470882073045 ], [ -8021632.361300070770085, 5094507.955300511792302 ], [ -8021860.50292004365474, 5094616.773271229118109 ], [ -8022082.636787300929427, 5094737.382120538502932 ], [ -8022298.154048353433609, 5094869.451267969794571 ], [ -8022506.463985368609428, 5095012.618721167556942 ], [ -8022706.995635289698839, 5095166.492068096064031 ], [ -8022899.19935480132699, 5095330.649552605114877 ], [ -8023082.548326869495213, 5095504.641230441629887 ], [ -8023256.540004706010222, 5095687.99020250979811 ], [ -8023420.697489215061069, 5095880.19392202142626 ], [ -8023574.570836143568158, 5096080.725571942515671 ], [ -8023717.738289341330528, 5096289.035508957691491 ], [ -8023849.807436772622168, 5096504.552770010195673 ], [ -8023970.416286082006991, 5096726.68663726747036 ], [ -8024079.234256799332798, 5096954.828257240355015 ], [ -8024175.963086429052055, 5097188.352309605106711 ], [ -8024260.337647973559797, 5097426.618721167556942 ], [ -8024332.126676624640822, 5097668.974420255050063 ], [ -8024391.133403643965721, 5097914.755126741714776 ], [ -8024437.196095693856478, 5098163.287172796204686 ], [ -8024470.188498139381409, 5098413.889349353499711 ], [ -8024490.020181096158922, 5098665.87477326951921 ], [ -8024496.636787300929427, 5098918.552770010195673 ], [ -8024490.020181096158922, 5099171.230766750872135 ], [ -8024470.188498139381409, 5099423.216190665960312 ], [ -8024437.196095693856478, 5099673.818367224186659 ], [ -8024391.133403643965721, 5099922.350413278676569 ], [ -8024332.126676624640822, 5100168.131119765341282 ], [ -8024260.337647973559797, 5100410.486818852834404 ], [ -8024175.963086429052055, 5100648.753230415284634 ], [ -8024079.234256799332798, 5100882.27728278003633 ], [ -8023970.416286082006991, 5101110.418902752920985 ], [ -8023849.807436772622168, 5101332.552770010195673 ], [ -8023717.738289341330528, 5101548.070031062699854 ], [ -8023574.570836143568158, 5101756.379968077875674 ], [ -8023420.697489215061069, 5101956.911617998965085 ], [ -8023256.540004706010222, 5102149.115337510593235 ], [ -8023082.548326869495213, 5102332.464309578761458 ], [ -8022899.19935480132699, 5102506.455987415276468 ], [ -8022706.995635289698839, 5102670.613471924327314 ], [ -8022506.463985368609428, 5102824.486818852834404 ], [ -8022298.154048353433609, 5102967.654272050596774 ], [ -8022082.636787300929427, 5103099.723419481888413 ], [ -8021860.50292004365474, 5103220.332268791273236 ], [ -8021632.361300070770085, 5103329.150239508599043 ], [ -8021398.837247706018388, 5103425.8790691383183 ], [ -8021160.570836143568158, 5103510.253630682826042 ], [ -8020918.215137056075037, 5103582.042659333907068 ], [ -8020672.434430569410324, 5103641.049386353231966 ], [ -8020423.902384514920413, 5103687.112078403122723 ], [ -8020173.300207957625389, 5103720.104480848647654 ], [ -8019921.31478404160589, 5103739.936163805425167 ], [ -8019668.636787300929427, 5103746.552770010195673 ], [ -8019415.958790560252964, 5103739.936163805425167 ], [ -8019163.973366645164788, 5103720.104480848647654 ], [ -8018913.371190086938441, 5103687.112078403122723 ], [ -8018664.83914403244853, 5103641.049386353231966 ], [ -8018419.058437545783818, 5103582.042659333907068 ], [ -8018176.702738458290696, 5103510.253630682826042 ], [ -8017938.436326895840466, 5103425.8790691383183 ], [ -8017704.912274531088769, 5103329.150239508599043 ], [ -8017476.770654558204114, 5103220.332268791273236 ], [ -8017254.636787300929427, 5103099.723419481888413 ], [ -8017039.119526248425245, 5102967.654272050596774 ], [ -8016830.809589233249426, 5102824.486818852834404 ], [ -8016630.277939312160015, 5102670.613471924327314 ], [ -8016438.074219800531864, 5102506.455987415276468 ], [ -8016254.725247732363641, 5102332.464309578761458 ], [ -8016080.733569895848632, 5102149.115337510593235 ], [ -8015916.576085386797786, 5101956.911617998965085 ], [ -8015762.702738458290696, 5101756.379968077875674 ], [ -8015619.535285260528326, 5101548.070031062699854 ], [ -8015487.466137829236686, 5101332.552770010195673 ], [ -8015366.857288519851863, 5101110.418902752920985 ], [ -8015258.039317802526057, 5100882.27728278003633 ], [ -8015161.310488172806799, 5100648.753230415284634 ], [ -8015076.935926628299057, 5100410.486818852834404 ], [ -8015005.146897977218032, 5100168.131119765341282 ], [ -8014946.140170957893133, 5099922.350413278676569 ], [ -8014900.077478908002377, 5099673.818367224186659 ], [ -8014867.085076462477446, 5099423.216190666891634 ], [ -8014847.253393505699933, 5099171.230766750872135 ], [ -8014840.636787300929427, 5098918.552770010195673 ] ] ] } },
{ "type": "Feature", "properties": { "facility_name": "Bay County Waste Facility", "state": "FL" }, "geometry": { "type": "Polygon", "coordinates": [ [ [ -9515193.835520895197988, 3537796.147366978693753 ], [ -9515200.452127100899816, 3537543.46937023755163 ], [ -9515220.283810056746006, 3537291.483946322463453 ], [ -9515253.276212502270937, 3537040.881769764237106 ], [ -9515299.338904552161694, 3536792.349723710678518 ], [ -9515358.345631571486592, 3536546.569017223548144 ], [ -9515430.134660221636295, 3536304.213318136520684 ], [ -9515514.509221766144037, 3536065.946906574070454 ], [ -9515611.238051395863295, 3535832.422854208853096 ], [ -9515720.056022113189101, 3535604.281234235968441 ], [ -9515840.664871424436569, 3535382.147366978693753 ], [ -9515972.734018854796886, 3535166.630105926189572 ], [ -9516115.901472052559257, 3534958.320168910548091 ], [ -9516269.774818981066346, 3534757.788518989924341 ], [ -9516433.932303490117192, 3534565.584799478296191 ], [ -9516607.923981325700879, 3534382.235827410127968 ], [ -9516791.272953394800425, 3534208.244149573612958 ], [ -9516983.476672906428576, 3534044.086665064562112 ], [ -9517184.008322827517986, 3533890.213318136520684 ], [ -9517392.318259842693806, 3533747.045864938292652 ], [ -9517607.835520895197988, 3533614.976717507466674 ], [ -9517829.969388153403997, 3533494.367868197150528 ], [ -9518058.111008124426007, 3533385.549897480290383 ], [ -9518291.635060491040349, 3533288.821067850105464 ], [ -9518529.901472052559257, 3533204.446506305597723 ], [ -9518772.257171140983701, 3533132.657477654982358 ], [ -9519018.037877626717091, 3533073.650750635657459 ], [ -9519266.569923680275679, 3533027.588058585301042 ], [ -9519517.172100238502026, 3532994.595656140707433 ], [ -9519769.157524153590202, 3532974.763973183464259 ], [ -9520021.835520895197988, 3532968.147366978693753 ], [ -9520274.513517636805773, 3532974.763973183464259 ], [ -9520526.49894155189395, 3532994.595656140707433 ], [ -9520777.101118110120296, 3533027.588058585301042 ], [ -9521025.633164163678885, 3533073.650750635657459 ], [ -9521271.413870649412274, 3533132.657477654982358 ], [ -9521513.769569737836719, 3533204.446506305597723 ], [ -9521752.035981299355626, 3533288.821067850105464 ], [ -9521985.560033665969968, 3533385.549897480290383 ], [ -9522213.701653636991978, 3533494.367868197150528 ], [ -9522435.835520895197988, 3533614.976717507466674 ], [ -9522651.352781947702169, 3533747.045864938292652 ], [ -9522859.662718962877989, 3533890.213318136520684 ], [ -9523060.1943688839674, 3534044.086665064562112 ], [ -9523252.398088395595551, 3534208.244149573612958 ], [ -9523435.747060464695096, 3534382.235827410127968 ], [ -9523609.738738300278783, 3534565.584799478296191 ], [ -9523773.896222809329629, 3534757.788518989924341 ], [ -9523927.769569737836719, 3534958.320168910548091 ], [ -9524070.937022935599089, 3535166.630105926189572 ], [ -9524203.006170365959406, 3535382.147366978693753 ], [ -9524323.615019677206874, 3535604.281234235968441 ], [ -9524432.432990394532681, 3535832.422854208853096 ], [ -9524529.161820024251938, 3536065.946906574070454 ], [ -9524613.53638156875968, 3536304.213318136520684 ], [ -9524685.325410218909383, 3536546.569017223548144 ], [ -9524744.332137238234282, 3536792.349723710678518 ], [ -9524790.394829288125038, 3537040.881769764237106 ], [ -9524823.387231733649969, 3537291.483946322463453 ], [ -9524843.21891468949616, 3537543.46937023755163 ], [ -9524849.835520895197988, 3537796.147366978693753 ], [ -9524843.21891468949616, 3538048.825363719835877 ], [ -9524823.387231733649969, 3538300.810787634924054 ], [ -9524790.394829288125038, 3538551.412964193150401 ], [ -9524744.332137238234282, 3538799.945010246708989 ], [ -9524685.325410218909383, 3539045.725716733839363 ], [ -9524613.53638156875968, 3539288.081415820866823 ], [ -9524529.161820024251938, 3539526.347827383317053 ], [ -9524432.432990394532681, 3539759.871879748534411 ], [ -9524323.615019677206874, 3539988.013499721419066 ], [ -9524203.006170365959406, 3540210.147366978693753 ], [ -9524070.937022935599089, 3540425.664628031197935 ], [ -9523927.769569737836719, 3540633.974565046839416 ], [ -9523773.896222809329629, 3540834.506214967463166 ], [ -9523609.738738300278783, 3541026.709934479091316 ], [ -9523435.747060464695096, 3541210.058906547259539 ], [ -9523252.398088395595551, 3541384.050584383774549 ], [ -9523060.1943688839674, 3541548.208068892825395 ], [ -9522859.662718962877989, 3541702.081415820866823 ], [ -9522651.352781947702169, 3541845.248869019094855 ], [ -9522435.835520895197988, 3541977.318016449920833 ], [ -9522213.701653636991978, 3542097.926865760236979 ], [ -9521985.560033665969968, 3542206.744836477097124 ], [ -9521752.035981299355626, 3542303.473666107282043 ], [ -9521513.769569737836719, 3542387.848227651789784 ], [ -9521271.413870649412274, 3542459.637256302405149 ], [ -9521025.633164163678885, 3542518.643983321730047 ], [ -9520777.101118110120296, 3542564.706675372086465 ], [ -9520526.49894155189395, 3542597.699077816680074 ], [ -9520274.513517636805773, 3542617.530760773923248 ], [ -9520021.835520895197988, 3542624.147366978693753 ], [ -9519769.157524153590202, 3542617.530760773923248 ], [ -9519517.172100238502026, 3542597.699077816680074 ], [ -9519266.569923680275679, 3542564.706675372086465 ], [ -9519018.037877626717091, 3542518.643983321730047 ], [ -9518772.257171140983701, 3542459.637256302405149 ], [ -9518529.901472052559257, 3542387.848227651789784 ], [ -9518291.635060491040349, 3542303.473666107282043 ], [ -9518058.111008124426007, 3542206.744836477097124 ], [ -9517829.969388153403997, 3542097.926865760236979 ], [ -9517607.835520895197988, 3541977.318016449920833 ], [ -9517392.318259842693806, 3541845.248869019094855 ], [ -9517184.008322827517986, 3541702.081415820866823 ], [ -9516983.476672906428576, 3541548.208068892825395 ], [ -9516791.272953394800425, 3541384.050584383774549 ], [ -9516607.923981325700879, 3541210.058906547259539 ], [ -9516433.932303490117192, 3541026.709934479091316 ], [ -9516269.774818981066346, 3540834.506214967463166 ], [ -9516115.901472052559257, 3540633.974565046839416 ], [ -9515972.734018854796886, 3540425.664628031197935 ], [ -9515840.664871424436569, 3540210.147366978693753 ], [ -9515720.056022113189101, 3539988.013499721419066 ], [ -9515611.238051395863295, 3539759.871879748534411 ], [ -9515514.509221766144037, 3539526.347827383317053 ], [ -9515430.134660221636295, 3539288.081415820866823 ], [ -9515358.345631571486592, 3539045.725716733839363 ], [ -9515299.338904552161694, 3538799.945010246708989 ], [ -9515253.276212502270937, 3538551.412964193150401 ], [ -9515220.283810056746006, 3538300.810787634924054 ], [ -9515200.452127100899816, 3538048.825363719835877 ], [ -9515193.835520895197988, 3537796.147366978693753 ] ] ] } },
{ "type": "Feature", "properties": { "facility_name": "Hillsborough County Resource Recovery Facility ", "state": "FL" }, "geometry": { "type": "Polygon", "coordinates": [ [ [ -9160697.117464797571301, 3243374.824179530143738 ], [ -9160703.734071003273129, 3243122.146182789001614 ], [ -9160723.56575395911932, 3242870.160758873913437 ], [ -9160756.558156404644251, 3242619.55858231568709 ], [ -9160802.620848454535007, 3242371.026536262128502 ], [ -9160861.627575473859906, 3242125.245829774998128 ], [ -9160933.416604124009609, 3241882.890130687970668 ], [ -9161017.791165668517351, 3241644.623719125520438 ], [ -9161114.519995298236609, 3241411.09966676030308 ], [ -9161223.337966015562415, 3241182.958046787418425 ], [ -9161343.946815326809883, 3240960.824179530143738 ], [ -9161476.0159627571702, 3240745.306918477639556 ], [ -9161619.18341595493257, 3240536.996981461998075 ], [ -9161773.05676288343966, 3240336.465331541374326 ], [ -9161937.214247392490506, 3240144.261612029746175 ], [ -9162111.205925228074193, 3239960.912639961577952 ], [ -9162294.554897297173738, 3239786.920962125062943 ], [ -9162486.758616808801889, 3239622.763477616012096 ], [ -9162687.2902667298913, 3239468.890130687970668 ], [ -9162895.60020374506712, 3239325.722677489742637 ], [ -9163111.117464797571301, 3239193.653530058916658 ], [ -9163333.251332055777311, 3239073.044680748600513 ], [ -9163561.392952026799321, 3238964.226710031740367 ], [ -9163794.917004393413663, 3238867.497880401555449 ], [ -9164033.18341595493257, 3238783.123318857047707 ], [ -9164275.539115043357015, 3238711.334290206432343 ], [ -9164521.319821529090405, 3238652.327563187107444 ], [ -9164769.851867582648993, 3238606.264871136751026 ], [ -9165020.45404414087534, 3238573.272468692157418 ], [ -9165272.439468055963516, 3238553.440785734914243 ], [ -9165525.117464797571301, 3238546.824179530143738 ], [ -9165777.795461539179087, 3238553.440785734914243 ], [ -9166029.780885454267263, 3238573.272468692157418 ], [ -9166280.38306201249361, 3238606.264871136751026 ], [ -9166528.915108066052198, 3238652.327563187107444 ], [ -9166774.695814551785588, 3238711.334290206432343 ], [ -9167017.051513640210032, 3238783.123318857047707 ], [ -9167255.31792520172894, 3238867.497880401555449 ], [ -9167488.841977568343282, 3238964.226710031740367 ], [ -9167716.983597539365292, 3239073.044680748600513 ], [ -9167939.117464797571301, 3239193.653530058916658 ], [ -9168154.634725850075483, 3239325.722677489742637 ], [ -9168362.944662865251303, 3239468.890130687970668 ], [ -9168563.476312786340714, 3239622.763477616012096 ], [ -9168755.680032297968864, 3239786.920962125062943 ], [ -9168939.02900436706841, 3239960.912639961577952 ], [ -9169113.020682202652097, 3240144.261612029746175 ], [ -9169277.178166711702943, 3240336.465331541374326 ], [ -9169431.051513640210032, 3240536.996981461998075 ], [ -9169574.218966837972403, 3240745.306918477639556 ], [ -9169706.28811426833272, 3240960.824179530143738 ], [ -9169826.896963579580188, 3241182.958046787418425 ], [ -9169935.714934296905994, 3241411.09966676030308 ], [ -9170032.443763926625252, 3241644.623719125520438 ], [ -9170116.818325471132994, 3241882.890130687970668 ], [ -9170188.607354121282697, 3242125.245829774998128 ], [ -9170247.614081140607595, 3242371.026536262128502 ], [ -9170293.676773190498352, 3242619.55858231568709 ], [ -9170326.669175636023283, 3242870.160758873913437 ], [ -9170346.500858591869473, 3243122.146182789001614 ], [ -9170353.117464797571301, 3243374.824179530143738 ], [ -9170346.500858591869473, 3243627.502176271285862 ], [ -9170326.669175636023283, 3243879.487600186374038 ], [ -9170293.676773190498352, 3244130.089776744600385 ], [ -9170247.614081140607595, 3244378.621822798158973 ], [ -9170188.607354121282697, 3244624.402529285289347 ], [ -9170116.818325471132994, 3244866.758228372316808 ], [ -9170032.443763926625252, 3245105.024639934767038 ], [ -9169935.714934296905994, 3245338.548692299984396 ], [ -9169826.896963579580188, 3245566.690312272869051 ], [ -9169706.28811426833272, 3245788.824179530143738 ], [ -9169574.218966837972403, 3246004.34144058264792 ], [ -9169431.051513640210032, 3246212.6513775982894 ], [ -9169277.178166711702943, 3246413.18302751891315 ], [ -9169113.020682202652097, 3246605.386747030541301 ], [ -9168939.02900436706841, 3246788.735719098709524 ], [ -9168755.680032297968864, 3246962.727396935224533 ], [ -9168563.476312786340714, 3247126.884881444275379 ], [ -9168362.944662865251303, 3247280.758228372316808 ], [ -9168154.634725850075483, 3247423.925681570544839 ], [ -9167939.117464797571301, 3247555.994829001370817 ], [ -9167716.983597539365292, 3247676.603678311686963 ], [ -9167488.841977568343282, 3247785.421649028547108 ], [ -9167255.31792520172894, 3247882.150478658732027 ], [ -9167017.051513640210032, 3247966.525040203239769 ], [ -9166774.695814551785588, 3248038.314068853855133 ], [ -9166528.915108066052198, 3248097.320795873180032 ], [ -9166280.38306201249361, 3248143.38348792353645 ], [ -9166029.780885454267263, 3248176.375890368130058 ], [ -9165777.795461539179087, 3248196.207573325373232 ], [ -9165525.117464797571301, 3248202.824179530143738 ], [ -9165272.439468055963516, 3248196.207573325373232 ], [ -9165020.45404414087534, 3248176.375890368130058 ], [ -9164769.851867582648993, 3248143.38348792353645 ], [ -9164521.319821529090405, 3248097.320795873180032 ], [ -9164275.539115043357015, 3248038.314068853855133 ], [ -9164033.18341595493257, 3247966.525040203239769 ], [ -9163794.917004393413663, 3247882.150478658732027 ], [ -9163561.392952026799321, 3247785.421649028547108 ], [ -9163333.251332055777311, 3247676.603678311686963 ], [ -9163111.117464797571301, 3247555.994829001370817 ], [ -9162895.60020374506712, 3247423.925681570544839 ], [ -9162687.2902667298913, 3247280.758228372316808 ], [ -9162486.758616808801889, 3247126.884881444275379 ], [ -9162294.554897297173738, 3246962.727396935224533 ], [ -9162111.205925228074193, 3246788.735719098709524 ], [ -9161937.214247392490506, 3246605.386747030541301 ], [ -9161773.05676288343966, 3246413.18302751891315 ], [ -9161619.18341595493257, 3246212.6513775982894 ], [ -9161476.0159627571702, 3246004.34144058264792 ], [ -9161343.946815326809883, 3245788.824179530143738 ], [ -9161223.337966015562415, 3245566.690312272869051 ], [ -9161114.519995298236609, 3245338.548692299984396 ], [ -9161017.791165668517351, 3245105.024639934767038 ], [ -9160933.416604124009609, 3244866.758228372316808 ], [ -9160861.627575473859906, 3244624.402529285289347 ], [ -9160802.620848454535007, 3244378.621822798158973 ], [ -9160756.558156404644251, 3244130.089776744600385 ], [ -9160723.56575395911932, 3243879.487600186374038 ], [ -9160703.734071003273129, 3243627.502176271285862 ], [ -9160697.117464797571301, 3243374.824179530143738 ] ] ] } },
{ "type": "Feature", "properties": { "facility_name": "Lake County Resource Recovery Facility", "state": "FL" }, "geometry": { "type": "Polygon", "coordinates": [ [ [ -9111062.751014379784465, 3342700.928330917377025 ], [ -9111069.367620585486293, 3342448.250334176234901 ], [ -9111089.199303541332483, 3342196.264910261146724 ], [ -9111122.191705986857414, 3341945.662733702920377 ], [ -9111168.254398036748171, 3341697.130687649361789 ], [ -9111227.26112505607307, 3341451.349981162231416 ], [ -9111299.050153706222773, 3341208.994282075203955 ], [ -9111383.424715250730515, 3340970.727870512753725 ], [ -9111480.153544880449772, 3340737.203818147536367 ], [ -9111588.971515597775578, 3340509.062198174651712 ], [ -9111709.580364909023046, 3340286.928330917377025 ], [ -9111841.649512339383364, 3340071.411069864872843 ], [ -9111984.816965537145734, 3339863.101132849231362 ], [ -9112138.690312465652823, 3339662.569482928607613 ], [ -9112302.84779697470367, 3339470.365763416979462 ], [ -9112476.839474810287356, 3339287.016791348811239 ], [ -9112660.188446879386902, 3339113.02511351229623 ], [ -9112852.392166391015053, 3338948.867629003245384 ], [ -9113052.923816312104464, 3338794.994282075203955 ], [ -9113261.233753327280283, 3338651.826828876975924 ], [ -9113476.751014379784465, 3338519.757681446149945 ], [ -9113698.884881637990475, 3338399.1488321358338 ], [ -9113927.026501609012485, 3338290.330861418973655 ], [ -9114160.550553975626826, 3338193.602031788788736 ], [ -9114398.816965537145734, 3338109.227470244280994 ], [ -9114641.172664625570178, 3338037.43844159366563 ], [ -9114886.953371111303568, 3337978.431714574340731 ], [ -9115135.485417164862156, 3337932.369022523984313 ], [ -9115386.087593723088503, 3337899.376620079390705 ], [ -9115638.07301763817668, 3337879.54493712214753 ], [ -9115890.751014379784465, 3337872.928330917377025 ], [ -9116143.42901112139225, 3337879.54493712214753 ], [ -9116395.414435036480427, 3337899.376620079390705 ], [ -9116646.016611594706774, 3337932.369022523984313 ], [ -9116894.548657648265362, 3337978.431714574340731 ], [ -9117140.329364133998752, 3338037.43844159366563 ], [ -9117382.685063222423196, 3338109.227470244280994 ], [ -9117620.951474783942103, 3338193.602031788788736 ], [ -9117854.475527150556445, 3338290.330861418973655 ], [ -9118082.617147121578455, 3338399.1488321358338 ], [ -9118304.751014379784465, 3338519.757681446149945 ], [ -9118520.268275432288647, 3338651.826828876975924 ], [ -9118728.578212447464466, 3338794.994282075203955 ], [ -9118929.109862368553877, 3338948.867629003245384 ], [ -9119121.313581880182028, 3339113.02511351229623 ], [ -9119304.662553949281573, 3339287.016791348811239 ], [ -9119478.65423178486526, 3339470.365763416979462 ], [ -9119642.811716293916106, 3339662.569482928607613 ], [ -9119796.685063222423196, 3339863.101132849231362 ], [ -9119939.852516420185566, 3340071.411069864872843 ], [ -9120071.921663850545883, 3340286.928330917377025 ], [ -9120192.530513161793351, 3340509.062198174651712 ], [ -9120301.348483879119158, 3340737.203818147536367 ], [ -9120398.077313508838415, 3340970.727870512753725 ], [ -9120482.451875053346157, 3341208.994282075203955 ], [ -9120554.24090370349586, 3341451.349981162231416 ], [ -9120613.247630722820759, 3341697.130687649361789 ], [ -9120659.310322772711515, 3341945.662733702920377 ], [ -9120692.302725218236446, 3342196.264910261146724 ], [ -9120712.134408174082637, 3342448.250334176234901 ], [ -9120718.751014379784465, 3342700.928330917377025 ], [ -9120712.134408174082637, 3342953.606327658519149 ], [ -9120692.302725218236446, 3343205.591751573607326 ], [ -9120659.310322772711515, 3343456.193928131833673 ], [ -9120613.247630722820759, 3343704.725974185392261 ], [ -9120554.24090370349586, 3343950.506680672522634 ], [ -9120482.451875053346157, 3344192.862379759550095 ], [ -9120398.077313508838415, 3344431.128791322000325 ], [ -9120301.348483879119158, 3344664.652843687217683 ], [ -9120192.530513161793351, 3344892.794463660102338 ], [ -9120071.921663850545883, 3345114.928330917377025 ], [ -9119939.852516420185566, 3345330.445591969881207 ], [ -9119796.685063222423196, 3345538.755528985522687 ], [ -9119642.811716293916106, 3345739.287178906146437 ], [ -9119478.65423178486526, 3345931.490898417774588 ], [ -9119304.662553949281573, 3346114.839870485942811 ], [ -9119121.313581880182028, 3346288.83154832245782 ], [ -9118929.109862368553877, 3346452.989032831508666 ], [ -9118728.578212447464466, 3346606.862379759550095 ], [ -9118520.268275432288647, 3346750.029832957778126 ], [ -9118304.751014379784465, 3346882.098980388604105 ], [ -9118082.617147121578455, 3347002.70782969892025 ], [ -9117854.475527150556445, 3347111.525800415780395 ], [ -9117620.951474783942103, 3347208.254630045965314 ], [ -9117382.685063222423196, 3347292.629191590473056 ], [ -9117140.329364133998752, 3347364.41822024108842 ], [ -9116894.548657648265362, 3347423.424947260413319 ], [ -9116646.016611594706774, 3347469.487639310769737 ], [ -9116395.414435036480427, 3347502.480041755363345 ], [ -9116143.42901112139225, 3347522.311724712606519 ], [ -9115890.751014379784465, 3347528.928330917377025 ], [ -9115638.07301763817668, 3347522.311724712606519 ], [ -9115386.087593723088503, 3347502.480041755363345 ], [ -9115135.485417164862156, 3347469.487639310769737 ], [ -9114886.953371111303568, 3347423.424947260413319 ], [ -9114641.172664625570178, 3347364.41822024108842 ], [ -9114398.816965537145734, 3347292.629191590473056 ], [ -9114160.550553975626826, 3347208.254630045965314 ], [ -9113927.026501609012485, 3347111.525800415780395 ], [ -9113698.884881637990475, 3347002.70782969892025 ], [ -9113476.751014379784465, 3346882.098980388604105 ], [ -9113261.233753327280283, 3346750.029832957778126 ], [ -9113052.923816312104464, 3346606.862379759550095 ], [ -9112852.392166391015053, 3346452.989032831508666 ], [ -9112660.188446879386902, 3346288.83154832245782 ], [ -9112476.839474810287356, 3346114.839870485942811 ], [ -9112302.84779697470367, 3345931.490898417774588 ], [ -9112138.690312465652823, 3345739.287178906146437 ], [ -9111984.816965537145734, 3345538.755528985522687 ], [ -9111841.649512339383364, 3345330.445591969881207 ], [ -9111709.580364909023046, 3345114.928330917377025 ], [ -9111588.971515597775578, 3344892.794463660102338 ], [ -9111480.153544880449772, 3344664.652843687217683 ], [ -9111383.424715250730515, 3344431.128791322000325 ], [ -9111299.050153706222773, 3344192.862379759550095 ], [ -9111227.26112505607307, 3343950.506680672522634 ], [ -9111168.254398036748171, 3343704.725974185392261 ], [ -9111122.191705986857414, 3343456.193928131833673 ], [ -9111089.199303541332483, 3343205.591751573607326 ], [ -9111069.367620585486293, 3342953.606327658519149 ], [ -9111062.751014379784465, 3342700.928330917377025 ] ] ] } },
{ "type": "Feature", "properties": { "facility_name": "Lee County Resource Recovery Facility ", "state": "FL" }, "geometry": { "type": "Polygon", "coordinates": [ [ [ -9097009.956607820466161, 3077002.359526901505888 ], [ -9097016.573214026167989, 3076749.681530160363764 ], [ -9097036.404896982014179, 3076497.696106245275587 ], [ -9097069.39729942753911, 3076247.09392968704924 ], [ -9097115.459991477429867, 3075998.561883633490652 ], [ -9097174.466718496754766, 3075752.781177146360278 ], [ -9097246.255747146904469, 3075510.425478059332818 ], [ -9097330.63030869141221, 3075272.159066496882588 ], [ -9097427.359138321131468, 3075038.63501413166523 ], [ -9097536.177109038457274, 3074810.493394158780575 ], [ -9097656.785958349704742, 3074588.359526901505888 ], [ -9097788.85510578006506, 3074372.842265849001706 ], [ -9097932.02255897782743, 3074164.532328833360225 ], [ -9098085.895905906334519, 3073964.000678912736475 ], [ -9098250.053390415385365, 3073771.796959401108325 ], [ -9098424.045068250969052, 3073588.447987332940102 ], [ -9098607.394040320068598, 3073414.456309496425092 ], [ -9098799.597759831696749, 3073250.298824987374246 ], [ -9099000.12940975278616, 3073096.425478059332818 ], [ -9099208.439346767961979, 3072953.258024861104786 ], [ -9099423.956607820466161, 3072821.188877430278808 ], [ -9099646.090475078672171, 3072700.580028119962662 ], [ -9099874.23209504969418, 3072591.762057403102517 ], [ -9100107.756147416308522, 3072495.033227772917598 ], [ -9100346.02255897782743, 3072410.658666228409857 ], [ -9100588.378258066251874, 3072338.869637577794492 ], [ -9100834.158964551985264, 3072279.862910558469594 ], [ -9101082.691010605543852, 3072233.800218508113176 ], [ -9101333.293187163770199, 3072200.807816063519567 ], [ -9101585.278611078858376, 3072180.976133106276393 ], [ -9101837.956607820466161, 3072174.359526901505888 ], [ -9102090.634604562073946, 3072180.976133106276393 ], [ -9102342.620028477162123, 3072200.807816063519567 ], [ -9102593.22220503538847, 3072233.800218508113176 ], [ -9102841.754251088947058, 3072279.862910558469594 ], [ -9103087.534957574680448, 3072338.869637577794492 ], [ -9103329.890656663104892, 3072410.658666228409857 ], [ -9103568.157068224623799, 3072495.033227772917598 ], [ -9103801.681120591238141, 3072591.762057403102517 ], [ -9104029.822740562260151, 3072700.580028119962662 ], [ -9104251.956607820466161, 3072821.188877430278808 ], [ -9104467.473868872970343, 3072953.258024861104786 ], [ -9104675.783805888146162, 3073096.425478059332818 ], [ -9104876.315455809235573, 3073250.298824987374246 ], [ -9105068.519175320863724, 3073414.456309496425092 ], [ -9105251.868147389963269, 3073588.447987332940102 ], [ -9105425.859825225546956, 3073771.796959401108325 ], [ -9105590.017309734597802, 3073964.000678912736475 ], [ -9105743.890656663104892, 3074164.532328833360225 ], [ -9105887.058109860867262, 3074372.842265849001706 ], [ -9106019.127257291227579, 3074588.359526901505888 ], [ -9106139.736106602475047, 3074810.493394158780575 ], [ -9106248.554077319800854, 3075038.63501413166523 ], [ -9106345.282906949520111, 3075272.159066496882588 ], [ -9106429.657468494027853, 3075510.425478059332818 ], [ -9106501.446497144177556, 3075752.781177146360278 ], [ -9106560.453224163502455, 3075998.561883633490652 ], [ -9106606.515916213393211, 3076247.09392968704924 ], [ -9106639.508318658918142, 3076497.696106245275587 ], [ -9106659.340001614764333, 3076749.681530160363764 ], [ -9106665.956607820466161, 3077002.359526901505888 ], [ -9106659.340001614764333, 3077255.037523642648011 ], [ -9106639.508318658918142, 3077507.022947557736188 ], [ -9106606.515916213393211, 3077757.625124115962535 ], [ -9106560.453224163502455, 3078006.157170169521123 ], [ -9106501.446497144177556, 3078251.937876656651497 ], [ -9106429.657468494027853, 3078494.293575743678957 ], [ -9106345.282906949520111, 3078732.559987306129187 ], [ -9106248.554077319800854, 3078966.084039671346545 ], [ -9106139.736106602475047, 3079194.2256596442312 ], [ -9106019.127257291227579, 3079416.359526901505888 ], [ -9105887.058109860867262, 3079631.876787954010069 ], [ -9105743.890656663104892, 3079840.18672496965155 ], [ -9105590.017309734597802, 3080040.7183748902753 ], [ -9105425.859825225546956, 3080232.92209440190345 ], [ -9105251.868147389963269, 3080416.271066470071673 ], [ -9105068.519175320863724, 3080590.262744306586683 ], [ -9104876.315455809235573, 3080754.420228815637529 ], [ -9104675.783805888146162, 3080908.293575743678957 ], [ -9104467.473868872970343, 3081051.461028941906989 ], [ -9104251.956607820466161, 3081183.530176372732967 ], [ -9104029.822740562260151, 3081304.139025683049113 ], [ -9103801.681120591238141, 3081412.956996399909258 ], [ -9103568.157068224623799, 3081509.685826030094177 ], [ -9103329.890656663104892, 3081594.060387574601918 ], [ -9103087.534957574680448, 3081665.849416225217283 ], [ -9102841.754251088947058, 3081724.856143244542181 ], [ -9102593.22220503538847, 3081770.918835294898599 ], [ -9102342.620028477162123, 3081803.911237739492208 ], [ -9102090.634604562073946, 3081823.742920696735382 ], [ -9101837.956607820466161, 3081830.359526901505888 ], [ -9101585.278611078858376, 3081823.742920696735382 ], [ -9101333.293187163770199, 3081803.911237739492208 ], [ -9101082.691010605543852, 3081770.918835294898599 ], [ -9100834.158964551985264, 3081724.856143244542181 ], [ -9100588.378258066251874, 3081665.849416225217283 ], [ -9100346.02255897782743, 3081594.060387574601918 ], [ -9100107.756147416308522, 3081509.685826030094177 ], [ -9099874.23209504969418, 3081412.956996399909258 ], [ -9099646.090475078672171, 3081304.139025683049113 ], [ -9099423.956607820466161, 3081183.530176372732967 ], [ -9099208.439346767961979, 3081051.461028941906989 ], [ -9099000.12940975278616, 3080908.293575743678957 ], [ -9098799.597759831696749, 3080754.420228815637529 ], [ -9098607.394040320068598, 3080590.262744306586683 ], [ -9098424.045068250969052, 3080416.271066470071673 ], [ -9098250.053390415385365, 3080232.92209440190345 ], [ -9098085.895905906334519, 3080040.7183748902753 ], [ -9097932.02255897782743, 3079840.18672496965155 ], [ -9097788.85510578006506, 3079631.876787954010069 ], [ -9097656.785958349704742, 3079416.359526901505888 ], [ -9097536.177109038457274, 3079194.2256596442312 ], [ -9097427.359138321131468, 3078966.084039671346545 ], [ -9097330.63030869141221, 3078732.559987306129187 ], [ -9097246.255747146904469, 3078494.293575743678957 ], [ -9097174.466718496754766, 3078251.937876656651497 ], [ -9097115.459991477429867, 3078006.157170169521123 ], [ -9097069.39729942753911, 3077757.625124115962535 ], [ -9097036.404896982014179, 3077507.022947557736188 ], [ -9097016.573214026167989, 3077255.037523642648011 ], [ -9097009.956607820466161, 3077002.359526901505888 ] ] ] } },
{ "type": "Feature", "properties": { "facility_name": "McKay Bay Refuse to Energy Facility", "state": "FL" }, "geometry": { "type": "Polygon", "coordinates": [ [ [ -9170284.864831740036607, 3242589.432526671793312 ], [ -9170291.481437945738435, 3242336.754529930651188 ], [ -9170311.313120901584625, 3242084.769106015563011 ], [ -9170344.305523347109556, 3241834.166929457336664 ], [ -9170390.368215397000313, 3241585.634883403778076 ], [ -9170449.374942416325212, 3241339.854176916647702 ], [ -9170521.163971066474915, 3241097.498477829620242 ], [ -9170605.538532610982656, 3240859.232066267170012 ], [ -9170702.267362240701914, 3240625.708013901952654 ], [ -9170811.08533295802772, 3240397.566393929067999 ], [ -9170931.694182269275188, 3240175.432526671793312 ], [ -9171063.763329699635506, 3239959.91526561928913 ], [ -9171206.930782897397876, 3239751.605328603647649 ], [ -9171360.804129825904965, 3239551.0736786830239 ], [ -9171524.961614334955812, 3239358.869959171395749 ], [ -9171698.953292170539498, 3239175.520987103227526 ], [ -9171882.302264239639044, 3239001.529309266712517 ], [ -9172074.505983751267195, 3238837.37182475766167 ], [ -9172275.037633672356606, 3238683.498477829620242 ], [ -9172483.347570687532425, 3238540.331024631392211 ], [ -9172698.864831740036607, 3238408.261877200566232 ], [ -9172920.998698998242617, 3238287.653027890250087 ], [ -9173149.140318969264627, 3238178.835057173389941 ], [ -9173382.664371335878968, 3238082.106227543205023 ], [ -9173620.930782897397876, 3237997.731665998697281 ], [ -9173863.28648198582232, 3237925.942637348081917 ], [ -9174109.06718847155571, 3237866.935910328757018 ], [ -9174357.599234525114298, 3237820.8732182784006 ], [ -9174608.201411083340645, 3237787.880815833806992 ], [ -9174860.186834998428822, 3237768.049132876563817 ], [ -9175112.864831740036607, 3237761.432526671793312 ], [ -9175365.542828481644392, 3237768.049132876563817 ], [ -9175617.528252396732569, 3237787.880815833806992 ], [ -9175868.130428954958916, 3237820.8732182784006 ], [ -9176116.662475008517504, 3237866.935910328757018 ], [ -9176362.443181494250894, 3237925.942637348081917 ], [ -9176604.798880582675338, 3237997.731665998697281 ], [ -9176843.065292144194245, 3238082.106227543205023 ], [ -9177076.589344510808587, 3238178.835057173389941 ], [ -9177304.730964481830597, 3238287.653027890250087 ], [ -9177526.864831740036607, 3238408.261877200566232 ], [ -9177742.382092792540789, 3238540.331024631392211 ], [ -9177950.692029807716608, 3238683.498477829620242 ], [ -9178151.223679728806019, 3238837.37182475766167 ], [ -9178343.42739924043417, 3239001.529309266712517 ], [ -9178526.776371309533715, 3239175.520987103227526 ], [ -9178700.768049145117402, 3239358.869959171395749 ], [ -9178864.925533654168248, 3239551.0736786830239 ], [ -9179018.798880582675338, 3239751.605328603647649 ], [ -9179161.966333780437708, 3239959.91526561928913 ], [ -9179294.035481210798025, 3240175.432526671793312 ], [ -9179414.644330522045493, 3240397.566393929067999 ], [ -9179523.4623012393713, 3240625.708013901952654 ], [ -9179620.191130869090557, 3240859.232066267170012 ], [ -9179704.565692413598299, 3241097.498477829620242 ], [ -9179776.354721063748002, 3241339.854176916647702 ], [ -9179835.361448083072901, 3241585.634883403778076 ], [ -9179881.424140132963657, 3241834.166929457336664 ], [ -9179914.416542578488588, 3242084.769106015563011 ], [ -9179934.248225534334779, 3242336.754529930651188 ], [ -9179940.864831740036607, 3242589.432526671793312 ], [ -9179934.248225534334779, 3242842.110523412935436 ], [ -9179914.416542578488588, 3243094.095947328023612 ], [ -9179881.424140132963657, 3243344.698123886249959 ], [ -9179835.361448083072901, 3243593.230169939808547 ], [ -9179776.354721063748002, 3243839.010876426938921 ], [ -9179704.565692413598299, 3244081.366575513966382 ], [ -9179620.191130869090557, 3244319.632987076416612 ], [ -9179523.4623012393713, 3244553.15703944163397 ], [ -9179414.644330522045493, 3244781.298659414518625 ], [ -9179294.035481210798025, 3245003.432526671793312 ], [ -9179161.966333780437708, 3245218.949787724297494 ], [ -9179018.798880582675338, 3245427.259724739938974 ], [ -9178864.925533654168248, 3245627.791374660562724 ], [ -9178700.768049145117402, 3245819.995094172190875 ], [ -9178526.776371309533715, 3246003.344066240359098 ], [ -9178343.42739924043417, 3246177.335744076874107 ], [ -9178151.223679728806019, 3246341.493228585924953 ], [ -9177950.692029807716608, 3246495.366575513966382 ], [ -9177742.382092792540789, 3246638.534028712194413 ], [ -9177526.864831740036607, 3246770.603176143020391 ], [ -9177304.730964481830597, 3246891.212025453336537 ], [ -9177076.589344510808587, 3247000.029996170196682 ], [ -9176843.065292144194245, 3247096.758825800381601 ], [ -9176604.798880582675338, 3247181.133387344889343 ], [ -9176362.443181494250894, 3247252.922415995504707 ], [ -9176116.662475008517504, 3247311.929143014829606 ], [ -9175868.130428954958916, 3247357.991835065186024 ], [ -9175617.528252396732569, 3247390.984237509779632 ], [ -9175365.542828481644392, 3247410.815920467022806 ], [ -9175112.864831740036607, 3247417.432526671793312 ], [ -9174860.186834998428822, 3247410.815920467022806 ], [ -9174608.201411083340645, 3247390.984237509779632 ], [ -9174357.599234525114298, 3247357.991835065186024 ], [ -9174109.06718847155571, 3247311.929143014829606 ], [ -9173863.28648198582232, 3247252.922415995504707 ], [ -9173620.930782897397876, 3247181.133387344889343 ], [ -9173382.664371335878968, 3247096.758825800381601 ], [ -9173149.140318969264627, 3247000.029996170196682 ], [ -9172920.998698998242617, 3246891.212025453336537 ], [ -9172698.864831740036607, 3246770.603176143020391 ], [ -9172483.347570687532425, 3246638.534028712194413 ], [ -9172275.037633672356606, 3246495.366575513966382 ], [ -9172074.505983751267195, 3246341.493228585924953 ], [ -9171882.302264239639044, 3246177.335744076874107 ], [ -9171698.953292170539498, 3246003.344066240359098 ], [ -9171524.961614334955812, 3245819.995094172190875 ], [ -9171360.804129825904965, 3245627.791374660562724 ], [ -9171206.930782897397876, 3245427.259724739938974 ], [ -9171063.763329699635506, 3245218.949787724297494 ], [ -9170931.694182269275188, 3245003.432526671793312 ], [ -9170811.08533295802772, 3244781.298659414518625 ], [ -9170702.267362240701914, 3244553.15703944163397 ], [ -9170605.538532610982656, 3244319.632987076416612 ], [ -9170521.163971066474915, 3244081.366575513966382 ], [ -9170449.374942416325212, 3243839.010876426938921 ], [ -9170390.368215397000313, 3243593.230169939808547 ], [ -9170344.305523347109556, 3243344.698123886249959 ], [ -9170311.313120901584625, 3243094.095947328023612 ], [ -9170291.481437945738435, 3242842.110523412935436 ], [ -9170284.864831740036607, 3242589.432526671793312 ] ] ] } },
{ "type": "Feature", "properties": { "facility_name": "Miami-Dade County Resource Recovery Facility ", "state": "FL" }, "geometry": { "type": "Polygon", "coordinates": [ [ [ -8940323.888266062363982, 2978694.323784732725471 ], [ -8940330.50487226806581, 2978441.645787991583347 ], [ -8940350.336555223912001, 2978189.660364076495171 ], [ -8940383.328957669436932, 2977939.058187518268824 ], [ -8940429.391649719327688, 2977690.526141464710236 ], [ -8940488.398376738652587, 2977444.745434977579862 ], [ -8940560.18740538880229, 2977202.389735890552402 ], [ -8940644.561966933310032, 2976964.123324328102171 ], [ -8940741.290796563029289, 2976730.599271962884814 ], [ -8940850.108767280355096, 2976502.457651990000159 ], [ -8940970.717616591602564, 2976280.323784732725471 ], [ -8941102.786764021962881, 2976064.806523680221289 ], [ -8941245.954217219725251, 2975856.496586664579809 ], [ -8941399.827564148232341, 2975655.964936743956059 ], [ -8941563.985048657283187, 2975463.761217232327908 ], [ -8941737.976726492866874, 2975280.412245164159685 ], [ -8941921.325698561966419, 2975106.420567327644676 ], [ -8942113.52941807359457, 2974942.26308281859383 ], [ -8942314.061067994683981, 2974788.389735890552402 ], [ -8942522.3710050098598, 2974645.22228269232437 ], [ -8942737.888266062363982, 2974513.153135261498392 ], [ -8942960.022133320569992, 2974392.544285951182246 ], [ -8943188.163753291592002, 2974283.726315234322101 ], [ -8943421.687805658206344, 2974186.997485604137182 ], [ -8943659.954217219725251, 2974102.62292405962944 ], [ -8943902.309916308149695, 2974030.833895409014076 ], [ -8944148.090622793883085, 2973971.827168389689177 ], [ -8944396.622668847441673, 2973925.764476339332759 ], [ -8944647.22484540566802, 2973892.772073894739151 ], [ -8944899.210269320756197, 2973872.940390937495977 ], [ -8945151.888266062363982, 2973866.323784732725471 ], [ -8945404.566262803971767, 2973872.940390937495977 ], [ -8945656.551686719059944, 2973892.772073894739151 ], [ -8945907.153863277286291, 2973925.764476339332759 ], [ -8946155.685909330844879, 2973971.827168389689177 ], [ -8946401.466615816578269, 2974030.833895409014076 ], [ -8946643.822314905002713, 2974102.62292405962944 ], [ -8946882.088726466521621, 2974186.997485604137182 ], [ -8947115.612778833135962, 2974283.726315234322101 ], [ -8947343.754398804157972, 2974392.544285951182246 ], [ -8947565.888266062363982, 2974513.153135261498392 ], [ -8947781.405527114868164, 2974645.22228269232437 ], [ -8947989.715464130043983, 2974788.389735890552402 ], [ -8948190.247114051133394, 2974942.26308281859383 ], [ -8948382.450833562761545, 2975106.420567327644676 ], [ -8948565.799805631861091, 2975280.412245164159685 ], [ -8948739.791483467444777, 2975463.761217232327908 ], [ -8948903.948967976495624, 2975655.964936743956059 ], [ -8949057.822314905002713, 2975856.496586664579809 ], [ -8949200.989768102765083, 2976064.806523680221289 ], [ -8949333.058915533125401, 2976280.323784732725471 ], [ -8949453.667764844372869, 2976502.457651990000159 ], [ -8949562.485735561698675, 2976730.599271962884814 ], [ -8949659.214565191417933, 2976964.123324328102171 ], [ -8949743.589126735925674, 2977202.389735890552402 ], [ -8949815.378155386075377, 2977444.745434977579862 ], [ -8949874.384882405400276, 2977690.526141464710236 ], [ -8949920.447574455291033, 2977939.058187518268824 ], [ -8949953.439976900815964, 2978189.660364076495171 ], [ -8949973.271659856662154, 2978441.645787991583347 ], [ -8949979.888266062363982, 2978694.323784732725471 ], [ -8949973.271659856662154, 2978947.001781473867595 ], [ -8949953.439976900815964, 2979198.987205388955772 ], [ -8949920.447574455291033, 2979449.589381947182119 ], [ -8949874.384882405400276, 2979698.121428000740707 ], [ -8949815.378155386075377, 2979943.902134487871081 ], [ -8949743.589126735925674, 2980186.257833574898541 ], [ -8949659.214565191417933, 2980424.524245137348771 ], [ -8949562.485735561698675, 2980658.048297502566129 ], [ -8949453.667764844372869, 2980886.189917475450784 ], [ -8949333.058915533125401, 2981108.323784732725471 ], [ -8949200.989768102765083, 2981323.841045785229653 ], [ -8949057.822314905002713, 2981532.150982800871134 ], [ -8948903.948967976495624, 2981732.682632721494883 ], [ -8948739.791483467444777, 2981924.886352233123034 ], [ -8948565.799805631861091, 2982108.235324301291257 ], [ -8948382.450833562761545, 2982282.227002137806267 ], [ -8948190.247114051133394, 2982446.384486646857113 ], [ -8947989.715464130043983, 2982600.257833574898541 ], [ -8947781.405527114868164, 2982743.425286773126572 ], [ -8947565.888266062363982, 2982875.494434203952551 ], [ -8947343.754398804157972, 2982996.103283514268696 ], [ -8947115.612778833135962, 2983104.921254231128842 ], [ -8946882.088726466521621, 2983201.65008386131376 ], [ -8946643.822314905002713, 2983286.024645405821502 ], [ -8946401.466615816578269, 2983357.813674056436867 ], [ -8946155.685909330844879, 2983416.820401075761765 ], [ -8945907.153863277286291, 2983462.883093126118183 ], [ -8945656.551686719059944, 2983495.875495570711792 ], [ -8945404.566262803971767, 2983515.707178527954966 ], [ -8945151.888266062363982, 2983522.323784732725471 ], [ -8944899.210269320756197, 2983515.707178527954966 ], [ -8944647.22484540566802, 2983495.875495570711792 ], [ -8944396.622668847441673, 2983462.883093126118183 ], [ -8944148.090622793883085, 2983416.820401075761765 ], [ -8943902.309916308149695, 2983357.813674056436867 ], [ -8943659.954217219725251, 2983286.024645405821502 ], [ -8943421.687805658206344, 2983201.65008386131376 ], [ -8943188.163753291592002, 2983104.921254231128842 ], [ -8942960.022133320569992, 2982996.103283514268696 ], [ -8942737.888266062363982, 2982875.494434203952551 ], [ -8942522.3710050098598, 2982743.425286773126572 ], [ -8942314.061067994683981, 2982600.257833574898541 ], [ -8942113.52941807359457, 2982446.384486646857113 ], [ -8941921.325698561966419, 2982282.227002137806267 ], [ -8941737.976726492866874, 2982108.235324301291257 ], [ -8941563.985048657283187, 2981924.886352233123034 ], [ -8941399.827564148232341, 2981732.682632721494883 ], [ -8941245.954217219725251, 2981532.150982800871134 ], [ -8941102.786764021962881, 2981323.841045785229653 ], [ -8940970.717616591602564, 2981108.323784732725471 ], [ -8940850.108767280355096, 2980886.189917475450784 ], [ -8940741.290796563029289, 2980658.048297502566129 ], [ -8940644.561966933310032, 2980424.524245137348771 ], [ -8940560.18740538880229, 2980186.257833574898541 ], [ -8940488.398376738652587, 2979943.902134487871081 ], [ -8940429.391649719327688, 2979698.121428000740707 ], [ -8940383.328957669436932, 2979449.589381947182119 ], [ -8940350.336555223912001, 2979198.987205388955772 ], [ -8940330.50487226806581, 2978947.001781473867595 ], [ -8940323.888266062363982, 2978694.323784732725471 ] ] ] } },
{ "type": "Feature", "properties": { "facility_name": "Palm Beach Renewable Energy Facility 1", "state": "FL" }, "geometry": { "type": "Polygon", "coordinates": [ [ [ -8916954.787938911467791, 3084930.117669674102217 ], [ -8916961.404545117169619, 3084677.439672932960093 ], [ -8916981.236228073015809, 3084425.454249017871916 ], [ -8917014.22863051854074, 3084174.852072459645569 ], [ -8917060.291322568431497, 3083926.320026406086981 ], [ -8917119.298049587756395, 3083680.539319918956608 ], [ -8917191.087078237906098, 3083438.183620831929147 ], [ -8917275.46163978241384, 3083199.917209269478917 ], [ -8917372.190469412133098, 3082966.393156904261559 ], [ -8917481.008440129458904, 3082738.251536931376904 ], [ -8917601.617289440706372, 3082516.117669674102217 ], [ -8917733.686436871066689, 3082300.600408621598035 ], [ -8917876.85389006882906, 3082092.290471605956554 ], [ -8918030.727236997336149, 3081891.758821685332805 ], [ -8918194.884721506386995, 3081699.555102173704654 ], [ -8918368.876399341970682, 3081516.206130105536431 ], [ -8918552.225371411070228, 3081342.214452269021422 ], [ -8918744.429090922698379, 3081178.056967759970576 ], [ -8918944.960740843787789, 3081024.183620831929147 ], [ -8919153.270677858963609, 3080881.016167633701116 ], [ -8919368.787938911467791, 3080748.947020202875137 ], [ -8919590.9218061696738, 3080628.338170892558992 ], [ -8919819.06342614069581, 3080519.520200175698847 ], [ -8920052.587478507310152, 3080422.791370545513928 ], [ -8920290.85389006882906, 3080338.416809001006186 ], [ -8920533.209589157253504, 3080266.627780350390822 ], [ -8920778.990295642986894, 3080207.621053331065923 ], [ -8921027.522341696545482, 3080161.558361280709505 ], [ -8921278.124518254771829, 3080128.565958836115897 ], [ -8921530.109942169860005, 3080108.734275878872722 ], [ -8921782.787938911467791, 3080102.117669674102217 ], [ -8922035.465935653075576, 3080108.734275878872722 ], [ -8922287.451359568163753, 3080128.565958836115897 ], [ -8922538.0535361263901, 3080161.558361280709505 ], [ -8922786.585582179948688, 3080207.621053331065923 ], [ -8923032.366288665682077, 3080266.627780350390822 ], [ -8923274.721987754106522, 3080338.416809001006186 ], [ -8923512.988399315625429, 3080422.791370545513928 ], [ -8923746.512451682239771, 3080519.520200175698847 ], [ -8923974.654071653261781, 3080628.338170892558992 ], [ -8924196.787938911467791, 3080748.947020202875137 ], [ -8924412.305199963971972, 3080881.016167633701116 ], [ -8924620.615136979147792, 3081024.183620831929147 ], [ -8924821.146786900237203, 3081178.056967759970576 ], [ -8925013.350506411865354, 3081342.214452269021422 ], [ -8925196.699478480964899, 3081516.206130105536431 ], [ -8925370.691156316548586, 3081699.555102173704654 ], [ -8925534.848640825599432, 3081891.758821685332805 ], [ -8925688.721987754106522, 3082092.290471605956554 ], [ -8925831.889440951868892, 3082300.600408621598035 ], [ -8925963.958588382229209, 3082516.117669674102217 ], [ -8926084.567437693476677, 3082738.251536931376904 ], [ -8926193.385408410802484, 3082966.393156904261559 ], [ -8926290.114238040521741, 3083199.917209269478917 ], [ -8926374.488799585029483, 3083438.183620831929147 ], [ -8926446.277828235179186, 3083680.539319918956608 ], [ -8926505.284555254504085, 3083926.320026406086981 ], [ -8926551.347247304394841, 3084174.852072459645569 ], [ -8926584.339649749919772, 3084425.454249017871916 ], [ -8926604.171332705765963, 3084677.439672932960093 ], [ -8926610.787938911467791, 3084930.117669674102217 ], [ -8926604.171332705765963, 3085182.795666415244341 ], [ -8926584.339649749919772, 3085434.781090330332518 ], [ -8926551.347247304394841, 3085685.383266888558865 ], [ -8926505.284555254504085, 3085933.915312942117453 ], [ -8926446.277828235179186, 3086179.696019429247826 ], [ -8926374.488799585029483, 3086422.051718516275287 ], [ -8926290.114238040521741, 3086660.318130078725517 ], [ -8926193.385408410802484, 3086893.842182443942875 ], [ -8926084.567437693476677, 3087121.98380241682753 ], [ -8925963.958588382229209, 3087344.117669674102217 ], [ -8925831.889440951868892, 3087559.634930726606399 ], [ -8925688.721987754106522, 3087767.94486774224788 ], [ -8925534.848640825599432, 3087968.476517662871629 ], [ -8925370.691156316548586, 3088160.68023717449978 ], [ -8925196.699478480964899, 3088344.029209242668003 ], [ -8925013.350506411865354, 3088518.020887079183012 ], [ -8924821.146786900237203, 3088682.178371588233858 ], [ -8924620.615136979147792, 3088836.051718516275287 ], [ -8924412.305199963971972, 3088979.219171714503318 ], [ -8924196.787938911467791, 3089111.288319145329297 ], [ -8923974.654071653261781, 3089231.897168455645442 ], [ -8923746.512451682239771, 3089340.715139172505587 ], [ -8923512.988399315625429, 3089437.443968802690506 ], [ -8923274.721987754106522, 3089521.818530347198248 ], [ -8923032.366288665682077, 3089593.607558997813612 ], [ -8922786.585582179948688, 3089652.614286017138511 ], [ -8922538.0535361263901, 3089698.676978067494929 ], [ -8922287.451359568163753, 3089731.669380512088537 ], [ -8922035.465935653075576, 3089751.501063469331712 ], [ -8921782.787938911467791, 3089758.117669674102217 ], [ -8921530.109942169860005, 3089751.501063469331712 ], [ -8921278.124518254771829, 3089731.669380512088537 ], [ -8921027.522341696545482, 3089698.676978067494929 ], [ -8920778.990295642986894, 3089652.614286017138511 ], [ -8920533.209589157253504, 3089593.607558997813612 ], [ -8920290.85389006882906, 3089521.818530347198248 ], [ -8920052.587478507310152, 3089437.443968802690506 ], [ -8919819.06342614069581, 3089340.715139172505587 ], [ -8919590.9218061696738, 3089231.897168455645442 ], [ -8919368.787938911467791, 3089111.288319145329297 ], [ -8919153.270677858963609, 3088979.219171714503318 ], [ -8918944.960740843787789, 3088836.051718516275287 ], [ -8918744.429090922698379, 3088682.178371588233858 ], [ -8918552.225371411070228, 3088518.020887079183012 ], [ -8918368.876399341970682, 3088344.029209242668003 ], [ -8918194.884721506386995, 3088160.68023717449978 ], [ -8918030.727236997336149, 3087968.476517662871629 ], [ -8917876.85389006882906, 3087767.94486774224788 ], [ -8917733.686436871066689, 3087559.634930726606399 ], [ -8917601.617289440706372, 3087344.117669674102217 ], [ -8917481.008440129458904, 3087121.98380241682753 ], [ -8917372.190469412133098, 3086893.842182443942875 ], [ -8917275.46163978241384, 3086660.318130078725517 ], [ -8917191.087078237906098, 3086422.051718516275287 ], [ -8917119.298049587756395, 3086179.696019429247826 ], [ -8917060.291322568431497, 3085933.915312942117453 ], [ -8917014.22863051854074, 3085685.383266888558865 ], [ -8916981.236228073015809, 3085434.781090330332518 ], [ -8916961.404545117169619, 3085182.795666415244341 ], [ -8916954.787938911467791, 3084930.117669674102217 ] ] ] } },
{ "type": "Feature", "properties": { "facility_name": "Palm Beach Renewable Energy Facility 2", "state": "FL" }, "geometry": { "type": "Polygon", "coordinates": [ [ [ -8916370.304952502250671, 3095483.076411685440689 ], [ -8916376.921558707952499, 3095230.398414944298565 ], [ -8916396.75324166379869, 3094978.412991029210389 ], [ -8916429.745644109323621, 3094727.810814470984042 ], [ -8916475.808336159214377, 3094479.278768417425454 ], [ -8916534.815063178539276, 3094233.49806193029508 ], [ -8916606.604091828688979, 3093991.14236284326762 ], [ -8916690.978653373196721, 3093752.875951280817389 ], [ -8916787.707483002915978, 3093519.351898915600032 ], [ -8916896.525453720241785, 3093291.210278942715377 ], [ -8917017.134303031489253, 3093069.076411685440689 ], [ -8917149.20345046184957, 3092853.559150632936507 ], [ -8917292.37090365961194, 3092645.249213617295027 ], [ -8917446.24425058811903, 3092444.717563696671277 ], [ -8917610.401735097169876, 3092252.513844185043126 ], [ -8917784.393412932753563, 3092069.164872116874903 ], [ -8917967.742385001853108, 3091895.173194280359894 ], [ -8918159.946104513481259, 3091731.015709771309048 ], [ -8918360.47775443457067, 3091577.14236284326762 ], [ -8918568.78769144974649, 3091433.974909645039588 ], [ -8918784.304952502250671, 3091301.90576221421361 ], [ -8919006.438819760456681, 3091181.296912903897464 ], [ -8919234.580439731478691, 3091072.478942187037319 ], [ -8919468.104492098093033, 3090975.7501125568524 ], [ -8919706.37090365961194, 3090891.375551012344658 ], [ -8919948.726602748036385, 3090819.586522361729294 ], [ -8920194.507309233769774, 3090760.579795342404395 ], [ -8920443.039355287328362, 3090714.517103292047977 ], [ -8920693.641531845554709, 3090681.524700847454369 ], [ -8920945.626955760642886, 3090661.693017890211195 ], [ -8921198.304952502250671, 3090655.076411685440689 ], [ -8921450.982949243858457, 3090661.693017890211195 ], [ -8921702.968373158946633, 3090681.524700847454369 ], [ -8921953.57054971717298, 3090714.517103292047977 ], [ -8922202.102595770731568, 3090760.579795342404395 ], [ -8922447.883302256464958, 3090819.586522361729294 ], [ -8922690.239001344889402, 3090891.375551012344658 ], [ -8922928.50541290640831, 3090975.7501125568524 ], [ -8923162.029465273022652, 3091072.478942187037319 ], [ -8923390.171085244044662, 3091181.296912903897464 ], [ -8923612.304952502250671, 3091301.90576221421361 ], [ -8923827.822213554754853, 3091433.974909645039588 ], [ -8924036.132150569930673, 3091577.14236284326762 ], [ -8924236.663800491020083, 3091731.015709771309048 ], [ -8924428.867520002648234, 3091895.173194280359894 ], [ -8924612.21649207174778, 3092069.164872116874903 ], [ -8924786.208169907331467, 3092252.513844185043126 ], [ -8924950.365654416382313, 3092444.717563696671277 ], [ -8925104.239001344889402, 3092645.249213617295027 ], [ -8925247.406454542651772, 3092853.559150632936507 ], [ -8925379.47560197301209, 3093069.076411685440689 ], [ -8925500.084451284259558, 3093291.210278942715377 ], [ -8925608.902422001585364, 3093519.351898915600032 ], [ -8925705.631251631304622, 3093752.875951280817389 ], [ -8925790.005813175812364, 3093991.14236284326762 ], [ -8925861.794841825962067, 3094233.49806193029508 ], [ -8925920.801568845286965, 3094479.278768417425454 ], [ -8925966.864260895177722, 3094727.810814470984042 ], [ -8925999.856663340702653, 3094978.412991029210389 ], [ -8926019.688346296548843, 3095230.398414944298565 ], [ -8926026.304952502250671, 3095483.076411685440689 ], [ -8926019.688346296548843, 3095735.754408426582813 ], [ -8925999.856663340702653, 3095987.73983234167099 ], [ -8925966.864260895177722, 3096238.342008899897337 ], [ -8925920.801568845286965, 3096486.874054953455925 ], [ -8925861.794841825962067, 3096732.654761440586299 ], [ -8925790.005813175812364, 3096975.010460527613759 ], [ -8925705.631251631304622, 3097213.276872090063989 ], [ -8925608.902422001585364, 3097446.800924455281347 ], [ -8925500.084451284259558, 3097674.942544428166002 ], [ -8925379.47560197301209, 3097897.076411685440689 ], [ -8925247.406454542651772, 3098112.593672737944871 ], [ -8925104.239001344889402, 3098320.903609753586352 ], [ -8924950.365654416382313, 3098521.435259674210101 ], [ -8924786.208169907331467, 3098713.638979185838252 ], [ -8924612.21649207174778, 3098896.987951254006475 ], [ -8924428.867520002648234, 3099070.979629090521485 ], [ -8924236.663800491020083, 3099235.137113599572331 ], [ -8924036.132150569930673, 3099389.010460527613759 ], [ -8923827.822213554754853, 3099532.17791372584179 ], [ -8923612.304952502250671, 3099664.247061156667769 ], [ -8923390.171085244044662, 3099784.855910466983914 ], [ -8923162.029465273022652, 3099893.67388118384406 ], [ -8922928.50541290640831, 3099990.402710814028978 ], [ -8922690.239001344889402, 3100074.77727235853672 ], [ -8922447.883302256464958, 3100146.566301009152085 ], [ -8922202.102595770731568, 3100205.573028028476983 ], [ -8921953.57054971717298, 3100251.635720078833401 ], [ -8921702.968373158946633, 3100284.62812252342701 ], [ -8921450.982949243858457, 3100304.459805480670184 ], [ -8921198.304952502250671, 3100311.076411685440689 ], [ -8920945.626955760642886, 3100304.459805480670184 ], [ -8920693.641531845554709, 3100284.62812252342701 ], [ -8920443.039355287328362, 3100251.635720078833401 ], [ -8920194.507309233769774, 3100205.573028028476983 ], [ -8919948.726602748036385, 3100146.566301009152085 ], [ -8919706.37090365961194, 3100074.77727235853672 ], [ -8919468.104492098093033, 3099990.402710814028978 ], [ -8919234.580439731478691, 3099893.67388118384406 ], [ -8919006.438819760456681, 3099784.855910466983914 ], [ -8918784.304952502250671, 3099664.247061156667769 ], [ -8918568.78769144974649, 3099532.17791372584179 ], [ -8918360.47775443457067, 3099389.010460527613759 ], [ -8918159.946104513481259, 3099235.137113599572331 ], [ -8917967.742385001853108, 3099070.979629090521485 ], [ -8917784.393412932753563, 3098896.987951254006475 ], [ -8917610.401735097169876, 3098713.638979185838252 ], [ -8917446.24425058811903, 3098521.435259674210101 ], [ -8917292.37090365961194, 3098320.903609753586352 ], [ -8917149.20345046184957, 3098112.593672737944871 ], [ -8917017.134303031489253, 3097897.076411685440689 ], [ -8916896.525453720241785, 3097674.942544428166002 ], [ -8916787.707483002915978, 3097446.800924455281347 ], [ -8916690.978653373196721, 3097213.276872090063989 ], [ -8916606.604091828688979, 3096975.010460527613759 ], [ -8916534.815063178539276, 3096732.654761440586299 ], [ -8916475.808336159214377, 3096486.874054953455925 ], [ -8916429.745644109323621, 3096238.342008899897337 ], [ -8916396.75324166379869, 3095987.73983234167099 ], [ -8916376.921558707952499, 3095735.754408426582813 ], [ -8916370.304952502250671, 3095483.076411685440689 ] ] ] } },
{ "type": "Feature", "properties": { "facility_name": "Pasco County Solid Waste Resource Recovery Facility ", "state": "FL" }, "geometry": { "type": "Polygon", "coordinates": [ [ [ -9185710.829685028642416, 3295606.934914619661868 ], [ -9185717.446291234344244, 3295354.256917878519744 ], [ -9185737.277974190190434, 3295102.271493963431567 ], [ -9185770.270376635715365, 3294851.66931740520522 ], [ -9185816.333068685606122, 3294603.137271351646632 ], [ -9185875.339795704931021, 3294357.356564864516258 ], [ -9185947.128824355080724, 3294115.000865777488798 ], [ -9186031.503385899588466, 3293876.734454215038568 ], [ -9186128.232215529307723, 3293643.21040184982121 ], [ -9186237.05018624663353, 3293415.068781876936555 ], [ -9186357.659035557880998, 3293192.934914619661868 ], [ -9186489.728182988241315, 3292977.417653567157686 ], [ -9186632.895636186003685, 3292769.107716551516205 ], [ -9186786.768983114510775, 3292568.576066630892456 ], [ -9186950.926467623561621, 3292376.372347119264305 ], [ -9187124.918145459145308, 3292193.023375051096082 ], [ -9187308.267117528244853, 3292019.031697214581072 ], [ -9187500.470837039873004, 3291854.874212705530226 ], [ -9187701.002486960962415, 3291701.000865777488798 ], [ -9187909.312423976138234, 3291557.833412579260767 ], [ -9188124.829685028642416, 3291425.764265148434788 ], [ -9188346.963552286848426, 3291305.155415838118643 ], [ -9188575.105172257870436, 3291196.337445121258497 ], [ -9188808.629224624484777, 3291099.608615491073579 ], [ -9189046.895636186003685, 3291015.234053946565837 ], [ -9189289.251335274428129, 3290943.445025295950472 ], [ -9189535.032041760161519, 3290884.438298276625574 ], [ -9189783.564087813720107, 3290838.375606226269156 ], [ -9190034.166264371946454, 3290805.383203781675547 ], [ -9190286.151688287034631, 3290785.551520824432373 ], [ -9190538.829685028642416, 3290778.934914619661868 ], [ -9190791.507681770250201, 3290785.551520824432373 ], [ -9191043.493105685338378, 3290805.383203781675547 ], [ -9191294.095282243564725, 3290838.375606226269156 ], [ -9191542.627328297123313, 3290884.438298276625574 ], [ -9191788.408034782856703, 3290943.445025295950472 ], [ -9192030.763733871281147, 3291015.234053946565837 ], [ -9192269.030145432800055, 3291099.608615491073579 ], [ -9192502.554197799414396, 3291196.337445121258497 ], [ -9192730.695817770436406, 3291305.155415838118643 ], [ -9192952.829685028642416, 3291425.764265148434788 ], [ -9193168.346946081146598, 3291557.833412579260767 ], [ -9193376.656883096322417, 3291701.000865777488798 ], [ -9193577.188533017411828, 3291854.874212705530226 ], [ -9193769.392252529039979, 3292019.031697214581072 ], [ -9193952.741224598139524, 3292193.023375051096082 ], [ -9194126.732902433723211, 3292376.372347119264305 ], [ -9194290.890386942774057, 3292568.576066630892456 ], [ -9194444.763733871281147, 3292769.107716551516205 ], [ -9194587.931187069043517, 3292977.417653567157686 ], [ -9194720.000334499403834, 3293192.934914619661868 ], [ -9194840.609183810651302, 3293415.068781876936555 ], [ -9194949.427154527977109, 3293643.21040184982121 ], [ -9195046.155984157696366, 3293876.734454215038568 ], [ -9195130.530545702204108, 3294115.000865777488798 ], [ -9195202.319574352353811, 3294357.356564864516258 ], [ -9195261.32630137167871, 3294603.137271351646632 ], [ -9195307.388993421569467, 3294851.66931740520522 ], [ -9195340.381395867094398, 3295102.271493963431567 ], [ -9195360.213078822940588, 3295354.256917878519744 ], [ -9195366.829685028642416, 3295606.934914619661868 ], [ -9195360.213078822940588, 3295859.612911360803992 ], [ -9195340.381395867094398, 3296111.598335275892168 ], [ -9195307.388993421569467, 3296362.200511834118515 ], [ -9195261.32630137167871, 3296610.732557887677103 ], [ -9195202.319574352353811, 3296856.513264374807477 ], [ -9195130.530545702204108, 3297098.868963461834937 ], [ -9195046.155984157696366, 3297337.135375024285167 ], [ -9194949.427154527977109, 3297570.659427389502525 ], [ -9194840.609183810651302, 3297798.80104736238718 ], [ -9194720.000334499403834, 3298020.934914619661868 ], [ -9194587.931187069043517, 3298236.452175672166049 ], [ -9194444.763733871281147, 3298444.76211268780753 ], [ -9194290.890386942774057, 3298645.29376260843128 ], [ -9194126.732902433723211, 3298837.497482120059431 ], [ -9193952.741224598139524, 3299020.846454188227654 ], [ -9193769.392252529039979, 3299194.838132024742663 ], [ -9193577.188533017411828, 3299358.995616533793509 ], [ -9193376.656883096322417, 3299512.868963461834937 ], [ -9193168.346946081146598, 3299656.036416660062969 ], [ -9192952.829685028642416, 3299788.105564090888947 ], [ -9192730.695817770436406, 3299908.714413401205093 ], [ -9192502.554197799414396, 3300017.532384118065238 ], [ -9192269.030145432800055, 3300114.261213748250157 ], [ -9192030.763733871281147, 3300198.635775292757899 ], [ -9191788.408034782856703, 3300270.424803943373263 ], [ -9191542.627328297123313, 3300329.431530962698162 ], [ -9191294.095282243564725, 3300375.494223013054579 ], [ -9191043.493105685338378, 3300408.486625457648188 ], [ -9190791.507681770250201, 3300428.318308414891362 ], [ -9190538.829685028642416, 3300434.934914619661868 ], [ -9190286.151688287034631, 3300428.318308414891362 ], [ -9190034.166264371946454, 3300408.486625457648188 ], [ -9189783.564087813720107, 3300375.494223013054579 ], [ -9189535.032041760161519, 3300329.431530962698162 ], [ -9189289.251335274428129, 3300270.424803943373263 ], [ -9189046.895636186003685, 3300198.635775292757899 ], [ -9188808.629224624484777, 3300114.261213748250157 ], [ -9188575.105172257870436, 3300017.532384118065238 ], [ -9188346.963552286848426, 3299908.714413401205093 ], [ -9188124.829685028642416, 3299788.105564090888947 ], [ -9187909.312423976138234, 3299656.036416660062969 ], [ -9187701.002486960962415, 3299512.868963461834937 ], [ -9187500.470837039873004, 3299358.995616533793509 ], [ -9187308.267117528244853, 3299194.838132024742663 ], [ -9187124.918145459145308, 3299020.846454188227654 ], [ -9186950.926467623561621, 3298837.497482120059431 ], [ -9186786.768983114510775, 3298645.29376260843128 ], [ -9186632.895636186003685, 3298444.76211268780753 ], [ -9186489.728182988241315, 3298236.452175672166049 ], [ -9186357.659035557880998, 3298020.934914619661868 ], [ -9186237.05018624663353, 3297798.80104736238718 ], [ -9186128.232215529307723, 3297570.659427389502525 ], [ -9186031.503385899588466, 3297337.135375024285167 ], [ -9185947.128824355080724, 3297098.868963461834937 ], [ -9185875.339795704931021, 3296856.513264374807477 ], [ -9185816.333068685606122, 3296610.732557887677103 ], [ -9185770.270376635715365, 3296362.200511834118515 ], [ -9185737.277974190190434, 3296111.598335275892168 ], [ -9185717.446291234344244, 3295859.612911360803992 ], [ -9185710.829685028642416, 3295606.934914619661868 ] ] ] } },
{ "type": "Feature", "properties": { "facility_name": "Pinellas County Resource Recovery Facility", "state": "FL" }, "geometry": { "type": "Polygon", "coordinates": [ [ [ -9198699.754850024357438, 3233277.244887571781874 ], [ -9198706.371456230059266, 3233024.56689083063975 ], [ -9198726.203139185905457, 3232772.581466915551573 ], [ -9198759.195541631430387, 3232521.979290357325226 ], [ -9198805.258233681321144, 3232273.447244303766638 ], [ -9198864.264960700646043, 3232027.666537816636264 ], [ -9198936.053989350795746, 3231785.310838729608804 ], [ -9199020.428550895303488, 3231547.044427167158574 ], [ -9199117.157380525022745, 3231313.520374801941216 ], [ -9199225.975351242348552, 3231085.378754829056561 ], [ -9199346.58420055359602, 3230863.244887571781874 ], [ -9199478.653347983956337, 3230647.727626519277692 ], [ -9199621.820801181718707, 3230439.417689503636211 ], [ -9199775.694148110225797, 3230238.886039583012462 ], [ -9199939.851632619276643, 3230046.682320071384311 ], [ -9200113.84331045486033, 3229863.333348003216088 ], [ -9200297.192282523959875, 3229689.341670166701078 ], [ -9200489.396002035588026, 3229525.184185657650232 ], [ -9200689.927651956677437, 3229371.310838729608804 ], [ -9200898.237588971853256, 3229228.143385531380773 ], [ -9201113.754850024357438, 3229096.074238100554794 ], [ -9201335.888717282563448, 3228975.465388790238649 ], [ -9201564.030337253585458, 3228866.647418073378503 ], [ -9201797.5543896201998, 3228769.918588443193585 ], [ -9202035.820801181718707, 3228685.544026898685843 ], [ -9202278.176500270143151, 3228613.754998248070478 ], [ -9202523.957206755876541, 3228554.74827122874558 ], [ -9202772.489252809435129, 3228508.685579178389162 ], [ -9203023.091429367661476, 3228475.693176733795553 ], [ -9203275.076853282749653, 3228455.861493776552379 ], [ -9203527.754850024357438, 3228449.244887571781874 ], [ -9203780.432846765965223, 3228455.861493776552379 ], [ -9204032.4182706810534, 3228475.693176733795553 ], [ -9204283.020447239279747, 3228508.685579178389162 ], [ -9204531.552493292838335, 3228554.74827122874558 ], [ -9204777.333199778571725, 3228613.754998248070478 ], [ -9205019.688898866996169, 3228685.544026898685843 ], [ -9205257.955310428515077, 3228769.918588443193585 ], [ -9205491.479362795129418, 3228866.647418073378503 ], [ -9205719.620982766151428, 3228975.465388790238649 ], [ -9205941.754850024357438, 3229096.074238100554794 ], [ -9206157.27211107686162, 3229228.143385531380773 ], [ -9206365.582048092037439, 3229371.310838729608804 ], [ -9206566.11369801312685, 3229525.184185657650232 ], [ -9206758.317417524755001, 3229689.341670166701078 ], [ -9206941.666389593854547, 3229863.333348003216088 ], [ -9207115.658067429438233, 3230046.682320071384311 ], [ -9207279.815551938489079, 3230238.886039583012462 ], [ -9207433.688898866996169, 3230439.417689503636211 ], [ -9207576.856352064758539, 3230647.727626519277692 ], [ -9207708.925499495118856, 3230863.244887571781874 ], [ -9207829.534348806366324, 3231085.378754829056561 ], [ -9207938.352319523692131, 3231313.520374801941216 ], [ -9208035.081149153411388, 3231547.044427167158574 ], [ -9208119.45571069791913, 3231785.310838729608804 ], [ -9208191.244739348068833, 3232027.666537816636264 ], [ -9208250.251466367393732, 3232273.447244303766638 ], [ -9208296.314158417284489, 3232521.979290357325226 ], [ -9208329.30656086280942, 3232772.581466915551573 ], [ -9208349.13824381865561, 3233024.56689083063975 ], [ -9208355.754850024357438, 3233277.244887571781874 ], [ -9208349.13824381865561, 3233529.922884312923998 ], [ -9208329.30656086280942, 3233781.908308228012174 ], [ -9208296.314158417284489, 3234032.510484786238521 ], [ -9208250.251466367393732, 3234281.042530839797109 ], [ -9208191.244739348068833, 3234526.823237326927483 ], [ -9208119.45571069791913, 3234769.178936413954943 ], [ -9208035.081149153411388, 3235007.445347976405174 ], [ -9207938.352319523692131, 3235240.969400341622531 ], [ -9207829.534348806366324, 3235469.111020314507186 ], [ -9207708.925499495118856, 3235691.244887571781874 ], [ -9207576.856352064758539, 3235906.762148624286056 ], [ -9207433.688898866996169, 3236115.072085639927536 ], [ -9207279.815551938489079, 3236315.603735560551286 ], [ -9207115.658067429438233, 3236507.807455072179437 ], [ -9206941.666389593854547, 3236691.15642714034766 ], [ -9206758.317417524755001, 3236865.148104976862669 ], [ -9206566.11369801312685, 3237029.305589485913515 ], [ -9206365.582048092037439, 3237183.178936413954943 ], [ -9206157.27211107686162, 3237326.346389612182975 ], [ -9205941.754850024357438, 3237458.415537043008953 ], [ -9205719.620982766151428, 3237579.024386353325099 ], [ -9205491.479362795129418, 3237687.842357070185244 ], [ -9205257.955310428515077, 3237784.571186700370163 ], [ -9205019.688898866996169, 3237868.945748244877905 ], [ -9204777.333199778571725, 3237940.734776895493269 ], [ -9204531.552493292838335, 3237999.741503914818168 ], [ -9204283.020447239279747, 3238045.804195965174586 ], [ -9204032.4182706810534, 3238078.796598409768194 ], [ -9203780.432846765965223, 3238098.628281367011368 ], [ -9203527.754850024357438, 3238105.244887571781874 ], [ -9203275.076853282749653, 3238098.628281367011368 ], [ -9203023.091429367661476, 3238078.796598409768194 ], [ -9202772.489252809435129, 3238045.804195965174586 ], [ -9202523.957206755876541, 3237999.741503914818168 ], [ -9202278.176500270143151, 3237940.734776895493269 ], [ -9202035.820801181718707, 3237868.945748244877905 ], [ -9201797.5543896201998, 3237784.571186700370163 ], [ -9201564.030337253585458, 3237687.842357070185244 ], [ -9201335.888717282563448, 3237579.024386353325099 ], [ -9201113.754850024357438, 3237458.415537043008953 ], [ -9200898.237588971853256, 3237326.346389612182975 ], [ -9200689.927651956677437, 3237183.178936413954943 ], [ -9200489.396002035588026, 3237029.305589485913515 ], [ -9200297.192282523959875, 3236865.148104976862669 ], [ -9200113.84331045486033, 3236691.15642714034766 ], [ -9199939.851632619276643, 3236507.807455072179437 ], [ -9199775.694148110225797, 3236315.603735560551286 ], [ -9199621.820801181718707, 3236115.072085639927536 ], [ -9199478.653347983956337, 3235906.762148624286056 ], [ -9199346.58420055359602, 3235691.244887571781874 ], [ -9199225.975351242348552, 3235469.111020314507186 ], [ -9199117.157380525022745, 3235240.969400341622531 ], [ -9199020.428550895303488, 3235007.445347976405174 ], [ -9198936.053989350795746, 3234769.178936413954943 ], [ -9198864.264960700646043, 3234526.823237326927483 ], [ -9198805.258233681321144, 3234281.042530839797109 ], [ -9198759.195541631430387, 3234032.510484786238521 ], [ -9198726.203139185905457, 3233781.908308228012174 ], [ -9198706.371456230059266, 3233529.922884312923998 ], [ -9198699.754850024357438, 3233277.244887571781874 ] ] ] } },
{ "type": "Feature", "properties": { "facility_name": "Wheelabrator South Broward Inc. ", "state": "FL" }, "geometry": { "type": "Polygon", "coordinates": [ [ [ -8923247.08876015432179, 3013829.451714921742678 ], [ -8923253.705366360023618, 3013576.773718180600554 ], [ -8923273.537049315869808, 3013324.788294265512377 ], [ -8923306.529451761394739, 3013074.18611770728603 ], [ -8923352.592143811285496, 3012825.654071653727442 ], [ -8923411.598870830610394, 3012579.873365166597068 ], [ -8923483.387899480760098, 3012337.517666079569608 ], [ -8923567.762461025267839, 3012099.251254517119378 ], [ -8923664.491290654987097, 3011865.72720215190202 ], [ -8923773.309261372312903, 3011637.585582179017365 ], [ -8923893.918110683560371, 3011415.451714921742678 ], [ -8924025.987258113920689, 3011199.934453869238496 ], [ -8924169.154711311683059, 3010991.624516853597015 ], [ -8924323.028058240190148, 3010791.092866932973266 ], [ -8924487.185542749240994, 3010598.889147421345115 ], [ -8924661.177220584824681, 3010415.540175353176892 ], [ -8924844.526192653924227, 3010241.548497516661882 ], [ -8925036.729912165552378, 3010077.391013007611036 ], [ -8925237.261562086641788, 3009923.517666079569608 ], [ -8925445.571499101817608, 3009780.350212881341577 ], [ -8925661.08876015432179, 3009648.281065450515598 ], [ -8925883.2226274125278, 3009527.672216140199453 ], [ -8926111.364247383549809, 3009418.854245423339307 ], [ -8926344.888299750164151, 3009322.125415793154389 ], [ -8926583.154711311683059, 3009237.750854248646647 ], [ -8926825.510410400107503, 3009165.961825598031282 ], [ -8927071.291116885840893, 3009106.955098578706384 ], [ -8927319.823162939399481, 3009060.892406528349966 ], [ -8927570.425339497625828, 3009027.900004083756357 ], [ -8927822.410763412714005, 3009008.068321126513183 ], [ -8928075.08876015432179, 3009001.451714921742678 ], [ -8928327.766756895929575, 3009008.068321126513183 ], [ -8928579.752180811017752, 3009027.900004083756357 ], [ -8928830.354357369244099, 3009060.892406528349966 ], [ -8929078.886403422802687, 3009106.955098578706384 ], [ -8929324.667109908536077, 3009165.961825598031282 ], [ -8929567.022808996960521, 3009237.750854248646647 ], [ -8929805.289220558479428, 3009322.125415793154389 ], [ -8930038.81327292509377, 3009418.854245423339307 ], [ -8930266.95489289611578, 3009527.672216140199453 ], [ -8930489.08876015432179, 3009648.281065450515598 ], [ -8930704.606021206825972, 3009780.350212881341577 ], [ -8930912.915958222001791, 3009923.517666079569608 ], [ -8931113.447608143091202, 3010077.391013007611036 ], [ -8931305.651327654719353, 3010241.548497516661882 ], [ -8931489.000299723818898, 3010415.540175353176892 ], [ -8931662.991977559402585, 3010598.889147421345115 ], [ -8931827.149462068453431, 3010791.092866932973266 ], [ -8931981.022808996960521, 3010991.624516853597015 ], [ -8932124.190262194722891, 3011199.934453869238496 ], [ -8932256.259409625083208, 3011415.451714921742678 ], [ -8932376.868258936330676, 3011637.585582179017365 ], [ -8932485.686229653656483, 3011865.72720215190202 ], [ -8932582.41505928337574, 3012099.251254517119378 ], [ -8932666.789620827883482, 3012337.517666079569608 ], [ -8932738.578649478033185, 3012579.873365166597068 ], [ -8932797.585376497358084, 3012825.654071653727442 ], [ -8932843.64806854724884, 3013074.18611770728603 ], [ -8932876.640470992773771, 3013324.788294265512377 ], [ -8932896.472153948619962, 3013576.773718180600554 ], [ -8932903.08876015432179, 3013829.451714921742678 ], [ -8932896.472153948619962, 3014082.129711662884802 ], [ -8932876.640470992773771, 3014334.115135577972978 ], [ -8932843.64806854724884, 3014584.717312136199325 ], [ -8932797.585376497358084, 3014833.249358189757913 ], [ -8932738.578649478033185, 3015079.030064676888287 ], [ -8932666.789620827883482, 3015321.385763763915747 ], [ -8932582.41505928337574, 3015559.652175326365978 ], [ -8932485.686229653656483, 3015793.176227691583335 ], [ -8932376.868258936330676, 3016021.31784766446799 ], [ -8932256.259409625083208, 3016243.451714921742678 ], [ -8932124.190262194722891, 3016458.96897597424686 ], [ -8931981.022808996960521, 3016667.27891298988834 ], [ -8931827.149462068453431, 3016867.81056291051209 ], [ -8931662.991977559402585, 3017060.014282422140241 ], [ -8931489.000299723818898, 3017243.363254490308464 ], [ -8931305.651327654719353, 3017417.354932326823473 ], [ -8931113.447608143091202, 3017581.512416835874319 ], [ -8930912.915958222001791, 3017735.385763763915747 ], [ -8930704.606021206825972, 3017878.553216962143779 ], [ -8930489.08876015432179, 3018010.622364392969757 ], [ -8930266.95489289611578, 3018131.231213703285903 ], [ -8930038.81327292509377, 3018240.049184420146048 ], [ -8929805.289220558479428, 3018336.778014050330967 ], [ -8929567.022808996960521, 3018421.152575594838709 ], [ -8929324.667109908536077, 3018492.941604245454073 ], [ -8929078.886403422802687, 3018551.948331264778972 ], [ -8928830.354357369244099, 3018598.01102331513539 ], [ -8928579.752180811017752, 3018631.003425759728998 ], [ -8928327.766756895929575, 3018650.835108716972172 ], [ -8928075.08876015432179, 3018657.451714921742678 ], [ -8927822.410763412714005, 3018650.835108716972172 ], [ -8927570.425339497625828, 3018631.003425759728998 ], [ -8927319.823162939399481, 3018598.01102331513539 ], [ -8927071.291116885840893, 3018551.948331264778972 ], [ -8926825.510410400107503, 3018492.941604245454073 ], [ -8926583.154711311683059, 3018421.152575594838709 ], [ -8926344.888299750164151, 3018336.778014050330967 ], [ -8926111.364247383549809, 3018240.049184420146048 ], [ -8925883.2226274125278, 3018131.231213703285903 ], [ -8925661.08876015432179, 3018010.622364392969757 ], [ -8925445.571499101817608, 3017878.553216962143779 ], [ -8925237.261562086641788, 3017735.385763763915747 ], [ -8925036.729912165552378, 3017581.512416835874319 ], [ -8924844.526192653924227, 3017417.354932326823473 ], [ -8924661.177220584824681, 3017243.363254490308464 ], [ -8924487.185542749240994, 3017060.014282422140241 ], [ -8924323.028058240190148, 3016867.81056291051209 ], [ -8924169.154711311683059, 3016667.27891298988834 ], [ -8924025.987258113920689, 3016458.96897597424686 ], [ -8923893.918110683560371, 3016243.451714921742678 ], [ -8923773.309261372312903, 3016021.31784766446799 ], [ -8923664.491290654987097, 3015793.176227691583335 ], [ -8923567.762461025267839, 3015559.652175326365978 ], [ -8923483.387899480760098, 3015321.385763763915747 ], [ -8923411.598870830610394, 3015079.030064676888287 ], [ -8923352.592143811285496, 3014833.249358189757913 ], [ -8923306.529451761394739, 3014584.717312136199325 ], [ -8923273.537049315869808, 3014334.115135577972978 ], [ -8923253.705366360023618, 3014082.129711662884802 ], [ -8923247.08876015432179, 3013829.451714921742678 ] ] ] } },
{ "type": "Feature", "properties": { "facility_name": "Honolulu Resource Recovery Venture - Hpower", "state": "HI" }, "geometry": { "type": "Polygon", "coordinates": [ [ [ -17595174.893746182322502, 2428302.718458483926952 ], [ -17595181.51035238802433, 2428050.040461742784828 ], [ -17595201.342035345733166, 2427798.055037827696651 ], [ -17595234.334437787532806, 2427547.452861269470304 ], [ -17595280.397129841148853, 2427298.920815215911716 ], [ -17595339.403856858611107, 2427053.140108728781343 ], [ -17595411.192885510623455, 2426810.784409641753882 ], [ -17595495.567447055131197, 2426572.517998079303652 ], [ -17595592.296276684850454, 2426338.993945714086294 ], [ -17595701.114247400313616, 2426110.852325741201639 ], [ -17595821.723096709698439, 2425888.718458483926952 ], [ -17595953.792244140058756, 2425673.20119743142277 ], [ -17596096.959697339683771, 2425464.891260415781289 ], [ -17596250.833044268190861, 2425264.35961049515754 ], [ -17596414.990528777241707, 2425072.155890983529389 ], [ -17596588.982206612825394, 2424888.806918915361166 ], [ -17596772.331178680062294, 2424714.815241078846157 ], [ -17596964.534898195415735, 2424550.65775656979531 ], [ -17597165.066548112779856, 2424396.784409641753882 ], [ -17597373.376485127955675, 2424253.616956443525851 ], [ -17597588.893746182322502, 2424121.547809012699872 ], [ -17597811.027613438665867, 2424000.938959702383727 ], [ -17598039.169233411550522, 2423892.120988985523582 ], [ -17598272.693285778164864, 2423795.392159355338663 ], [ -17598510.959697339683771, 2423711.017597810830921 ], [ -17598753.315396428108215, 2423639.228569160215557 ], [ -17598999.09610291570425, 2423580.221842140890658 ], [ -17599247.628148969262838, 2423534.15915009053424 ], [ -17599498.230325527489185, 2423501.166747645940632 ], [ -17599750.215749442577362, 2423481.335064688697457 ], [ -17600002.893746182322502, 2423474.718458483926952 ], [ -17600255.571742922067642, 2423481.335064688697457 ], [ -17600507.557166837155819, 2423501.166747645940632 ], [ -17600758.159343395382166, 2423534.15915009053424 ], [ -17601006.691389448940754, 2423580.221842140890658 ], [ -17601252.472095936536789, 2423639.228569160215557 ], [ -17601494.827795024961233, 2423711.017597810830921 ], [ -17601733.094206586480141, 2423795.392159355338663 ], [ -17601966.618258953094482, 2423892.120988985523582 ], [ -17602194.759878925979137, 2424000.938959702383727 ], [ -17602416.893746182322502, 2424121.547809012699872 ], [ -17602632.411007236689329, 2424253.616956443525851 ], [ -17602840.720944251865149, 2424396.784409641753882 ], [ -17603041.252594169229269, 2424550.65775656979531 ], [ -17603233.45631368458271, 2424714.815241078846157 ], [ -17603416.805285751819611, 2424888.806918915361166 ], [ -17603590.796963587403297, 2425072.155890983529389 ], [ -17603754.954448096454144, 2425264.35961049515754 ], [ -17603908.827795024961233, 2425464.891260415781289 ], [ -17604051.995248224586248, 2425673.20119743142277 ], [ -17604184.064395654946566, 2425888.718458483926952 ], [ -17604304.673244964331388, 2426110.852325741201639 ], [ -17604413.49121567979455, 2426338.993945714086294 ], [ -17604510.220045309513807, 2426572.517998079303652 ], [ -17604594.594606854021549, 2426810.784409641753882 ], [ -17604666.383635506033897, 2427053.140108728781343 ], [ -17604725.390362523496151, 2427298.920815215911716 ], [ -17604771.453054577112198, 2427547.452861269470304 ], [ -17604804.445457018911839, 2427798.055037827696651 ], [ -17604824.277139976620674, 2428050.040461742784828 ], [ -17604830.893746182322502, 2428302.718458483926952 ], [ -17604824.277139976620674, 2428555.396455225069076 ], [ -17604804.445457018911839, 2428807.381879140157253 ], [ -17604771.453054577112198, 2429057.9840556983836 ], [ -17604725.390362523496151, 2429306.516101751942188 ], [ -17604666.383635506033897, 2429552.296808239072561 ], [ -17604594.594606854021549, 2429794.652507326100022 ], [ -17604510.220045309513807, 2430032.918918888550252 ], [ -17604413.49121567979455, 2430266.44297125376761 ], [ -17604304.673244964331388, 2430494.584591226652265 ], [ -17604184.064395654946566, 2430716.718458483926952 ], [ -17604051.995248224586248, 2430932.235719536431134 ], [ -17603908.827795024961233, 2431140.545656552072614 ], [ -17603754.954448096454144, 2431341.077306472696364 ], [ -17603590.796963587403297, 2431533.281025984324515 ], [ -17603416.805285751819611, 2431716.629998052492738 ], [ -17603233.45631368458271, 2431890.621675889007747 ], [ -17603041.252594169229269, 2432054.779160398058593 ], [ -17602840.720944251865149, 2432208.652507326100022 ], [ -17602632.411007236689329, 2432351.819960524328053 ], [ -17602416.893746182322502, 2432483.889107955154032 ], [ -17602194.759878925979137, 2432604.497957265470177 ], [ -17601966.618258953094482, 2432713.315927982330322 ], [ -17601733.094206586480141, 2432810.044757612515241 ], [ -17601494.827795024961233, 2432894.419319157022983 ], [ -17601252.472095936536789, 2432966.208347807638347 ], [ -17601006.691389448940754, 2433025.215074826963246 ], [ -17600758.159343395382166, 2433071.277766877319664 ], [ -17600507.557166837155819, 2433104.270169321913272 ], [ -17600255.571742922067642, 2433124.101852279156446 ], [ -17600002.893746182322502, 2433130.718458483926952 ], [ -17599750.215749442577362, 2433124.101852279156446 ], [ -17599498.230325527489185, 2433104.270169321913272 ], [ -17599247.628148969262838, 2433071.277766877319664 ], [ -17598999.09610291570425, 2433025.215074826963246 ], [ -17598753.315396428108215, 2432966.208347807638347 ], [ -17598510.959697339683771, 2432894.419319157022983 ], [ -17598272.693285778164864, 2432810.044757612515241 ], [ -17598039.169233411550522, 2432713.315927982330322 ], [ -17597811.027613438665867, 2432604.497957265470177 ], [ -17597588.893746182322502, 2432483.889107955154032 ], [ -17597373.376485127955675, 2432351.819960524328053 ], [ -17597165.066548112779856, 2432208.652507326100022 ], [ -17596964.534898195415735, 2432054.779160398058593 ], [ -17596772.331178680062294, 2431890.621675889007747 ], [ -17596588.982206612825394, 2431716.629998052492738 ], [ -17596414.990528777241707, 2431533.281025984324515 ], [ -17596250.833044268190861, 2431341.077306472696364 ], [ -17596096.959697339683771, 2431140.545656552072614 ], [ -17595953.792244140058756, 2430932.235719536431134 ], [ -17595821.723096709698439, 2430716.718458483926952 ], [ -17595701.114247400313616, 2430494.584591226652265 ], [ -17595592.296276684850454, 2430266.44297125376761 ], [ -17595495.567447055131197, 2430032.918918888550252 ], [ -17595411.192885510623455, 2429794.652507326100022 ], [ -17595339.403856858611107, 2429552.296808239072561 ], [ -17595280.397129841148853, 2429306.516101751942188 ], [ -17595234.334437787532806, 2429057.9840556983836 ], [ -17595201.342035345733166, 2428807.381879140157253 ], [ -17595181.51035238802433, 2428555.396455225069076 ], [ -17595174.893746182322502, 2428302.718458483926952 ] ] ] } },
{ "type": "Feature", "properties": { "facility_name": "Indianapolis Resource Recovery Facility", "state": "IN" }, "geometry": { "type": "Polygon", "coordinates": [ [ [ -9589634.782015023753047, 4827423.856382507830858 ], [ -9589641.398621229454875, 4827171.178385767154396 ], [ -9589661.230304185301065, 4826919.192961851134896 ], [ -9589694.222706630825996, 4826668.590785293839872 ], [ -9589740.285398680716753, 4826420.058739239349961 ], [ -9589799.292125700041652, 4826174.278032752685249 ], [ -9589871.081154350191355, 4825931.922333665192127 ], [ -9589955.455715894699097, 4825693.655922102741897 ], [ -9590052.184545524418354, 4825460.131869737990201 ], [ -9590161.002516241744161, 4825231.990249765105546 ], [ -9590281.611365552991629, 4825009.856382507830858 ], [ -9590413.680512983351946, 4824794.339121455326676 ], [ -9590556.847966181114316, 4824586.029184440150857 ], [ -9590710.721313109621406, 4824385.497534519061446 ], [ -9590874.878797618672252, 4824193.293815007433295 ], [ -9591048.870475454255939, 4824009.944842939265072 ], [ -9591232.219447523355484, 4823835.953165102750063 ], [ -9591424.423167034983635, 4823671.795680593699217 ], [ -9591624.954816956073046, 4823517.922333665192127 ], [ -9591833.264753971248865, 4823374.754880467429757 ], [ -9592048.782015023753047, 4823242.685733036138117 ], [ -9592270.915882281959057, 4823122.076883726753294 ], [ -9592499.057502252981067, 4823013.258913009427488 ], [ -9592732.581554619595408, 4822916.53008337970823 ], [ -9592970.847966181114316, 4822832.155521835200489 ], [ -9593213.20366526953876, 4822760.366493184119463 ], [ -9593458.98437175527215, 4822701.359766164794564 ], [ -9593707.516417808830738, 4822655.297074114903808 ], [ -9593958.118594367057085, 4822622.304671669378877 ], [ -9594210.104018282145262, 4822602.472988712601364 ], [ -9594462.782015023753047, 4822595.856382507830858 ], [ -9594715.460011765360832, 4822602.472988712601364 ], [ -9594967.445435680449009, 4822622.304671669378877 ], [ -9595218.047612238675356, 4822655.297074114903808 ], [ -9595466.579658292233944, 4822701.359766164794564 ], [ -9595712.360364777967334, 4822760.366493184119463 ], [ -9595954.716063866391778, 4822832.155521835200489 ], [ -9596192.982475427910686, 4822916.53008337970823 ], [ -9596426.506527794525027, 4823013.258913009427488 ], [ -9596654.648147765547037, 4823122.076883726753294 ], [ -9596876.782015023753047, 4823242.685733036138117 ], [ -9597092.299276076257229, 4823374.754880467429757 ], [ -9597300.609213091433048, 4823517.922333665192127 ], [ -9597501.140863012522459, 4823671.795680593699217 ], [ -9597693.34458252415061, 4823835.953165102750063 ], [ -9597876.693554593250155, 4824009.944842939265072 ], [ -9598050.685232428833842, 4824193.293815007433295 ], [ -9598214.842716937884688, 4824385.497534519061446 ], [ -9598368.716063866391778, 4824586.029184440150857 ], [ -9598511.883517064154148, 4824794.339121455326676 ], [ -9598643.952664494514465, 4825009.856382507830858 ], [ -9598764.561513805761933, 4825231.990249765105546 ], [ -9598873.37948452308774, 4825460.131869737990201 ], [ -9598970.108314152806997, 4825693.655922102741897 ], [ -9599054.482875697314739, 4825931.922333665192127 ], [ -9599126.271904347464442, 4826174.278032752685249 ], [ -9599185.278631366789341, 4826420.058739239349961 ], [ -9599231.341323416680098, 4826668.590785293839872 ], [ -9599264.333725862205029, 4826919.192961851134896 ], [ -9599284.165408818051219, 4827171.178385767154396 ], [ -9599290.782015023753047, 4827423.856382507830858 ], [ -9599284.165408818051219, 4827676.534379248507321 ], [ -9599264.333725862205029, 4827928.519803163595498 ], [ -9599231.341323416680098, 4828179.121979721821845 ], [ -9599185.278631366789341, 4828427.654025776311755 ], [ -9599126.271904347464442, 4828673.434732262976468 ], [ -9599054.482875697314739, 4828915.790431350469589 ], [ -9598970.108314152806997, 4829154.056842912919819 ], [ -9598873.37948452308774, 4829387.580895277671516 ], [ -9598764.561513805761933, 4829615.722515250556171 ], [ -9598643.952664494514465, 4829837.856382507830858 ], [ -9598511.883517064154148, 4830053.37364356033504 ], [ -9598368.716063866391778, 4830261.683580575510859 ], [ -9598214.842716937884688, 4830462.21523049660027 ], [ -9598050.685232428833842, 4830654.418950008228421 ], [ -9597876.693554593250155, 4830837.767922076396644 ], [ -9597693.34458252415061, 4831011.759599912911654 ], [ -9597501.140863012522459, 4831175.9170844219625 ], [ -9597300.609213091433048, 4831329.790431350469589 ], [ -9597092.299276076257229, 4831472.957884548231959 ], [ -9596876.782015023753047, 4831605.027031979523599 ], [ -9596654.648147765547037, 4831725.635881288908422 ], [ -9596426.506527794525027, 4831834.453852006234229 ], [ -9596192.982475427910686, 4831931.182681635953486 ], [ -9595954.716063866391778, 4832015.557243180461228 ], [ -9595712.360364777967334, 4832087.346271831542253 ], [ -9595466.579658292233944, 4832146.352998850867152 ], [ -9595218.047612238675356, 4832192.415690900757909 ], [ -9594967.445435680449009, 4832225.40809334628284 ], [ -9594715.460011765360832, 4832245.239776303060353 ], [ -9594462.782015023753047, 4832251.856382507830858 ], [ -9594210.104018282145262, 4832245.239776303060353 ], [ -9593958.118594367057085, 4832225.40809334628284 ], [ -9593707.516417808830738, 4832192.415690900757909 ], [ -9593458.98437175527215, 4832146.352998850867152 ], [ -9593213.20366526953876, 4832087.346271831542253 ], [ -9592970.847966181114316, 4832015.557243180461228 ], [ -9592732.581554619595408, 4831931.182681635953486 ], [ -9592499.057502252981067, 4831834.453852006234229 ], [ -9592270.915882281959057, 4831725.635881288908422 ], [ -9592048.782015023753047, 4831605.027031979523599 ], [ -9591833.264753971248865, 4831472.957884548231959 ], [ -9591624.954816956073046, 4831329.790431350469589 ], [ -9591424.423167034983635, 4831175.9170844219625 ], [ -9591232.219447523355484, 4831011.759599912911654 ], [ -9591048.870475454255939, 4830837.767922076396644 ], [ -9590874.878797618672252, 4830654.418950008228421 ], [ -9590710.721313109621406, 4830462.21523049660027 ], [ -9590556.847966181114316, 4830261.683580575510859 ], [ -9590413.680512983351946, 4830053.37364356033504 ], [ -9590281.611365552991629, 4829837.856382507830858 ], [ -9590161.002516241744161, 4829615.722515250556171 ], [ -9590052.184545524418354, 4829387.580895277671516 ], [ -9589955.455715894699097, 4829154.056842912919819 ], [ -9589871.081154350191355, 4828915.790431350469589 ], [ -9589799.292125700041652, 4828673.434732262976468 ], [ -9589740.285398680716753, 4828427.654025776311755 ], [ -9589694.222706630825996, 4828179.121979721821845 ], [ -9589661.230304185301065, 4827928.51980316452682 ], [ -9589641.398621229454875, 4827676.534379248507321 ], [ -9589634.782015023753047, 4827423.856382507830858 ] ] ] } },
{ "type": "Feature", "properties": { "facility_name": "Arnold O. Chantland Resource Recovery Plant", "state": "IA" }, "geometry": { "type": "Polygon", "coordinates": [ [ [ -10415350.266447668895125, 5164481.638962615281343 ], [ -10415356.883053874596953, 5164228.960965874604881 ], [ -10415376.714736830443144, 5163976.975541958585382 ], [ -10415409.707139275968075, 5163726.373365401290357 ], [ -10415455.769831325858831, 5163477.841319346800447 ], [ -10415514.77655834518373, 5163232.060612860135734 ], [ -10415586.565586995333433, 5162989.704913772642612 ], [ -10415670.940148539841175, 5162751.438502210192382 ], [ -10415767.668978169560432, 5162517.914449845440686 ], [ -10415876.486948886886239, 5162289.772829872556031 ], [ -10415997.095798198133707, 5162067.638962615281343 ], [ -10416129.164945628494024, 5161852.121701562777162 ], [ -10416272.332398826256394, 5161643.811764547601342 ], [ -10416426.205745754763484, 5161443.280114626511931 ], [ -10416590.36323026381433, 5161251.07639511488378 ], [ -10416764.354908099398017, 5161067.727423046715558 ], [ -10416947.703880168497562, 5160893.735745210200548 ], [ -10417139.907599680125713, 5160729.578260701149702 ], [ -10417340.439249601215124, 5160575.704913772642612 ], [ -10417548.749186616390944, 5160432.537460574880242 ], [ -10417764.266447668895125, 5160300.468313143588603 ], [ -10417986.400314927101135, 5160179.85946383420378 ], [ -10418214.541934898123145, 5160071.041493116877973 ], [ -10418448.065987264737487, 5159974.312663487158716 ], [ -10418686.332398826256394, 5159889.938101942650974 ], [ -10418928.688097914680839, 5159818.149073291569948 ], [ -10419174.468804400414228, 5159759.142346272245049 ], [ -10419423.000850453972816, 5159713.079654222354293 ], [ -10419673.603027012199163, 5159680.087251776829362 ], [ -10419925.58845092728734, 5159660.255568820051849 ], [ -10420178.266447668895125, 5159653.638962615281343 ], [ -10420430.944444410502911, 5159660.255568820051849 ], [ -10420682.929868325591087, 5159680.087251776829362 ], [ -10420933.532044883817434, 5159713.079654222354293 ], [ -10421182.064090937376022, 5159759.142346272245049 ], [ -10421427.844797423109412, 5159818.149073291569948 ], [ -10421670.200496511533856, 5159889.938101942650974 ], [ -10421908.466908073052764, 5159974.312663487158716 ], [ -10422141.990960439667106, 5160071.041493116877973 ], [ -10422370.132580410689116, 5160179.85946383420378 ], [ -10422592.266447668895125, 5160300.468313143588603 ], [ -10422807.783708721399307, 5160432.537460574880242 ], [ -10423016.093645736575127, 5160575.704913772642612 ], [ -10423216.625295657664537, 5160729.578260701149702 ], [ -10423408.829015169292688, 5160893.735745210200548 ], [ -10423592.177987238392234, 5161067.727423046715558 ], [ -10423766.169665073975921, 5161251.07639511488378 ], [ -10423930.327149583026767, 5161443.280114626511931 ], [ -10424084.200496511533856, 5161643.811764547601342 ], [ -10424227.367949709296227, 5161852.121701562777162 ], [ -10424359.437097139656544, 5162067.638962615281343 ], [ -10424480.045946450904012, 5162289.772829872556031 ], [ -10424588.863917168229818, 5162517.914449845440686 ], [ -10424685.592746797949076, 5162751.438502210192382 ], [ -10424769.967308342456818, 5162989.704913772642612 ], [ -10424841.756336992606521, 5163232.060612860135734 ], [ -10424900.763064011931419, 5163477.841319346800447 ], [ -10424946.825756061822176, 5163726.373365401290357 ], [ -10424979.818158507347107, 5163976.975541958585382 ], [ -10424999.649841463193297, 5164228.960965874604881 ], [ -10425006.266447668895125, 5164481.638962615281343 ], [ -10424999.649841463193297, 5164734.316959355957806 ], [ -10424979.818158507347107, 5164986.302383271045983 ], [ -10424946.825756061822176, 5165236.90455982927233 ], [ -10424900.763064011931419, 5165485.43660588376224 ], [ -10424841.756336992606521, 5165731.217312370426953 ], [ -10424769.967308342456818, 5165973.573011457920074 ], [ -10424685.592746797949076, 5166211.839423020370305 ], [ -10424588.863917168229818, 5166445.363475385122001 ], [ -10424480.045946450904012, 5166673.505095358006656 ], [ -10424359.437097139656544, 5166895.638962615281343 ], [ -10424227.367949709296227, 5167111.156223667785525 ], [ -10424084.200496511533856, 5167319.466160682961345 ], [ -10423930.327149583026767, 5167519.997810604050756 ], [ -10423766.169665073975921, 5167712.201530115678906 ], [ -10423592.177987238392234, 5167895.550502183847129 ], [ -10423408.829015169292688, 5168069.542180020362139 ], [ -10423216.625295657664537, 5168233.699664529412985 ], [ -10423016.093645736575127, 5168387.573011457920074 ], [ -10422807.783708721399307, 5168530.740464655682445 ], [ -10422592.266447668895125, 5168662.809612086974084 ], [ -10422370.132580410689116, 5168783.418461396358907 ], [ -10422141.990960439667106, 5168892.236432113684714 ], [ -10421908.466908073052764, 5168988.965261743403971 ], [ -10421670.200496511533856, 5169073.339823287911713 ], [ -10421427.844797423109412, 5169145.128851938992739 ], [ -10421182.064090937376022, 5169204.135578958317637 ], [ -10420933.532044883817434, 5169250.198271008208394 ], [ -10420682.929868325591087, 5169283.190673453733325 ], [ -10420430.944444410502911, 5169303.022356410510838 ], [ -10420178.266447668895125, 5169309.638962615281343 ], [ -10419925.58845092728734, 5169303.022356410510838 ], [ -10419673.603027012199163, 5169283.190673453733325 ], [ -10419423.000850453972816, 5169250.198271008208394 ], [ -10419174.468804400414228, 5169204.135578958317637 ], [ -10418928.688097914680839, 5169145.128851938992739 ], [ -10418686.332398826256394, 5169073.339823287911713 ], [ -10418448.065987264737487, 5168988.965261743403971 ], [ -10418214.541934898123145, 5168892.236432113684714 ], [ -10417986.400314927101135, 5168783.418461396358907 ], [ -10417764.266447668895125, 5168662.809612086974084 ], [ -10417548.749186616390944, 5168530.740464655682445 ], [ -10417340.439249601215124, 5168387.573011457920074 ], [ -10417139.907599680125713, 5168233.699664529412985 ], [ -10416947.703880168497562, 5168069.542180020362139 ], [ -10416764.354908099398017, 5167895.550502183847129 ], [ -10416590.36323026381433, 5167712.201530115678906 ], [ -10416426.205745754763484, 5167519.997810604050756 ], [ -10416272.332398826256394, 5167319.466160682961345 ], [ -10416129.164945628494024, 5167111.156223667785525 ], [ -10415997.095798198133707, 5166895.638962615281343 ], [ -10415876.486948886886239, 5166673.505095358006656 ], [ -10415767.668978169560432, 5166445.363475385122001 ], [ -10415670.940148539841175, 5166211.839423020370305 ], [ -10415586.565586995333433, 5165973.573011457920074 ], [ -10415514.77655834518373, 5165731.217312370426953 ], [ -10415455.769831325858831, 5165485.43660588376224 ], [ -10415409.707139275968075, 5165236.90455982927233 ], [ -10415376.714736830443144, 5164986.302383271977305 ], [ -10415356.883053874596953, 5164734.316959355957806 ], [ -10415350.266447668895125, 5164481.638962615281343 ] ] ] } },
{ "type": "Feature", "properties": { "facility_name": "Mid-Maine Waste Action Corporation", "state": "ME" }, "geometry": { "type": "Polygon", "coordinates": [ [ [ -7816597.254816406406462, 5475939.647720620036125 ], [ -7816603.871422611176968, 5475686.969723879359663 ], [ -7816623.703105567954481, 5475434.984299963340163 ], [ -7816656.695508013479412, 5475184.382123406045139 ], [ -7816702.758200063370168, 5474935.850077351555228 ], [ -7816761.764927082695067, 5474690.069370864890516 ], [ -7816833.553955733776093, 5474447.713671777397394 ], [ -7816917.928517278283834, 5474209.447260214947164 ], [ -7817014.657346908003092, 5473975.923207850195467 ], [ -7817123.475317625328898, 5473747.781587877310812 ], [ -7817244.084166934713721, 5473525.647720620036125 ], [ -7817376.153314366005361, 5473310.130459567531943 ], [ -7817519.320767563767731, 5473101.820522552356124 ], [ -7817673.194114492274821, 5472901.288872631266713 ], [ -7817837.351599001325667, 5472709.085153119638562 ], [ -7818011.343276837840676, 5472525.736181051470339 ], [ -7818194.692248906008899, 5472351.74450321495533 ], [ -7818386.89596841763705, 5472187.587018705904484 ], [ -7818587.427618338726461, 5472033.713671777397394 ], [ -7818795.73755535390228, 5471890.546218579635024 ], [ -7819011.254816406406462, 5471758.477071148343384 ], [ -7819233.388683663681149, 5471637.868221838958561 ], [ -7819461.530303636565804, 5471529.050251121632755 ], [ -7819695.054356001317501, 5471432.321421491913497 ], [ -7819933.320767563767731, 5471347.946859947405756 ], [ -7820175.676466651260853, 5471276.15783129632473 ], [ -7820421.457173137925565, 5471217.151104276999831 ], [ -7820669.989219192415476, 5471171.088412227109075 ], [ -7820920.5913957497105, 5471138.096009781584144 ], [ -7821172.57681966573, 5471118.264326824806631 ], [ -7821425.254816406406462, 5471111.647720620036125 ], [ -7821677.932813147082925, 5471118.264326824806631 ], [ -7821929.918237062171102, 5471138.096009781584144 ], [ -7822180.520413620397449, 5471171.088412227109075 ], [ -7822429.052459674887359, 5471217.151104276999831 ], [ -7822674.833166161552072, 5471276.15783129632473 ], [ -7822917.188865249045193, 5471347.946859947405756 ], [ -7823155.455276811495423, 5471432.321421491913497 ], [ -7823388.97932917624712, 5471529.050251121632755 ], [ -7823617.120949149131775, 5471637.868221838958561 ], [ -7823839.254816406406462, 5471758.477071148343384 ], [ -7824054.772077458910644, 5471890.546218579635024 ], [ -7824263.082014474086463, 5472033.713671777397394 ], [ -7824463.613664395175874, 5472187.587018705904484 ], [ -7824655.817383906804025, 5472351.74450321495533 ], [ -7824839.166355974972248, 5472525.736181051470339 ], [ -7825013.158033811487257, 5472709.085153119638562 ], [ -7825177.315518320538104, 5472901.288872631266713 ], [ -7825331.188865249045193, 5473101.820522552356124 ], [ -7825474.356318446807563, 5473310.130459567531943 ], [ -7825606.425465878099203, 5473525.647720620036125 ], [ -7825727.034315187484026, 5473747.781587877310812 ], [ -7825835.852285904809833, 5473975.923207850195467 ], [ -7825932.58111553452909, 5474209.447260214947164 ], [ -7826016.955677079036832, 5474447.713671777397394 ], [ -7826088.744705730117857, 5474690.069370864890516 ], [ -7826147.751432749442756, 5474935.850077351555228 ], [ -7826193.814124799333513, 5475184.382123406045139 ], [ -7826226.806527244858444, 5475434.984299963340163 ], [ -7826246.638210201635957, 5475686.969723879359663 ], [ -7826253.254816406406462, 5475939.647720620036125 ], [ -7826246.638210201635957, 5476192.325717360712588 ], [ -7826226.806527244858444, 5476444.311141275800765 ], [ -7826193.814124799333513, 5476694.913317834027112 ], [ -7826147.751432749442756, 5476943.445363888517022 ], [ -7826088.744705730117857, 5477189.226070375181735 ], [ -7826016.955677079036832, 5477431.581769462674856 ], [ -7825932.58111553452909, 5477669.848181025125086 ], [ -7825835.852285904809833, 5477903.372233389876783 ], [ -7825727.034315187484026, 5478131.513853362761438 ], [ -7825606.425465878099203, 5478353.647720620036125 ], [ -7825474.356318446807563, 5478569.164981672540307 ], [ -7825331.188865249045193, 5478777.474918687716126 ], [ -7825177.315518320538104, 5478978.006568608805537 ], [ -7825013.158033811487257, 5479170.210288120433688 ], [ -7824839.166355974972248, 5479353.559260188601911 ], [ -7824655.817383906804025, 5479527.55093802511692 ], [ -7824463.613664395175874, 5479691.708422534167767 ], [ -7824263.082014474086463, 5479845.581769462674856 ], [ -7824054.772077458910644, 5479988.749222660437226 ], [ -7823839.254816406406462, 5480120.818370091728866 ], [ -7823617.120949149131775, 5480241.427219401113689 ], [ -7823388.97932917624712, 5480350.245190118439496 ], [ -7823155.455276811495423, 5480446.974019748158753 ], [ -7822917.188865249045193, 5480531.348581292666495 ], [ -7822674.833166161552072, 5480603.13760994374752 ], [ -7822429.052459674887359, 5480662.144336963072419 ], [ -7822180.520413620397449, 5480708.207029012963176 ], [ -7821929.918237063102424, 5480741.199431458488107 ], [ -7821677.932813147082925, 5480761.03111441526562 ], [ -7821425.254816406406462, 5480767.647720620036125 ], [ -7821172.57681966573, 5480761.03111441526562 ], [ -7820920.591395750641823, 5480741.199431458488107 ], [ -7820669.989219192415476, 5480708.207029012963176 ], [ -7820421.457173137925565, 5480662.144336963072419 ], [ -7820175.676466651260853, 5480603.13760994374752 ], [ -7819933.320767563767731, 5480531.348581292666495 ], [ -7819695.054356001317501, 5480446.974019748158753 ], [ -7819461.530303636565804, 5480350.245190118439496 ], [ -7819233.388683663681149, 5480241.427219401113689 ], [ -7819011.254816406406462, 5480120.818370091728866 ], [ -7818795.73755535390228, 5479988.749222660437226 ], [ -7818587.427618338726461, 5479845.581769462674856 ], [ -7818386.89596841763705, 5479691.708422534167767 ], [ -7818194.692248906008899, 5479527.55093802511692 ], [ -7818011.343276837840676, 5479353.559260188601911 ], [ -7817837.351599001325667, 5479170.210288120433688 ], [ -7817673.194114492274821, 5478978.006568608805537 ], [ -7817519.320767563767731, 5478777.474918687716126 ], [ -7817376.153314366005361, 5478569.164981672540307 ], [ -7817244.084166934713721, 5478353.647720620036125 ], [ -7817123.475317625328898, 5478131.513853362761438 ], [ -7817014.657346908003092, 5477903.372233389876783 ], [ -7816917.928517278283834, 5477669.848181025125086 ], [ -7816833.553955733776093, 5477431.581769462674856 ], [ -7816761.764927082695067, 5477189.226070375181735 ], [ -7816702.758200063370168, 5476943.445363888517022 ], [ -7816656.695508013479412, 5476694.913317834027112 ], [ -7816623.703105567954481, 5476444.311141276732087 ], [ -7816603.871422611176968, 5476192.325717360712588 ], [ -7816597.254816406406462, 5475939.647720620036125 ] ] ] } },
{ "type": "Feature", "properties": { "facility_name": "ecomaine", "state": "ME" }, "geometry": { "type": "Polygon", "coordinates": [ [ [ -7824729.41078563220799, 5411939.15350032504648 ], [ -7824736.027391836978495, 5411686.475503584370017 ], [ -7824755.859074793756008, 5411434.490079668350518 ], [ -7824788.851477239280939, 5411183.887903111055493 ], [ -7824834.914169289171696, 5410935.355857056565583 ], [ -7824893.920896308496594, 5410689.57515056990087 ], [ -7824965.70992495957762, 5410447.219451482407749 ], [ -7825050.084486504085362, 5410208.953039919957519 ], [ -7825146.813316133804619, 5409975.428987555205822 ], [ -7825255.631286851130426, 5409747.287367582321167 ], [ -7825376.240136160515249, 5409525.15350032504648 ], [ -7825508.309283591806889, 5409309.636239272542298 ], [ -7825651.476736789569259, 5409101.326302257366478 ], [ -7825805.350083718076348, 5408900.794652336277068 ], [ -7825969.507568227127194, 5408708.590932824648917 ], [ -7826143.499246063642204, 5408525.241960756480694 ], [ -7826326.848218131810427, 5408351.250282919965684 ], [ -7826519.051937643438578, 5408187.092798410914838 ], [ -7826719.583587564527988, 5408033.219451482407749 ], [ -7826927.893524579703808, 5407890.051998284645379 ], [ -7827143.41078563220799, 5407757.982850853353739 ], [ -7827365.544652889482677, 5407637.374001543968916 ], [ -7827593.686272862367332, 5407528.556030826643109 ], [ -7827827.210325227119029, 5407431.827201196923852 ], [ -7828065.476736789569259, 5407347.45263965241611 ], [ -7828307.83243587706238, 5407275.663611001335084 ], [ -7828553.613142363727093, 5407216.656883982010186 ], [ -7828802.145188418217003, 5407170.594191932119429 ], [ -7829052.747364975512028, 5407137.601789486594498 ], [ -7829304.732788891531527, 5407117.770106529816985 ], [ -7829557.41078563220799, 5407111.15350032504648 ], [ -7829810.088782372884452, 5407117.770106529816985 ], [ -7830062.074206288903952, 5407137.601789486594498 ], [ -7830312.676382846198976, 5407170.594191932119429 ], [ -7830561.208428900688887, 5407216.656883982010186 ], [ -7830806.989135387353599, 5407275.663611001335084 ], [ -7831049.344834474846721, 5407347.45263965241611 ], [ -7831287.611246037296951, 5407431.827201196923852 ], [ -7831521.135298402048647, 5407528.556030826643109 ], [ -7831749.276918374933302, 5407637.374001543968916 ], [ -7831971.41078563220799, 5407757.982850853353739 ], [ -7832186.928046684712172, 5407890.051998284645379 ], [ -7832395.237983699887991, 5408033.219451482407749 ], [ -7832595.769633620977402, 5408187.092798410914838 ], [ -7832787.973353132605553, 5408351.250282919965684 ], [ -7832971.322325200773776, 5408525.241960756480694 ], [ -7833145.314003037288785, 5408708.590932824648917 ], [ -7833309.471487546339631, 5408900.794652336277068 ], [ -7833463.344834474846721, 5409101.326302257366478 ], [ -7833606.512287672609091, 5409309.636239272542298 ], [ -7833738.581435103900731, 5409525.15350032504648 ], [ -7833859.190284413285553, 5409747.287367582321167 ], [ -7833968.00825513061136, 5409975.428987555205822 ], [ -7834064.737084760330617, 5410208.953039919957519 ], [ -7834149.111646304838359, 5410447.219451482407749 ], [ -7834220.900674955919385, 5410689.57515056990087 ], [ -7834279.907401975244284, 5410935.355857056565583 ], [ -7834325.97009402513504, 5411183.887903111055493 ], [ -7834358.962496470659971, 5411434.490079668350518 ], [ -7834378.794179427437484, 5411686.475503584370017 ], [ -7834385.41078563220799, 5411939.15350032504648 ], [ -7834378.794179427437484, 5412191.831497065722942 ], [ -7834358.962496470659971, 5412443.816920980811119 ], [ -7834325.97009402513504, 5412694.419097539037466 ], [ -7834279.907401975244284, 5412942.951143593527377 ], [ -7834220.900674955919385, 5413188.731850080192089 ], [ -7834149.111646304838359, 5413431.087549167685211 ], [ -7834064.737084760330617, 5413669.353960730135441 ], [ -7833968.00825513061136, 5413902.878013094887137 ], [ -7833859.190284413285553, 5414131.019633067771792 ], [ -7833738.581435103900731, 5414353.15350032504648 ], [ -7833606.512287672609091, 5414568.670761377550662 ], [ -7833463.344834474846721, 5414776.980698392726481 ], [ -7833309.471487546339631, 5414977.512348313815892 ], [ -7833145.314003037288785, 5415169.716067825444043 ], [ -7832971.322325200773776, 5415353.065039893612266 ], [ -7832787.973353132605553, 5415527.056717730127275 ], [ -7832595.769633620977402, 5415691.214202239178121 ], [ -7832395.237983699887991, 5415845.087549167685211 ], [ -7832186.928046684712172, 5415988.255002365447581 ], [ -7831971.41078563220799, 5416120.324149796739221 ], [ -7831749.276918374933302, 5416240.932999106124043 ], [ -7831521.135298402048647, 5416349.75096982344985 ], [ -7831287.611246037296951, 5416446.479799453169107 ], [ -7831049.344834474846721, 5416530.854360997676849 ], [ -7830806.989135387353599, 5416602.643389648757875 ], [ -7830561.208428900688887, 5416661.650116668082774 ], [ -7830312.676382846198976, 5416707.71280871797353 ], [ -7830062.074206288903952, 5416740.705211163498461 ], [ -7829810.088782372884452, 5416760.536894120275974 ], [ -7829557.41078563220799, 5416767.15350032504648 ], [ -7829304.732788891531527, 5416760.536894120275974 ], [ -7829052.74736497644335, 5416740.705211163498461 ], [ -7828802.145188418217003, 5416707.71280871797353 ], [ -7828553.613142363727093, 5416661.650116668082774 ], [ -7828307.83243587706238, 5416602.643389648757875 ], [ -7828065.476736789569259, 5416530.854360997676849 ], [ -7827827.210325227119029, 5416446.479799453169107 ], [ -7827593.686272862367332, 5416349.75096982344985 ], [ -7827365.544652889482677, 5416240.932999106124043 ], [ -7827143.41078563220799, 5416120.324149796739221 ], [ -7826927.893524579703808, 5415988.255002365447581 ], [ -7826719.583587564527988, 5415845.087549167685211 ], [ -7826519.051937643438578, 5415691.214202239178121 ], [ -7826326.848218131810427, 5415527.056717730127275 ], [ -7826143.499246063642204, 5415353.065039893612266 ], [ -7825969.507568227127194, 5415169.716067825444043 ], [ -7825805.350083718076348, 5414977.512348313815892 ], [ -7825651.476736789569259, 5414776.980698392726481 ], [ -7825508.309283591806889, 5414568.670761377550662 ], [ -7825376.240136160515249, 5414353.15350032504648 ], [ -7825255.631286851130426, 5414131.019633067771792 ], [ -7825146.813316133804619, 5413902.878013094887137 ], [ -7825050.084486504085362, 5413669.353960730135441 ], [ -7824965.70992495957762, 5413431.087549167685211 ], [ -7824893.920896308496594, 5413188.731850080192089 ], [ -7824834.914169289171696, 5412942.951143593527377 ], [ -7824788.851477239280939, 5412694.419097539037466 ], [ -7824755.859074793756008, 5412443.816920981742442 ], [ -7824736.027391836978495, 5412191.831497065722942 ], [ -7824729.41078563220799, 5411939.15350032504648 ] ] ] } },
{ "type": "Feature", "properties": { "facility_name": "Penobscot Energy Recovery Company", "state": "ME" }, "geometry": { "type": "Polygon", "coordinates": [ [ [ -7656497.106747606769204, 5580410.94922679848969 ], [ -7656503.72335381153971, 5580158.271230057813227 ], [ -7656523.555036768317223, 5579906.285806141793728 ], [ -7656556.547439213842154, 5579655.683629584498703 ], [ -7656602.61013126373291, 5579407.151583530008793 ], [ -7656661.616858283057809, 5579161.37087704334408 ], [ -7656733.405886934138834, 5578919.015177955850959 ], [ -7656817.780448478646576, 5578680.748766393400729 ], [ -7656914.509278108365834, 5578447.224714028649032 ], [ -7657023.32724882569164, 5578219.083094055764377 ], [ -7657143.936098135076463, 5577996.94922679848969 ], [ -7657276.005245566368103, 5577781.431965745985508 ], [ -7657419.172698764130473, 5577573.122028730809689 ], [ -7657573.046045692637563, 5577372.590378809720278 ], [ -7657737.203530201688409, 5577180.386659298092127 ], [ -7657911.195208038203418, 5576997.037687229923904 ], [ -7658094.544180106371641, 5576823.046009393408895 ], [ -7658286.747899617999792, 5576658.888524884358048 ], [ -7658487.279549539089203, 5576505.015177955850959 ], [ -7658695.589486554265022, 5576361.847724758088589 ], [ -7658911.106747606769204, 5576229.778577326796949 ], [ -7659133.240614864043891, 5576109.169728017412126 ], [ -7659361.382234836928546, 5576000.351757300086319 ], [ -7659594.906287201680243, 5575903.622927670367062 ], [ -7659833.172698764130473, 5575819.24836612585932 ], [ -7660075.528397851623595, 5575747.459337474778295 ], [ -7660321.309104338288307, 5575688.452610455453396 ], [ -7660569.841150392778218, 5575642.389918405562639 ], [ -7660820.443326950073242, 5575609.397515960037708 ], [ -7661072.428750866092741, 5575589.565833003260195 ], [ -7661325.106747606769204, 5575582.94922679848969 ], [ -7661577.784744347445667, 5575589.565833003260195 ], [ -7661829.770168263465166, 5575609.397515960037708 ], [ -7662080.37234482076019, 5575642.389918405562639 ], [ -7662328.904390875250101, 5575688.452610455453396 ], [ -7662574.685097361914814, 5575747.459337474778295 ], [ -7662817.040796449407935, 5575819.24836612585932 ], [ -7663055.307208011858165, 5575903.622927670367062 ], [ -7663288.831260376609862, 5576000.351757300086319 ], [ -7663516.972880349494517, 5576109.169728017412126 ], [ -7663739.106747606769204, 5576229.778577326796949 ], [ -7663954.624008659273386, 5576361.847724758088589 ], [ -7664162.933945674449205, 5576505.015177955850959 ], [ -7664363.465595595538616, 5576658.888524884358048 ], [ -7664555.669315107166767, 5576823.046009393408895 ], [ -7664739.01828717533499, 5576997.037687229923904 ], [ -7664913.009965011849999, 5577180.386659298092127 ], [ -7665077.167449520900846, 5577372.590378809720278 ], [ -7665231.040796449407935, 5577573.122028730809689 ], [ -7665374.208249647170305, 5577781.431965745985508 ], [ -7665506.277397078461945, 5577996.94922679848969 ], [ -7665626.886246387846768, 5578219.083094055764377 ], [ -7665735.704217105172575, 5578447.224714028649032 ], [ -7665832.433046734891832, 5578680.748766393400729 ], [ -7665916.807608279399574, 5578919.015177955850959 ], [ -7665988.596636930480599, 5579161.37087704334408 ], [ -7666047.603363949805498, 5579407.151583530008793 ], [ -7666093.666055999696255, 5579655.683629584498703 ], [ -7666126.658458445221186, 5579906.285806141793728 ], [ -7666146.490141401998699, 5580158.271230057813227 ], [ -7666153.106747606769204, 5580410.94922679848969 ], [ -7666146.490141401998699, 5580663.627223539166152 ], [ -7666126.658458445221186, 5580915.612647454254329 ], [ -7666093.666055999696255, 5581166.214824012480676 ], [ -7666047.603363949805498, 5581414.746870066970587 ], [ -7665988.596636930480599, 5581660.527576553635299 ], [ -7665916.807608279399574, 5581902.883275641128421 ], [ -7665832.433046734891832, 5582141.149687203578651 ], [ -7665735.704217105172575, 5582374.673739568330348 ], [ -7665626.886246387846768, 5582602.815359541215003 ], [ -7665506.277397078461945, 5582824.94922679848969 ], [ -7665374.208249647170305, 5583040.466487850993872 ], [ -7665231.040796449407935, 5583248.776424866169691 ], [ -7665077.167449520900846, 5583449.308074787259102 ], [ -7664913.009965011849999, 5583641.511794298887253 ], [ -7664739.01828717533499, 5583824.860766367055476 ], [ -7664555.669315107166767, 5583998.852444203570485 ], [ -7664363.465595595538616, 5584163.009928712621331 ], [ -7664162.933945674449205, 5584316.883275641128421 ], [ -7663954.624008659273386, 5584460.050728838890791 ], [ -7663739.106747606769204, 5584592.119876270182431 ], [ -7663516.972880349494517, 5584712.728725579567254 ], [ -7663288.831260376609862, 5584821.54669629689306 ], [ -7663055.307208011858165, 5584918.275525926612318 ], [ -7662817.040796449407935, 5585002.650087471120059 ], [ -7662574.685097361914814, 5585074.439116122201085 ], [ -7662328.904390875250101, 5585133.445843141525984 ], [ -7662080.37234482076019, 5585179.50853519141674 ], [ -7661829.770168263465166, 5585212.500937636941671 ], [ -7661577.784744347445667, 5585232.332620593719184 ], [ -7661325.106747606769204, 5585238.94922679848969 ], [ -7661072.428750866092741, 5585232.332620593719184 ], [ -7660820.443326951004565, 5585212.500937636941671 ], [ -7660569.841150392778218, 5585179.50853519141674 ], [ -7660321.309104338288307, 5585133.445843141525984 ], [ -7660075.528397851623595, 5585074.439116122201085 ], [ -7659833.172698764130473, 5585002.650087471120059 ], [ -7659594.906287201680243, 5584918.275525926612318 ], [ -7659361.382234836928546, 5584821.54669629689306 ], [ -7659133.240614864043891, 5584712.728725579567254 ], [ -7658911.106747606769204, 5584592.119876270182431 ], [ -7658695.589486554265022, 5584460.050728838890791 ], [ -7658487.279549539089203, 5584316.883275641128421 ], [ -7658286.747899617999792, 5584163.009928712621331 ], [ -7658094.544180106371641, 5583998.852444203570485 ], [ -7657911.195208038203418, 5583824.860766367055476 ], [ -7657737.203530201688409, 5583641.511794298887253 ], [ -7657573.046045692637563, 5583449.308074787259102 ], [ -7657419.172698764130473, 5583248.776424866169691 ], [ -7657276.005245566368103, 5583040.466487850993872 ], [ -7657143.936098135076463, 5582824.94922679848969 ], [ -7657023.32724882569164, 5582602.815359541215003 ], [ -7656914.509278108365834, 5582374.673739568330348 ], [ -7656817.780448478646576, 5582141.149687203578651 ], [ -7656733.405886934138834, 5581902.883275641128421 ], [ -7656661.616858283057809, 5581660.527576553635299 ], [ -7656602.61013126373291, 5581414.746870066970587 ], [ -7656556.547439213842154, 5581166.214824012480676 ], [ -7656523.555036768317223, 5580915.612647455185652 ], [ -7656503.72335381153971, 5580663.627223539166152 ], [ -7656497.106747606769204, 5580410.94922679848969 ] ] ] } },
{ "type": "Feature", "properties": { "facility_name": "Montgomery County Resource Recovery Facility", "state": "MD" }, "geometry": { "type": "Polygon", "coordinates": [ [ [ -8617472.139968954026699, 4750544.927273076027632 ], [ -8617478.756575159728527, 4750292.249276335351169 ], [ -8617498.588258115574718, 4750040.26385241933167 ], [ -8617531.580660561099648, 4749789.661675862036645 ], [ -8617577.643352610990405, 4749541.129629807546735 ], [ -8617636.650079630315304, 4749295.348923320882022 ], [ -8617708.439108280465007, 4749052.993224233388901 ], [ -8617792.813669824972749, 4748814.726812670938671 ], [ -8617889.542499454692006, 4748581.202760306186974 ], [ -8617998.360470172017813, 4748353.061140333302319 ], [ -8618118.969319483265281, 4748130.927273076027632 ], [ -8618251.038466913625598, 4747915.41001202352345 ], [ -8618394.205920111387968, 4747707.100075008347631 ], [ -8618548.079267039895058, 4747506.56842508725822 ], [ -8618712.236751548945904, 4747314.364705575630069 ], [ -8618886.228429384529591, 4747131.015733507461846 ], [ -8619069.577401453629136, 4746957.024055670946836 ], [ -8619261.781120965257287, 4746792.86657116189599 ], [ -8619462.312770886346698, 4746638.993224233388901 ], [ -8619670.622707901522517, 4746495.825771035626531 ], [ -8619886.139968954026699, 4746363.756623604334891 ], [ -8620108.273836212232709, 4746243.147774294950068 ], [ -8620336.415456183254719, 4746134.329803577624261 ], [ -8620569.939508549869061, 4746037.600973947905004 ], [ -8620808.205920111387968, 4745953.226412403397262 ], [ -8621050.561619199812412, 4745881.437383752316236 ], [ -8621296.342325685545802, 4745822.430656732991338 ], [ -8621544.87437173910439, 4745776.367964683100581 ], [ -8621795.476548297330737, 4745743.37556223757565 ], [ -8622047.461972212418914, 4745723.543879280798137 ], [ -8622300.139968954026699, 4745716.927273076027632 ], [ -8622552.817965695634484, 4745723.543879280798137 ], [ -8622804.803389610722661, 4745743.37556223757565 ], [ -8623055.405566168949008, 4745776.367964683100581 ], [ -8623303.937612222507596, 4745822.430656732991338 ], [ -8623549.718318708240986, 4745881.437383752316236 ], [ -8623792.07401779666543, 4745953.226412403397262 ], [ -8624030.340429358184338, 4746037.600973947905004 ], [ -8624263.864481724798679, 4746134.329803577624261 ], [ -8624492.006101695820689, 4746243.147774294950068 ], [ -8624714.139968954026699, 4746363.756623604334891 ], [ -8624929.657230006530881, 4746495.825771035626531 ], [ -8625137.9671670217067, 4746638.993224233388901 ], [ -8625338.498816942796111, 4746792.86657116189599 ], [ -8625530.702536454424262, 4746957.024055670946836 ], [ -8625714.051508523523808, 4747131.015733507461846 ], [ -8625888.043186359107494, 4747314.364705575630069 ], [ -8626052.20067086815834, 4747506.56842508725822 ], [ -8626206.07401779666543, 4747707.100075008347631 ], [ -8626349.2414709944278, 4747915.41001202352345 ], [ -8626481.310618424788117, 4748130.927273076027632 ], [ -8626601.919467736035585, 4748353.061140333302319 ], [ -8626710.737438453361392, 4748581.202760306186974 ], [ -8626807.466268083080649, 4748814.726812670938671 ], [ -8626891.840829627588391, 4749052.993224233388901 ], [ -8626963.629858277738094, 4749295.348923320882022 ], [ -8627022.636585297062993, 4749541.129629807546735 ], [ -8627068.69927734695375, 4749789.661675862036645 ], [ -8627101.691679792478681, 4750040.26385241933167 ], [ -8627121.523362748324871, 4750292.249276335351169 ], [ -8627128.139968954026699, 4750544.927273076027632 ], [ -8627121.523362748324871, 4750797.605269816704094 ], [ -8627101.691679792478681, 4751049.590693731792271 ], [ -8627068.69927734695375, 4751300.192870290018618 ], [ -8627022.636585297062993, 4751548.724916344508529 ], [ -8626963.629858277738094, 4751794.505622831173241 ], [ -8626891.840829627588391, 4752036.861321918666363 ], [ -8626807.466268083080649, 4752275.127733481116593 ], [ -8626710.737438453361392, 4752508.651785845868289 ], [ -8626601.919467736035585, 4752736.793405818752944 ], [ -8626481.310618424788117, 4752958.927273076027632 ], [ -8626349.2414709944278, 4753174.444534128531814 ], [ -8626206.07401779666543, 4753382.754471143707633 ], [ -8626052.20067086815834, 4753583.286121064797044 ], [ -8625888.043186359107494, 4753775.489840576425195 ], [ -8625714.051508523523808, 4753958.838812644593418 ], [ -8625530.702536454424262, 4754132.830490481108427 ], [ -8625338.498816942796111, 4754296.987974990159273 ], [ -8625137.9671670217067, 4754450.861321918666363 ], [ -8624929.657230006530881, 4754594.028775116428733 ], [ -8624714.139968954026699, 4754726.097922547720373 ], [ -8624492.006101695820689, 4754846.706771857105196 ], [ -8624263.864481724798679, 4754955.524742574431002 ], [ -8624030.340429358184338, 4755052.253572204150259 ], [ -8623792.07401779666543, 4755136.628133748658001 ], [ -8623549.718318708240986, 4755208.417162399739027 ], [ -8623303.937612222507596, 4755267.423889419063926 ], [ -8623055.405566168949008, 4755313.486581468954682 ], [ -8622804.803389610722661, 4755346.478983914479613 ], [ -8622552.817965695634484, 4755366.310666871257126 ], [ -8622300.139968954026699, 4755372.927273076027632 ], [ -8622047.461972212418914, 4755366.310666871257126 ], [ -8621795.476548297330737, 4755346.478983914479613 ], [ -8621544.87437173910439, 4755313.486581468954682 ], [ -8621296.342325685545802, 4755267.423889419063926 ], [ -8621050.561619199812412, 4755208.417162399739027 ], [ -8620808.205920111387968, 4755136.628133748658001 ], [ -8620569.939508549869061, 4755052.253572204150259 ], [ -8620336.415456183254719, 4754955.524742574431002 ], [ -8620108.273836212232709, 4754846.706771857105196 ], [ -8619886.139968954026699, 4754726.097922547720373 ], [ -8619670.622707901522517, 4754594.028775116428733 ], [ -8619462.312770886346698, 4754450.861321918666363 ], [ -8619261.781120965257287, 4754296.987974990159273 ], [ -8619069.577401453629136, 4754132.830490481108427 ], [ -8618886.228429384529591, 4753958.838812644593418 ], [ -8618712.236751548945904, 4753775.489840576425195 ], [ -8618548.079267039895058, 4753583.286121064797044 ], [ -8618394.205920111387968, 4753382.754471143707633 ], [ -8618251.038466913625598, 4753174.444534128531814 ], [ -8618118.969319483265281, 4752958.927273076027632 ], [ -8617998.360470172017813, 4752736.793405818752944 ], [ -8617889.542499454692006, 4752508.651785845868289 ], [ -8617792.813669824972749, 4752275.127733481116593 ], [ -8617708.439108280465007, 4752036.861321918666363 ], [ -8617636.650079630315304, 4751794.505622831173241 ], [ -8617577.643352610990405, 4751548.724916344508529 ], [ -8617531.580660561099648, 4751300.192870290018618 ], [ -8617498.588258115574718, 4751049.590693732723594 ], [ -8617478.756575159728527, 4750797.605269816704094 ], [ -8617472.139968954026699, 4750544.927273076027632 ] ] ] } },
{ "type": "Feature", "properties": { "facility_name": "Wheelabrator Baltimore", "state": "MD" }, "geometry": { "type": "Polygon", "coordinates": [ [ [ -8525513.090111564844847, 4760450.645497214049101 ], [ -8525519.706717770546675, 4760197.967500473372638 ], [ -8525539.538400726392865, 4759945.982076557353139 ], [ -8525572.530803171917796, 4759695.3799 ], [ -8525618.593495221808553, 4759446.847853945568204 ], [ -8525677.600222241133451, 4759201.067147458903491 ], [ -8525749.389250891283154, 4758958.71144837141037 ], [ -8525833.763812435790896, 4758720.44503680896014 ], [ -8525930.492642065510154, 4758486.920984444208443 ], [ -8526039.31061278283596, 4758258.779364471323788 ], [ -8526159.919462094083428, 4758036.645497214049101 ], [ -8526291.988609524443746, 4757821.128236161544919 ], [ -8526435.156062722206116, 4757612.8182991463691 ], [ -8526589.029409650713205, 4757412.286649225279689 ], [ -8526753.186894159764051, 4757220.082929713651538 ], [ -8526927.178571995347738, 4757036.733957645483315 ], [ -8527110.527544064447284, 4756862.742279808968306 ], [ -8527302.731263576075435, 4756698.584795299917459 ], [ -8527503.262913497164845, 4756544.71144837141037 ], [ -8527711.572850512340665, 4756401.543995173648 ], [ -8527927.090111564844847, 4756269.47484774235636 ], [ -8528149.223978823050857, 4756148.865998432971537 ], [ -8528377.365598794072866, 4756040.04802771564573 ], [ -8528610.889651160687208, 4755943.319198085926473 ], [ -8528849.156062722206116, 4755858.944636541418731 ], [ -8529091.51176181063056, 4755787.155607890337706 ], [ -8529337.29246829636395, 4755728.148880871012807 ], [ -8529585.824514349922538, 4755682.08618882112205 ], [ -8529836.426690908148885, 4755649.093786375597119 ], [ -8530088.412114823237062, 4755629.262103418819606 ], [ -8530341.090111564844847, 4755622.645497214049101 ], [ -8530593.768108306452632, 4755629.262103418819606 ], [ -8530845.753532221540809, 4755649.093786375597119 ], [ -8531096.355708779767156, 4755682.08618882112205 ], [ -8531344.887754833325744, 4755728.148880871012807 ], [ -8531590.668461319059134, 4755787.155607890337706 ], [ -8531833.024160407483578, 4755858.944636541418731 ], [ -8532071.290571969002485, 4755943.319198085926473 ], [ -8532304.814624335616827, 4756040.04802771564573 ], [ -8532532.956244306638837, 4756148.865998432971537 ], [ -8532755.090111564844847, 4756269.47484774235636 ], [ -8532970.607372617349029, 4756401.543995173648 ], [ -8533178.917309632524848, 4756544.71144837141037 ], [ -8533379.448959553614259, 4756698.584795299917459 ], [ -8533571.65267906524241, 4756862.742279808968306 ], [ -8533755.001651134341955, 4757036.733957645483315 ], [ -8533928.993328969925642, 4757220.082929713651538 ], [ -8534093.150813478976488, 4757412.286649225279689 ], [ -8534247.024160407483578, 4757612.8182991463691 ], [ -8534390.191613605245948, 4757821.128236161544919 ], [ -8534522.260761035606265, 4758036.645497214049101 ], [ -8534642.869610346853733, 4758258.779364471323788 ], [ -8534751.68758106417954, 4758486.920984444208443 ], [ -8534848.416410693898797, 4758720.44503680896014 ], [ -8534932.790972238406539, 4758958.71144837141037 ], [ -8535004.580000888556242, 4759201.067147458903491 ], [ -8535063.586727907881141, 4759446.847853945568204 ], [ -8535109.649419957771897, 4759695.3799 ], [ -8535142.641822403296828, 4759945.982076557353139 ], [ -8535162.473505359143019, 4760197.967500473372638 ], [ -8535169.090111564844847, 4760450.645497214049101 ], [ -8535162.473505359143019, 4760703.323493954725564 ], [ -8535142.641822403296828, 4760955.30891786981374 ], [ -8535109.649419957771897, 4761205.911094428040087 ], [ -8535063.586727907881141, 4761454.443140482529998 ], [ -8535004.580000888556242, 4761700.22384696919471 ], [ -8534932.790972238406539, 4761942.579546056687832 ], [ -8534848.416410693898797, 4762180.845957619138062 ], [ -8534751.68758106417954, 4762414.370009983889759 ], [ -8534642.869610346853733, 4762642.511629956774414 ], [ -8534522.260761035606265, 4762864.645497214049101 ], [ -8534390.191613605245948, 4763080.162758266553283 ], [ -8534247.024160407483578, 4763288.472695281729102 ], [ -8534093.150813478976488, 4763489.004345202818513 ], [ -8533928.993328969925642, 4763681.208064714446664 ], [ -8533755.001651134341955, 4763864.557036782614887 ], [ -8533571.65267906524241, 4764038.548714619129896 ], [ -8533379.448959553614259, 4764202.706199128180742 ], [ -8533178.917309632524848, 4764356.579546056687832 ], [ -8532970.607372617349029, 4764499.746999254450202 ], [ -8532755.090111564844847, 4764631.816146685741842 ], [ -8532532.956244306638837, 4764752.424995995126665 ], [ -8532304.814624335616827, 4764861.242966712452471 ], [ -8532071.290571969002485, 4764957.971796342171729 ], [ -8531833.024160407483578, 4765042.346357886679471 ], [ -8531590.668461319059134, 4765114.135386537760496 ], [ -8531344.887754833325744, 4765173.142113557085395 ], [ -8531096.355708779767156, 4765219.204805606976151 ], [ -8530845.753532221540809, 4765252.197208052501082 ], [ -8530593.768108306452632, 4765272.028891009278595 ], [ -8530341.090111564844847, 4765278.645497214049101 ], [ -8530088.412114823237062, 4765272.028891009278595 ], [ -8529836.426690908148885, 4765252.197208052501082 ], [ -8529585.824514349922538, 4765219.204805606976151 ], [ -8529337.29246829636395, 4765173.142113557085395 ], [ -8529091.51176181063056, 4765114.135386537760496 ], [ -8528849.156062722206116, 4765042.346357886679471 ], [ -8528610.889651160687208, 4764957.971796342171729 ], [ -8528377.365598794072866, 4764861.242966712452471 ], [ -8528149.223978823050857, 4764752.424995995126665 ], [ -8527927.090111564844847, 4764631.816146685741842 ], [ -8527711.572850512340665, 4764499.746999254450202 ], [ -8527503.262913497164845, 4764356.579546056687832 ], [ -8527302.731263576075435, 4764202.706199128180742 ], [ -8527110.527544064447284, 4764038.548714619129896 ], [ -8526927.178571995347738, 4763864.557036782614887 ], [ -8526753.186894159764051, 4763681.208064714446664 ], [ -8526589.029409650713205, 4763489.004345202818513 ], [ -8526435.156062722206116, 4763288.472695281729102 ], [ -8526291.988609524443746, 4763080.162758266553283 ], [ -8526159.919462094083428, 4762864.645497214049101 ], [ -8526039.31061278283596, 4762642.511629956774414 ], [ -8525930.492642065510154, 4762414.370009983889759 ], [ -8525833.763812435790896, 4762180.845957619138062 ], [ -8525749.389250891283154, 4761942.579546056687832 ], [ -8525677.600222241133451, 4761700.22384696919471 ], [ -8525618.593495221808553, 4761454.443140482529998 ], [ -8525572.530803171917796, 4761205.911094428040087 ], [ -8525539.538400726392865, 4760955.308917870745063 ], [ -8525519.706717770546675, 4760703.323493954725564 ], [ -8525513.090111564844847, 4760450.645497214049101 ] ] ] } },
{ "type": "Feature", "properties": { "facility_name": "Haverhill Resource Recovery Facility", "state": "MA" }, "geometry": { "type": "Polygon", "coordinates": [ [ [ -7912719.820608696900308, 5276392.524039567448199 ], [ -7912726.437214901670814, 5276139.846042826771736 ], [ -7912746.268897858448327, 5275887.860618910752237 ], [ -7912779.261300303973258, 5275637.258442353457212 ], [ -7912825.323992353864014, 5275388.726396298967302 ], [ -7912884.330719373188913, 5275142.945689812302589 ], [ -7912956.119748024269938, 5274900.589990724809468 ], [ -7913040.49430956877768, 5274662.323579162359238 ], [ -7913137.223139198496938, 5274428.799526797607541 ], [ -7913246.041109915822744, 5274200.657906824722886 ], [ -7913366.649959225207567, 5273978.524039567448199 ], [ -7913498.719106656499207, 5273763.006778514944017 ], [ -7913641.886559854261577, 5273554.696841499768198 ], [ -7913795.759906782768667, 5273354.165191578678787 ], [ -7913959.917391291819513, 5273161.961472067050636 ], [ -7914133.909069128334522, 5272978.612499998882413 ], [ -7914317.258041196502745, 5272804.620822162367404 ], [ -7914509.461760708130896, 5272640.463337653316557 ], [ -7914709.993410629220307, 5272486.589990724809468 ], [ -7914918.303347644396126, 5272343.422537527047098 ], [ -7915133.820608696900308, 5272211.353390095755458 ], [ -7915355.954475954174995, 5272090.744540786370635 ], [ -7915584.09609592705965, 5271981.926570069044828 ], [ -7915817.620148291811347, 5271885.197740439325571 ], [ -7916055.886559854261577, 5271800.823178894817829 ], [ -7916298.242258941754699, 5271729.034150243736804 ], [ -7916544.022965428419411, 5271670.027423224411905 ], [ -7916792.555011482909322, 5271623.964731174521148 ], [ -7917043.157188040204346, 5271590.972328728996217 ], [ -7917295.142611956223845, 5271571.140645772218704 ], [ -7917547.820608696900308, 5271564.524039567448199 ], [ -7917800.498605437576771, 5271571.140645772218704 ], [ -7918052.484029352664948, 5271590.972328728996217 ], [ -7918303.086205910891294, 5271623.964731174521148 ], [ -7918551.618251965381205, 5271670.027423224411905 ], [ -7918797.398958452045918, 5271729.034150243736804 ], [ -7919039.754657539539039, 5271800.823178894817829 ], [ -7919278.021069101989269, 5271885.197740439325571 ], [ -7919511.545121466740966, 5271981.926570069044828 ], [ -7919739.686741439625621, 5272090.744540786370635 ], [ -7919961.820608696900308, 5272211.353390095755458 ], [ -7920177.33786974940449, 5272343.422537527047098 ], [ -7920385.647806764580309, 5272486.589990724809468 ], [ -7920586.17945668566972, 5272640.463337653316557 ], [ -7920778.383176197297871, 5272804.620822162367404 ], [ -7920961.732148265466094, 5272978.612499998882413 ], [ -7921135.723826101981103, 5273161.961472067050636 ], [ -7921299.88131061103195, 5273354.165191578678787 ], [ -7921453.754657539539039, 5273554.696841499768198 ], [ -7921596.922110737301409, 5273763.006778514944017 ], [ -7921728.991258168593049, 5273978.524039567448199 ], [ -7921849.600107477977872, 5274200.657906824722886 ], [ -7921958.418078195303679, 5274428.799526797607541 ], [ -7922055.146907825022936, 5274662.323579162359238 ], [ -7922139.521469369530678, 5274900.589990724809468 ], [ -7922211.310498020611703, 5275142.945689812302589 ], [ -7922270.317225039936602, 5275388.726396298967302 ], [ -7922316.379917089827359, 5275637.258442353457212 ], [ -7922349.37231953535229, 5275887.860618910752237 ], [ -7922369.204002492129803, 5276139.846042826771736 ], [ -7922375.820608696900308, 5276392.524039567448199 ], [ -7922369.204002492129803, 5276645.202036308124661 ], [ -7922349.37231953535229, 5276897.187460223212838 ], [ -7922316.379917089827359, 5277147.789636781439185 ], [ -7922270.317225039936602, 5277396.321682835929096 ], [ -7922211.310498020611703, 5277642.102389322593808 ], [ -7922139.521469369530678, 5277884.45808841008693 ], [ -7922055.146907825022936, 5278122.72449997253716 ], [ -7921958.418078195303679, 5278356.248552337288857 ], [ -7921849.600107477977872, 5278584.390172310173512 ], [ -7921728.991258168593049, 5278806.524039567448199 ], [ -7921596.922110737301409, 5279022.041300619952381 ], [ -7921453.754657539539039, 5279230.3512376351282 ], [ -7921299.88131061103195, 5279430.882887556217611 ], [ -7921135.723826101981103, 5279623.086607067845762 ], [ -7920961.732148265466094, 5279806.435579136013985 ], [ -7920778.383176197297871, 5279980.427256972528994 ], [ -7920586.17945668566972, 5280144.58474148157984 ], [ -7920385.647806764580309, 5280298.45808841008693 ], [ -7920177.33786974940449, 5280441.6255416078493 ], [ -7919961.820608696900308, 5280573.69468903914094 ], [ -7919739.686741439625621, 5280694.303538348525763 ], [ -7919511.545121466740966, 5280803.121509065851569 ], [ -7919278.021069101989269, 5280899.850338695570827 ], [ -7919039.754657539539039, 5280984.224900240078568 ], [ -7918797.398958452045918, 5281056.013928891159594 ], [ -7918551.618251965381205, 5281115.020655910484493 ], [ -7918303.086205910891294, 5281161.083347960375249 ], [ -7918052.48402935359627, 5281194.07575040590018 ], [ -7917800.498605437576771, 5281213.907433362677693 ], [ -7917547.820608696900308, 5281220.524039567448199 ], [ -7917295.142611956223845, 5281213.907433362677693 ], [ -7917043.157188041135669, 5281194.07575040590018 ], [ -7916792.555011482909322, 5281161.083347960375249 ], [ -7916544.022965428419411, 5281115.020655910484493 ], [ -7916298.242258941754699, 5281056.013928891159594 ], [ -7916055.886559854261577, 5280984.224900240078568 ], [ -7915817.620148291811347, 5280899.850338695570827 ], [ -7915584.09609592705965, 5280803.121509065851569 ], [ -7915355.954475954174995, 5280694.303538348525763 ], [ -7915133.820608696900308, 5280573.69468903914094 ], [ -7914918.303347644396126, 5280441.6255416078493 ], [ -7914709.993410629220307, 5280298.45808841008693 ], [ -7914509.461760708130896, 5280144.58474148157984 ], [ -7914317.258041196502745, 5279980.427256972528994 ], [ -7914133.909069128334522, 5279806.435579136013985 ], [ -7913959.917391291819513, 5279623.086607067845762 ], [ -7913795.759906782768667, 5279430.882887556217611 ], [ -7913641.886559854261577, 5279230.3512376351282 ], [ -7913498.719106656499207, 5279022.041300619952381 ], [ -7913366.649959225207567, 5278806.524039567448199 ], [ -7913246.041109915822744, 5278584.390172310173512 ], [ -7913137.223139198496938, 5278356.248552337288857 ], [ -7913040.49430956877768, 5278122.72449997253716 ], [ -7912956.119748024269938, 5277884.45808841008693 ], [ -7912884.330719373188913, 5277642.102389322593808 ], [ -7912825.323992353864014, 5277396.321682835929096 ], [ -7912779.261300303973258, 5277147.789636781439185 ], [ -7912746.268897858448327, 5276897.187460224144161 ], [ -7912726.437214901670814, 5276645.202036308124661 ], [ -7912719.820608696900308, 5276392.524039567448199 ] ] ] } },
{ "type": "Feature", "properties": { "facility_name": "SEMASS Resource Recovery Facility", "state": "MA" }, "geometry": { "type": "Polygon", "coordinates": [ [ [ -7875276.897623180411756, 5131614.75321235973388 ], [ -7875283.514229385182261, 5131362.075215619057417 ], [ -7875303.345912341959774, 5131110.089791703037918 ], [ -7875336.338314787484705, 5130859.487615145742893 ], [ -7875382.401006837375462, 5130610.955569091252983 ], [ -7875441.407733856700361, 5130365.17486260458827 ], [ -7875513.196762507781386, 5130122.819163517095149 ], [ -7875597.571324052289128, 5129884.552751954644918 ], [ -7875694.300153682008386, 5129651.028699589893222 ], [ -7875803.118124399334192, 5129422.887079617008567 ], [ -7875923.726973708719015, 5129200.75321235973388 ], [ -7876055.796121140010655, 5128985.235951307229698 ], [ -7876198.963574337773025, 5128776.926014292053878 ], [ -7876352.836921266280115, 5128576.394364370964468 ], [ -7876516.994405775330961, 5128384.190644859336317 ], [ -7876690.98608361184597, 5128200.841672791168094 ], [ -7876874.335055680014193, 5128026.849994954653084 ], [ -7877066.538775191642344, 5127862.692510445602238 ], [ -7877267.070425112731755, 5127708.819163517095149 ], [ -7877475.380362127907574, 5127565.651710319332778 ], [ -7877690.897623180411756, 5127433.582562888041139 ], [ -7877913.031490437686443, 5127312.973713578656316 ], [ -7878141.173110410571098, 5127204.155742861330509 ], [ -7878374.697162775322795, 5127107.426913231611252 ], [ -7878612.963574337773025, 5127023.05235168710351 ], [ -7878855.319273425266147, 5126951.263323036022484 ], [ -7879101.099979911930859, 5126892.256596016697586 ], [ -7879349.63202596642077, 5126846.193903966806829 ], [ -7879600.234202523715794, 5126813.201501521281898 ], [ -7879852.219626439735293, 5126793.369818564504385 ], [ -7880104.897623180411756, 5126786.75321235973388 ], [ -7880357.575619921088219, 5126793.369818564504385 ], [ -7880609.561043836176395, 5126813.201501521281898 ], [ -7880860.163220394402742, 5126846.193903966806829 ], [ -7881108.695266448892653, 5126892.256596016697586 ], [ -7881354.475972935557365, 5126951.263323036022484 ], [ -7881596.831672023050487, 5127023.05235168710351 ], [ -7881835.098083585500717, 5127107.426913231611252 ], [ -7882068.622135950252414, 5127204.155742861330509 ], [ -7882296.763755923137069, 5127312.973713578656316 ], [ -7882518.897623180411756, 5127433.582562888041139 ], [ -7882734.414884232915938, 5127565.651710319332778 ], [ -7882942.724821248091757, 5127708.819163517095149 ], [ -7883143.256471169181168, 5127862.692510445602238 ], [ -7883335.460190680809319, 5128026.849994954653084 ], [ -7883518.809162748977542, 5128200.841672791168094 ], [ -7883692.800840585492551, 5128384.190644859336317 ], [ -7883856.958325094543397, 5128576.394364370964468 ], [ -7884010.831672023050487, 5128776.926014292053878 ], [ -7884153.999125220812857, 5128985.235951307229698 ], [ -7884286.068272652104497, 5129200.75321235973388 ], [ -7884406.67712196148932, 5129422.887079617008567 ], [ -7884515.495092678815126, 5129651.028699589893222 ], [ -7884612.223922308534384, 5129884.552751954644918 ], [ -7884696.598483853042126, 5130122.819163517095149 ], [ -7884768.387512504123151, 5130365.17486260458827 ], [ -7884827.39423952344805, 5130610.955569091252983 ], [ -7884873.456931573338807, 5130859.487615145742893 ], [ -7884906.449334018863738, 5131110.089791703037918 ], [ -7884926.281016975641251, 5131362.075215619057417 ], [ -7884932.897623180411756, 5131614.75321235973388 ], [ -7884926.281016975641251, 5131867.431209100410342 ], [ -7884906.449334018863738, 5132119.416633015498519 ], [ -7884873.456931573338807, 5132370.018809573724866 ], [ -7884827.39423952344805, 5132618.550855628214777 ], [ -7884768.387512504123151, 5132864.331562114879489 ], [ -7884696.598483853042126, 5133106.687261202372611 ], [ -7884612.223922308534384, 5133344.953672764822841 ], [ -7884515.495092678815126, 5133578.477725129574537 ], [ -7884406.67712196148932, 5133806.619345102459192 ], [ -7884286.068272652104497, 5134028.75321235973388 ], [ -7884153.999125220812857, 5134244.270473412238061 ], [ -7884010.831672023050487, 5134452.580410427413881 ], [ -7883856.958325094543397, 5134653.112060348503292 ], [ -7883692.800840585492551, 5134845.315779860131443 ], [ -7883518.809162748977542, 5135028.664751928299665 ], [ -7883335.460190680809319, 5135202.656429764814675 ], [ -7883143.256471169181168, 5135366.813914273865521 ], [ -7882942.724821248091757, 5135520.687261202372611 ], [ -7882734.414884232915938, 5135663.854714400134981 ], [ -7882518.897623180411756, 5135795.92386183142662 ], [ -7882296.763755923137069, 5135916.532711140811443 ], [ -7882068.622135950252414, 5136025.35068185813725 ], [ -7881835.098083585500717, 5136122.079511487856507 ], [ -7881596.831672023050487, 5136206.454073032364249 ], [ -7881354.475972935557365, 5136278.243101683445275 ], [ -7881108.695266448892653, 5136337.249828702770174 ], [ -7880860.163220394402742, 5136383.31252075266093 ], [ -7880609.561043837107718, 5136416.304923198185861 ], [ -7880357.575619921088219, 5136436.136606154963374 ], [ -7880104.897623180411756, 5136442.75321235973388 ], [ -7879852.219626439735293, 5136436.136606154963374 ], [ -7879600.234202524647117, 5136416.304923198185861 ], [ -7879349.63202596642077, 5136383.31252075266093 ], [ -7879101.099979911930859, 5136337.249828702770174 ], [ -7878855.319273425266147, 5136278.243101683445275 ], [ -7878612.963574337773025, 5136206.454073032364249 ], [ -7878374.697162775322795, 5136122.079511487856507 ], [ -7878141.173110410571098, 5136025.35068185813725 ], [ -7877913.031490437686443, 5135916.532711140811443 ], [ -7877690.897623180411756, 5135795.92386183142662 ], [ -7877475.380362127907574, 5135663.854714400134981 ], [ -7877267.070425112731755, 5135520.687261202372611 ], [ -7877066.538775191642344, 5135366.813914273865521 ], [ -7876874.335055680014193, 5135202.656429764814675 ], [ -7876690.98608361184597, 5135028.664751928299665 ], [ -7876516.994405775330961, 5134845.315779860131443 ], [ -7876352.836921266280115, 5134653.112060348503292 ], [ -7876198.963574337773025, 5134452.580410427413881 ], [ -7876055.796121140010655, 5134244.270473412238061 ], [ -7875923.726973708719015, 5134028.75321235973388 ], [ -7875803.118124399334192, 5133806.619345102459192 ], [ -7875694.300153682008386, 5133578.477725129574537 ], [ -7875597.571324052289128, 5133344.953672764822841 ], [ -7875513.196762507781386, 5133106.687261202372611 ], [ -7875441.407733856700361, 5132864.331562114879489 ], [ -7875382.401006837375462, 5132618.550855628214777 ], [ -7875336.338314787484705, 5132370.018809573724866 ], [ -7875303.345912341959774, 5132119.416633016429842 ], [ -7875283.514229385182261, 5131867.431209100410342 ], [ -7875276.897623180411756, 5131614.75321235973388 ] ] ] } },
{ "type": "Feature", "properties": { "facility_name": "Wheelabrator Millbury ", "state": "MA" }, "geometry": { "type": "Polygon", "coordinates": [ [ [ -7984066.140918520279229, 5194208.481098986230791 ], [ -7984072.757524725049734, 5193955.803102245554328 ], [ -7984092.589207681827247, 5193703.817678329534829 ], [ -7984125.581610127352178, 5193453.215501772239804 ], [ -7984171.644302177242935, 5193204.683455717749894 ], [ -7984230.651029196567833, 5192958.902749231085181 ], [ -7984302.440057847648859, 5192716.54705014359206 ], [ -7984386.814619392156601, 5192478.280638581141829 ], [ -7984483.543449021875858, 5192244.756586216390133 ], [ -7984592.361419739201665, 5192016.614966243505478 ], [ -7984712.970269048586488, 5191794.481098986230791 ], [ -7984845.039416479878128, 5191578.963837933726609 ], [ -7984988.206869677640498, 5191370.653900918550789 ], [ -7985142.080216606147587, 5191170.122250997461379 ], [ -7985306.237701115198433, 5190977.918531485833228 ], [ -7985480.229378951713443, 5190794.569559417665005 ], [ -7985663.578351019881666, 5190620.577881581149995 ], [ -7985855.782070531509817, 5190456.420397072099149 ], [ -7986056.313720452599227, 5190302.54705014359206 ], [ -7986264.623657467775047, 5190159.37959694582969 ], [ -7986480.140918520279229, 5190027.31044951453805 ], [ -7986702.274785777553916, 5189906.701600205153227 ], [ -7986930.416405750438571, 5189797.88362948782742 ], [ -7987163.940458115190268, 5189701.154799858108163 ], [ -7987402.206869677640498, 5189616.780238313600421 ], [ -7987644.562568765133619, 5189544.991209662519395 ], [ -7987890.343275251798332, 5189485.984482643194497 ], [ -7988138.875321306288242, 5189439.92179059330374 ], [ -7988389.477497863583267, 5189406.929388147778809 ], [ -7988641.462921779602766, 5189387.097705191001296 ], [ -7988894.140918520279229, 5189380.481098986230791 ], [ -7989146.818915260955691, 5189387.097705191001296 ], [ -7989398.804339176043868, 5189406.929388147778809 ], [ -7989649.406515734270215, 5189439.92179059330374 ], [ -7989897.938561788760126, 5189485.984482643194497 ], [ -7990143.719268275424838, 5189544.991209662519395 ], [ -7990386.07496736291796, 5189616.780238313600421 ], [ -7990624.34137892536819, 5189701.154799858108163 ], [ -7990857.865431290119886, 5189797.88362948782742 ], [ -7991086.007051263004541, 5189906.701600205153227 ], [ -7991308.140918520279229, 5190027.31044951453805 ], [ -7991523.658179572783411, 5190159.37959694582969 ], [ -7991731.96811658795923, 5190302.54705014359206 ], [ -7991932.499766509048641, 5190456.420397072099149 ], [ -7992124.703486020676792, 5190620.577881581149995 ], [ -7992308.052458088845015, 5190794.569559417665005 ], [ -7992482.044135925360024, 5190977.918531485833228 ], [ -7992646.20162043441087, 5191170.122250997461379 ], [ -7992800.07496736291796, 5191370.653900918550789 ], [ -7992943.24242056068033, 5191578.963837933726609 ], [ -7993075.31156799197197, 5191794.481098986230791 ], [ -7993195.920417301356792, 5192016.614966243505478 ], [ -7993304.738388018682599, 5192244.756586216390133 ], [ -7993401.467217648401856, 5192478.280638581141829 ], [ -7993485.841779192909598, 5192716.54705014359206 ], [ -7993557.630807843990624, 5192958.902749231085181 ], [ -7993616.637534863315523, 5193204.683455717749894 ], [ -7993662.700226913206279, 5193453.215501772239804 ], [ -7993695.69262935873121, 5193703.817678329534829 ], [ -7993715.524312315508723, 5193955.803102245554328 ], [ -7993722.140918520279229, 5194208.481098986230791 ], [ -7993715.524312315508723, 5194461.159095726907253 ], [ -7993695.69262935873121, 5194713.14451964199543 ], [ -7993662.700226913206279, 5194963.746696200221777 ], [ -7993616.637534863315523, 5195212.278742254711688 ], [ -7993557.630807843990624, 5195458.0594487413764 ], [ -7993485.841779192909598, 5195700.415147828869522 ], [ -7993401.467217648401856, 5195938.681559391319752 ], [ -7993304.738388018682599, 5196172.205611756071448 ], [ -7993195.920417301356792, 5196400.347231728956103 ], [ -7993075.31156799197197, 5196622.481098986230791 ], [ -7992943.24242056068033, 5196837.998360038734972 ], [ -7992800.07496736291796, 5197046.308297053910792 ], [ -7992646.20162043441087, 5197246.839946975000203 ], [ -7992482.044135925360024, 5197439.043666486628354 ], [ -7992308.052458088845015, 5197622.392638554796576 ], [ -7992124.703486020676792, 5197796.384316391311586 ], [ -7991932.499766509048641, 5197960.541800900362432 ], [ -7991731.96811658795923, 5198114.415147828869522 ], [ -7991523.658179572783411, 5198257.582601026631892 ], [ -7991308.140918520279229, 5198389.651748457923532 ], [ -7991086.007051263004541, 5198510.260597767308354 ], [ -7990857.865431290119886, 5198619.078568484634161 ], [ -7990624.34137892536819, 5198715.807398114353418 ], [ -7990386.07496736291796, 5198800.18195965886116 ], [ -7990143.719268275424838, 5198871.970988309942186 ], [ -7989897.938561788760126, 5198930.977715329267085 ], [ -7989649.406515734270215, 5198977.040407379157841 ], [ -7989398.804339176975191, 5199010.032809824682772 ], [ -7989146.818915260955691, 5199029.864492781460285 ], [ -7988894.140918520279229, 5199036.481098986230791 ], [ -7988641.462921779602766, 5199029.864492781460285 ], [ -7988389.477497864514589, 5199010.032809824682772 ], [ -7988138.875321306288242, 5198977.040407379157841 ], [ -7987890.343275251798332, 5198930.977715329267085 ], [ -7987644.562568765133619, 5198871.970988309942186 ], [ -7987402.206869677640498, 5198800.18195965886116 ], [ -7987163.940458115190268, 5198715.807398114353418 ], [ -7986930.416405750438571, 5198619.078568484634161 ], [ -7986702.274785777553916, 5198510.260597767308354 ], [ -7986480.140918520279229, 5198389.651748457923532 ], [ -7986264.623657467775047, 5198257.582601026631892 ], [ -7986056.313720452599227, 5198114.415147828869522 ], [ -7985855.782070531509817, 5197960.541800900362432 ], [ -7985663.578351019881666, 5197796.384316391311586 ], [ -7985480.229378951713443, 5197622.392638554796576 ], [ -7985306.237701115198433, 5197439.043666486628354 ], [ -7985142.080216606147587, 5197246.839946975000203 ], [ -7984988.206869677640498, 5197046.308297053910792 ], [ -7984845.039416479878128, 5196837.998360038734972 ], [ -7984712.970269048586488, 5196622.481098986230791 ], [ -7984592.361419739201665, 5196400.347231728956103 ], [ -7984483.543449021875858, 5196172.205611756071448 ], [ -7984386.814619392156601, 5195938.681559391319752 ], [ -7984302.440057847648859, 5195700.415147828869522 ], [ -7984230.651029196567833, 5195458.0594487413764 ], [ -7984171.644302177242935, 5195212.278742254711688 ], [ -7984125.581610127352178, 5194963.746696200221777 ], [ -7984092.589207681827247, 5194713.144519642926753 ], [ -7984072.757524725049734, 5194461.159095726907253 ], [ -7984066.140918520279229, 5194208.481098986230791 ] ] ] } },
{ "type": "Feature", "properties": { "facility_name": "Community Eco Power", "state": "MA" }, "geometry": { "type": "Polygon", "coordinates": [ [ [ -8143113.874521357007325, 5231372.9450744073838 ], [ -8143120.49112756177783, 5231120.267077666707337 ], [ -8143140.322810518555343, 5230868.281653750687838 ], [ -8143173.315212964080274, 5230617.679477193392813 ], [ -8143219.377905013971031, 5230369.147431138902903 ], [ -8143278.384632033295929, 5230123.36672465223819 ], [ -8143350.173660684376955, 5229881.011025564745069 ], [ -8143434.548222228884697, 5229642.744614002294838 ], [ -8143531.277051858603954, 5229409.220561637543142 ], [ -8143640.095022575929761, 5229181.078941664658487 ], [ -8143760.703871885314584, 5228958.9450744073838 ], [ -8143892.773019316606224, 5228743.427813354879618 ], [ -8144035.940472514368594, 5228535.117876339703798 ], [ -8144189.813819442875683, 5228334.586226418614388 ], [ -8144353.971303951926529, 5228142.382506906986237 ], [ -8144527.962981788441539, 5227959.033534838818014 ], [ -8144711.311953856609762, 5227785.041857002303004 ], [ -8144903.515673368237913, 5227620.884372493252158 ], [ -8145104.047323289327323, 5227467.011025564745069 ], [ -8145312.357260304503143, 5227323.843572366982698 ], [ -8145527.874521357007325, 5227191.774424935691059 ], [ -8145750.008388614282012, 5227071.165575626306236 ], [ -8145978.150008587166667, 5226962.347604908980429 ], [ -8146211.674060951918364, 5226865.618775279261172 ], [ -8146449.940472514368594, 5226781.24421373475343 ], [ -8146692.296171601861715, 5226709.455185083672404 ], [ -8146938.076878088526428, 5226650.448458064347506 ], [ -8147186.608924143016338, 5226604.385766014456749 ], [ -8147437.211100700311363, 5226571.393363568931818 ], [ -8147689.196524616330862, 5226551.561680612154305 ], [ -8147941.874521357007325, 5226544.9450744073838 ], [ -8148194.552518097683787, 5226551.561680612154305 ], [ -8148446.537942012771964, 5226571.393363568931818 ], [ -8148697.140118570998311, 5226604.385766014456749 ], [ -8148945.672164625488222, 5226650.448458064347506 ], [ -8149191.452871112152934, 5226709.455185083672404 ], [ -8149433.808570199646056, 5226781.24421373475343 ], [ -8149672.074981762096286, 5226865.618775279261172 ], [ -8149905.599034126847982, 5226962.347604908980429 ], [ -8150133.740654099732637, 5227071.165575626306236 ], [ -8150355.874521357007325, 5227191.774424935691059 ], [ -8150571.391782409511507, 5227323.843572366982698 ], [ -8150779.701719424687326, 5227467.011025564745069 ], [ -8150980.233369345776737, 5227620.884372493252158 ], [ -8151172.437088857404888, 5227785.041857002303004 ], [ -8151355.786060925573111, 5227959.033534838818014 ], [ -8151529.77773876208812, 5228142.382506906986237 ], [ -8151693.935223271138966, 5228334.586226418614388 ], [ -8151847.808570199646056, 5228535.117876339703798 ], [ -8151990.976023397408426, 5228743.427813354879618 ], [ -8152123.045170828700066, 5228958.9450744073838 ], [ -8152243.654020138084888, 5229181.078941664658487 ], [ -8152352.471990855410695, 5229409.220561637543142 ], [ -8152449.200820485129952, 5229642.744614002294838 ], [ -8152533.575382029637694, 5229881.011025564745069 ], [ -8152605.36441068071872, 5230123.36672465223819 ], [ -8152664.371137700043619, 5230369.147431138902903 ], [ -8152710.433829749934375, 5230617.679477193392813 ], [ -8152743.426232195459306, 5230868.281653750687838 ], [ -8152763.257915152236819, 5231120.267077666707337 ], [ -8152769.874521357007325, 5231372.9450744073838 ], [ -8152763.257915152236819, 5231625.623071148060262 ], [ -8152743.426232195459306, 5231877.608495063148439 ], [ -8152710.433829749934375, 5232128.210671621374786 ], [ -8152664.371137700043619, 5232376.742717675864697 ], [ -8152605.36441068071872, 5232622.523424162529409 ], [ -8152533.575382029637694, 5232864.879123250022531 ], [ -8152449.200820485129952, 5233103.145534812472761 ], [ -8152352.471990855410695, 5233336.669587177224457 ], [ -8152243.654020138084888, 5233564.811207150109112 ], [ -8152123.045170828700066, 5233786.9450744073838 ], [ -8151990.976023397408426, 5234002.462335459887981 ], [ -8151847.808570199646056, 5234210.772272475063801 ], [ -8151693.935223271138966, 5234411.303922396153212 ], [ -8151529.77773876208812, 5234603.507641907781363 ], [ -8151355.786060925573111, 5234786.856613975949585 ], [ -8151172.437088857404888, 5234960.848291812464595 ], [ -8150980.233369345776737, 5235125.005776321515441 ], [ -8150779.701719424687326, 5235278.879123250022531 ], [ -8150571.391782409511507, 5235422.046576447784901 ], [ -8150355.874521357007325, 5235554.11572387907654 ], [ -8150133.740654099732637, 5235674.724573188461363 ], [ -8149905.599034126847982, 5235783.54254390578717 ], [ -8149672.074981762096286, 5235880.271373535506427 ], [ -8149433.808570199646056, 5235964.645935080014169 ], [ -8149191.452871112152934, 5236036.434963731095195 ], [ -8148945.672164625488222, 5236095.441690750420094 ], [ -8148697.140118570998311, 5236141.50438280031085 ], [ -8148446.537942013703287, 5236174.496785245835781 ], [ -8148194.552518097683787, 5236194.328468202613294 ], [ -8147941.874521357007325, 5236200.9450744073838 ], [ -8147689.196524616330862, 5236194.328468202613294 ], [ -8147437.211100701242685, 5236174.496785245835781 ], [ -8147186.608924143016338, 5236141.50438280031085 ], [ -8146938.076878088526428, 5236095.441690750420094 ], [ -8146692.296171601861715, 5236036.434963731095195 ], [ -8146449.940472514368594, 5235964.645935080014169 ], [ -8146211.674060951918364, 5235880.271373535506427 ], [ -8145978.150008587166667, 5235783.54254390578717 ], [ -8145750.008388614282012, 5235674.724573188461363 ], [ -8145527.874521357007325, 5235554.11572387907654 ], [ -8145312.357260304503143, 5235422.046576447784901 ], [ -8145104.047323289327323, 5235278.879123250022531 ], [ -8144903.515673368237913, 5235125.005776321515441 ], [ -8144711.311953856609762, 5234960.848291812464595 ], [ -8144527.962981788441539, 5234786.856613975949585 ], [ -8144353.971303951926529, 5234603.507641907781363 ], [ -8144189.813819442875683, 5234411.303922396153212 ], [ -8144035.940472514368594, 5234210.772272475063801 ], [ -8143892.773019316606224, 5234002.462335459887981 ], [ -8143760.703871885314584, 5233786.9450744073838 ], [ -8143640.095022575929761, 5233564.811207150109112 ], [ -8143531.277051858603954, 5233336.669587177224457 ], [ -8143434.548222228884697, 5233103.145534812472761 ], [ -8143350.173660684376955, 5232864.879123250022531 ], [ -8143278.384632033295929, 5232622.523424162529409 ], [ -8143219.377905013971031, 5232376.742717675864697 ], [ -8143173.315212964080274, 5232128.210671621374786 ], [ -8143140.322810518555343, 5231877.608495064079762 ], [ -8143120.49112756177783, 5231625.623071148060262 ], [ -8143113.874521357007325, 5231372.9450744073838 ] ] ] } },
{ "type": "Feature", "properties": { "facility_name": "Wheelabrator North Andover", "state": "MA" }, "geometry": { "type": "Polygon", "coordinates": [ [ [ -7912436.067226666025817, 5270400.954258671961725 ], [ -7912442.683832870796323, 5270148.276261931285262 ], [ -7912462.515515827573836, 5269896.290838015265763 ], [ -7912495.507918273098767, 5269645.688661457970738 ], [ -7912541.570610322989523, 5269397.156615403480828 ], [ -7912600.577337342314422, 5269151.375908916816115 ], [ -7912672.366365993395448, 5268909.020209829322994 ], [ -7912756.74092753790319, 5268670.753798266872764 ], [ -7912853.469757167622447, 5268437.229745902121067 ], [ -7912962.287727884948254, 5268209.088125929236412 ], [ -7913082.896577194333076, 5267986.954258671961725 ], [ -7913214.965724625624716, 5267771.436997619457543 ], [ -7913358.133177823387086, 5267563.127060604281723 ], [ -7913512.006524751894176, 5267362.595410683192313 ], [ -7913676.164009260945022, 5267170.391691171564162 ], [ -7913850.155687097460032, 5266987.042719103395939 ], [ -7914033.504659165628254, 5266813.051041266880929 ], [ -7914225.708378677256405, 5266648.893556757830083 ], [ -7914426.240028598345816, 5266495.020209829322994 ], [ -7914634.549965613521636, 5266351.852756631560624 ], [ -7914850.067226666025817, 5266219.783609200268984 ], [ -7915072.201093923300505, 5266099.174759890884161 ], [ -7915300.34271389618516, 5265990.356789173558354 ], [ -7915533.866766260936856, 5265893.627959543839097 ], [ -7915772.133177823387086, 5265809.253397999331355 ], [ -7916014.488876910880208, 5265737.464369348250329 ], [ -7916260.26958339754492, 5265678.457642328925431 ], [ -7916508.801629452034831, 5265632.394950279034674 ], [ -7916759.403806009329855, 5265599.402547833509743 ], [ -7917011.389229925349355, 5265579.57086487673223 ], [ -7917264.067226666025817, 5265572.954258671961725 ], [ -7917516.74522340670228, 5265579.57086487673223 ], [ -7917768.730647321790457, 5265599.402547833509743 ], [ -7918019.332823880016804, 5265632.394950279034674 ], [ -7918267.864869934506714, 5265678.457642328925431 ], [ -7918513.645576421171427, 5265737.464369348250329 ], [ -7918756.001275508664548, 5265809.253397999331355 ], [ -7918994.267687071114779, 5265893.627959543839097 ], [ -7919227.791739435866475, 5265990.356789173558354 ], [ -7919455.93335940875113, 5266099.174759890884161 ], [ -7919678.067226666025817, 5266219.783609200268984 ], [ -7919893.584487718529999, 5266351.852756631560624 ], [ -7920101.894424733705819, 5266495.020209829322994 ], [ -7920302.426074654795229, 5266648.893556757830083 ], [ -7920494.62979416642338, 5266813.051041266880929 ], [ -7920677.978766234591603, 5266987.042719103395939 ], [ -7920851.970444071106613, 5267170.391691171564162 ], [ -7921016.127928580157459, 5267362.595410683192313 ], [ -7921170.001275508664548, 5267563.127060604281723 ], [ -7921313.168728706426919, 5267771.436997619457543 ], [ -7921445.237876137718558, 5267986.954258671961725 ], [ -7921565.846725447103381, 5268209.088125929236412 ], [ -7921674.664696164429188, 5268437.229745902121067 ], [ -7921771.393525794148445, 5268670.753798266872764 ], [ -7921855.768087338656187, 5268909.020209829322994 ], [ -7921927.557115989737213, 5269151.375908916816115 ], [ -7921986.563843009062111, 5269397.156615403480828 ], [ -7922032.626535058952868, 5269645.688661457970738 ], [ -7922065.618937504477799, 5269896.290838015265763 ], [ -7922085.450620461255312, 5270148.276261931285262 ], [ -7922092.067226666025817, 5270400.954258671961725 ], [ -7922085.450620461255312, 5270653.632255412638187 ], [ -7922065.618937504477799, 5270905.617679327726364 ], [ -7922032.626535058952868, 5271156.219855885952711 ], [ -7921986.563843009062111, 5271404.751901940442622 ], [ -7921927.557115989737213, 5271650.532608427107334 ], [ -7921855.768087338656187, 5271892.888307514600456 ], [ -7921771.393525794148445, 5272131.154719077050686 ], [ -7921674.664696164429188, 5272364.678771441802382 ], [ -7921565.846725447103381, 5272592.820391414687037 ], [ -7921445.237876137718558, 5272814.954258671961725 ], [ -7921313.168728706426919, 5273030.471519724465907 ], [ -7921170.001275508664548, 5273238.781456739641726 ], [ -7921016.127928580157459, 5273439.313106660731137 ], [ -7920851.970444071106613, 5273631.516826172359288 ], [ -7920677.978766234591603, 5273814.865798240527511 ], [ -7920494.62979416642338, 5273988.85747607704252 ], [ -7920302.426074654795229, 5274153.014960586093366 ], [ -7920101.894424733705819, 5274306.888307514600456 ], [ -7919893.584487718529999, 5274450.055760712362826 ], [ -7919678.067226666025817, 5274582.124908143654466 ], [ -7919455.93335940875113, 5274702.733757453039289 ], [ -7919227.791739435866475, 5274811.551728170365095 ], [ -7918994.267687071114779, 5274908.280557800084352 ], [ -7918756.001275508664548, 5274992.655119344592094 ], [ -7918513.645576421171427, 5275064.44414799567312 ], [ -7918267.864869934506714, 5275123.450875014998019 ], [ -7918019.332823880016804, 5275169.513567064888775 ], [ -7917768.730647322721779, 5275202.505969510413706 ], [ -7917516.74522340670228, 5275222.337652467191219 ], [ -7917264.067226666025817, 5275228.954258671961725 ], [ -7917011.389229925349355, 5275222.337652467191219 ], [ -7916759.403806010261178, 5275202.505969510413706 ], [ -7916508.801629452034831, 5275169.513567064888775 ], [ -7916260.26958339754492, 5275123.450875014998019 ], [ -7916014.488876910880208, 5275064.44414799567312 ], [ -7915772.133177823387086, 5274992.655119344592094 ], [ -7915533.866766260936856, 5274908.280557800084352 ], [ -7915300.34271389618516, 5274811.551728170365095 ], [ -7915072.201093923300505, 5274702.733757453039289 ], [ -7914850.067226666025817, 5274582.124908143654466 ], [ -7914634.549965613521636, 5274450.055760712362826 ], [ -7914426.240028598345816, 5274306.888307514600456 ], [ -7914225.708378677256405, 5274153.014960586093366 ], [ -7914033.504659165628254, 5273988.85747607704252 ], [ -7913850.155687097460032, 5273814.865798240527511 ], [ -7913676.164009260945022, 5273631.516826172359288 ], [ -7913512.006524751894176, 5273439.313106660731137 ], [ -7913358.133177823387086, 5273238.781456739641726 ], [ -7913214.965724625624716, 5273030.471519724465907 ], [ -7913082.896577194333076, 5272814.954258671961725 ], [ -7912962.287727884948254, 5272592.820391414687037 ], [ -7912853.469757167622447, 5272364.678771441802382 ], [ -7912756.74092753790319, 5272131.154719077050686 ], [ -7912672.366365993395448, 5271892.888307514600456 ], [ -7912600.577337342314422, 5271650.532608427107334 ], [ -7912541.570610322989523, 5271404.751901940442622 ], [ -7912495.507918273098767, 5271156.219855885952711 ], [ -7912462.515515827573836, 5270905.617679328657687 ], [ -7912442.683832870796323, 5270653.632255412638187 ], [ -7912436.067226666025817, 5270400.954258671961725 ] ] ] } },
{ "type": "Feature", "properties": { "facility_name": "Wheelabrator Saugus", "state": "MA" }, "geometry": { "type": "Polygon", "coordinates": [ [ [ -7897006.406566281802952, 5227275.827891796827316 ], [ -7897013.023172486573458, 5227023.149895056150854 ], [ -7897032.854855443350971, 5226771.164471140131354 ], [ -7897065.847257888875902, 5226520.56229458283633 ], [ -7897111.909949938766658, 5226272.030248528346419 ], [ -7897170.916676958091557, 5226026.249542041681707 ], [ -7897242.705705609172583, 5225783.893842954188585 ], [ -7897327.080267153680325, 5225545.627431391738355 ], [ -7897423.809096783399582, 5225312.103379026986659 ], [ -7897532.627067500725389, 5225083.961759054102004 ], [ -7897653.235916810110211, 5224861.827891796827316 ], [ -7897785.305064241401851, 5224646.310630744323134 ], [ -7897928.472517439164221, 5224438.000693729147315 ], [ -7898082.345864367671311, 5224237.469043808057904 ], [ -7898246.503348876722157, 5224045.265324296429753 ], [ -7898420.495026713237166, 5223861.91635222826153 ], [ -7898603.843998781405389, 5223687.924674391746521 ], [ -7898796.04771829303354, 5223523.767189882695675 ], [ -7898996.579368214122951, 5223369.893842954188585 ], [ -7899204.88930522929877, 5223226.726389756426215 ], [ -7899420.406566281802952, 5223094.657242325134575 ], [ -7899642.54043353907764, 5222974.048393015749753 ], [ -7899870.682053511962295, 5222865.230422298423946 ], [ -7900104.206105876713991, 5222768.501592668704689 ], [ -7900342.472517439164221, 5222684.127031124196947 ], [ -7900584.828216526657343, 5222612.338002473115921 ], [ -7900830.608923013322055, 5222553.331275453791022 ], [ -7901079.140969067811966, 5222507.268583403900266 ], [ -7901329.74314562510699, 5222474.276180958375335 ], [ -7901581.72856954112649, 5222454.444498001597822 ], [ -7901834.406566281802952, 5222447.827891796827316 ], [ -7902087.084563022479415, 5222454.444498001597822 ], [ -7902339.069986937567592, 5222474.276180958375335 ], [ -7902589.672163495793939, 5222507.268583403900266 ], [ -7902838.204209550283849, 5222553.331275453791022 ], [ -7903083.984916036948562, 5222612.338002473115921 ], [ -7903326.340615124441683, 5222684.127031124196947 ], [ -7903564.607026686891913, 5222768.501592668704689 ], [ -7903798.13107905164361, 5222865.230422298423946 ], [ -7904026.272699024528265, 5222974.048393015749753 ], [ -7904248.406566281802952, 5223094.657242325134575 ], [ -7904463.923827334307134, 5223226.726389756426215 ], [ -7904672.233764349482954, 5223369.893842954188585 ], [ -7904872.765414270572364, 5223523.767189882695675 ], [ -7905064.969133782200515, 5223687.924674391746521 ], [ -7905248.318105850368738, 5223861.91635222826153 ], [ -7905422.309783686883748, 5224045.265324296429753 ], [ -7905586.467268195934594, 5224237.469043808057904 ], [ -7905740.340615124441683, 5224438.000693729147315 ], [ -7905883.508068322204053, 5224646.310630744323134 ], [ -7906015.577215753495693, 5224861.827891796827316 ], [ -7906136.186065062880516, 5225083.961759054102004 ], [ -7906245.004035780206323, 5225312.103379026986659 ], [ -7906341.73286540992558, 5225545.627431391738355 ], [ -7906426.107426954433322, 5225783.893842954188585 ], [ -7906497.896455605514348, 5226026.249542041681707 ], [ -7906556.903182624839246, 5226272.030248528346419 ], [ -7906602.965874674730003, 5226520.56229458283633 ], [ -7906635.958277120254934, 5226771.164471140131354 ], [ -7906655.789960077032447, 5227023.149895056150854 ], [ -7906662.406566281802952, 5227275.827891796827316 ], [ -7906655.789960077032447, 5227528.505888537503779 ], [ -7906635.958277120254934, 5227780.491312452591956 ], [ -7906602.965874674730003, 5228031.093489010818303 ], [ -7906556.903182624839246, 5228279.625535065308213 ], [ -7906497.896455605514348, 5228525.406241551972926 ], [ -7906426.107426954433322, 5228767.761940639466047 ], [ -7906341.73286540992558, 5229006.028352201916277 ], [ -7906245.004035780206323, 5229239.552404566667974 ], [ -7906136.186065062880516, 5229467.694024539552629 ], [ -7906015.577215753495693, 5229689.827891796827316 ], [ -7905883.508068322204053, 5229905.345152849331498 ], [ -7905740.340615124441683, 5230113.655089864507318 ], [ -7905586.467268195934594, 5230314.186739785596728 ], [ -7905422.309783686883748, 5230506.390459297224879 ], [ -7905248.318105850368738, 5230689.739431365393102 ], [ -7905064.969133782200515, 5230863.731109201908112 ], [ -7904872.765414270572364, 5231027.888593710958958 ], [ -7904672.233764349482954, 5231181.761940639466047 ], [ -7904463.923827334307134, 5231324.929393837228417 ], [ -7904248.406566281802952, 5231456.998541268520057 ], [ -7904026.272699024528265, 5231577.60739057790488 ], [ -7903798.13107905164361, 5231686.425361295230687 ], [ -7903564.607026686891913, 5231783.154190924949944 ], [ -7903326.340615124441683, 5231867.528752469457686 ], [ -7903083.984916036948562, 5231939.317781120538712 ], [ -7902838.204209550283849, 5231998.32450813986361 ], [ -7902589.672163495793939, 5232044.387200189754367 ], [ -7902339.069986938498914, 5232077.379602635279298 ], [ -7902087.084563022479415, 5232097.211285592056811 ], [ -7901834.406566281802952, 5232103.827891796827316 ], [ -7901581.72856954112649, 5232097.211285592056811 ], [ -7901329.743145626038313, 5232077.379602635279298 ], [ -7901079.140969067811966, 5232044.387200189754367 ], [ -7900830.608923013322055, 5231998.32450813986361 ], [ -7900584.828216526657343, 5231939.317781120538712 ], [ -7900342.472517439164221, 5231867.528752469457686 ], [ -7900104.206105876713991, 5231783.154190924949944 ], [ -7899870.682053511962295, 5231686.425361295230687 ], [ -7899642.54043353907764, 5231577.60739057790488 ], [ -7899420.406566281802952, 5231456.998541268520057 ], [ -7899204.88930522929877, 5231324.929393837228417 ], [ -7898996.579368214122951, 5231181.761940639466047 ], [ -7898796.04771829303354, 5231027.888593710958958 ], [ -7898603.843998781405389, 5230863.731109201908112 ], [ -7898420.495026713237166, 5230689.739431365393102 ], [ -7898246.503348876722157, 5230506.390459297224879 ], [ -7898082.345864367671311, 5230314.186739785596728 ], [ -7897928.472517439164221, 5230113.655089864507318 ], [ -7897785.305064241401851, 5229905.345152849331498 ], [ -7897653.235916810110211, 5229689.827891796827316 ], [ -7897532.627067500725389, 5229467.694024539552629 ], [ -7897423.809096783399582, 5229239.552404566667974 ], [ -7897327.080267153680325, 5229006.028352201916277 ], [ -7897242.705705609172583, 5228767.761940639466047 ], [ -7897170.916676958091557, 5228525.406241551972926 ], [ -7897111.909949938766658, 5228279.625535065308213 ], [ -7897065.847257888875902, 5228031.093489010818303 ], [ -7897032.854855443350971, 5227780.491312453523278 ], [ -7897013.023172486573458, 5227528.505888537503779 ], [ -7897006.406566281802952, 5227275.827891796827316 ] ] ] } },
{ "type": "Feature", "properties": { "facility_name": "Kent County Waste to Energy Facility", "state": "MI" }, "geometry": { "type": "Polygon", "coordinates": [ [ [ -9534482.152558695524931, 5304235.11282928660512 ], [ -9534488.769164901226759, 5303982.434832545928657 ], [ -9534508.600847857072949, 5303730.449408629909158 ], [ -9534541.59325030259788, 5303479.847232072614133 ], [ -9534587.655942352488637, 5303231.315186018124223 ], [ -9534646.662669371813536, 5302985.53447953145951 ], [ -9534718.451698021963239, 5302743.178780443966389 ], [ -9534802.826259566470981, 5302504.912368881516159 ], [ -9534899.555089196190238, 5302271.388316516764462 ], [ -9535008.373059913516045, 5302043.246696543879807 ], [ -9535128.981909224763513, 5301821.11282928660512 ], [ -9535261.05105665512383, 5301605.595568234100938 ], [ -9535404.2185098528862, 5301397.285631218925118 ], [ -9535558.09185678139329, 5301196.753981297835708 ], [ -9535722.249341290444136, 5301004.550261786207557 ], [ -9535896.241019126027822, 5300821.201289718039334 ], [ -9536079.589991195127368, 5300647.209611881524324 ], [ -9536271.793710706755519, 5300483.052127372473478 ], [ -9536472.32536062784493, 5300329.178780443966389 ], [ -9536680.635297643020749, 5300186.011327246204019 ], [ -9536896.152558695524931, 5300053.942179814912379 ], [ -9537118.286425953730941, 5299933.333330505527556 ], [ -9537346.428045924752951, 5299824.515359788201749 ], [ -9537579.952098291367292, 5299727.786530158482492 ], [ -9537818.2185098528862, 5299643.41196861397475 ], [ -9538060.574208941310644, 5299571.622939962893724 ], [ -9538306.354915427044034, 5299512.616212943568826 ], [ -9538554.886961480602622, 5299466.553520893678069 ], [ -9538805.489138038828969, 5299433.561118448153138 ], [ -9539057.474561953917146, 5299413.729435491375625 ], [ -9539310.152558695524931, 5299407.11282928660512 ], [ -9539562.830555437132716, 5299413.729435491375625 ], [ -9539814.815979352220893, 5299433.561118448153138 ], [ -9540065.41815591044724, 5299466.553520893678069 ], [ -9540313.950201964005828, 5299512.616212943568826 ], [ -9540559.730908449739218, 5299571.622939962893724 ], [ -9540802.086607538163662, 5299643.41196861397475 ], [ -9541040.35301909968257, 5299727.786530158482492 ], [ -9541273.877071466296911, 5299824.515359788201749 ], [ -9541502.018691437318921, 5299933.333330505527556 ], [ -9541724.152558695524931, 5300053.942179814912379 ], [ -9541939.669819748029113, 5300186.011327246204019 ], [ -9542147.979756763204932, 5300329.178780443966389 ], [ -9542348.511406684294343, 5300483.052127372473478 ], [ -9542540.715126195922494, 5300647.209611881524324 ], [ -9542724.064098265022039, 5300821.201289718039334 ], [ -9542898.055776100605726, 5301004.550261786207557 ], [ -9543062.213260609656572, 5301196.753981297835708 ], [ -9543216.086607538163662, 5301397.285631218925118 ], [ -9543359.254060735926032, 5301605.595568234100938 ], [ -9543491.323208166286349, 5301821.11282928660512 ], [ -9543611.932057477533817, 5302043.246696543879807 ], [ -9543720.750028194859624, 5302271.388316516764462 ], [ -9543817.478857824578881, 5302504.912368881516159 ], [ -9543901.853419369086623, 5302743.178780443966389 ], [ -9543973.642448019236326, 5302985.53447953145951 ], [ -9544032.649175038561225, 5303231.315186018124223 ], [ -9544078.711867088451982, 5303479.847232072614133 ], [ -9544111.704269533976912, 5303730.449408629909158 ], [ -9544131.535952489823103, 5303982.434832545928657 ], [ -9544138.152558695524931, 5304235.11282928660512 ], [ -9544131.535952489823103, 5304487.790826027281582 ], [ -9544111.704269533976912, 5304739.776249942369759 ], [ -9544078.711867088451982, 5304990.378426500596106 ], [ -9544032.649175038561225, 5305238.910472555086017 ], [ -9543973.642448019236326, 5305484.691179041750729 ], [ -9543901.853419369086623, 5305727.046878129243851 ], [ -9543817.478857824578881, 5305965.313289691694081 ], [ -9543720.750028194859624, 5306198.837342056445777 ], [ -9543611.932057477533817, 5306426.978962029330432 ], [ -9543491.323208166286349, 5306649.11282928660512 ], [ -9543359.254060735926032, 5306864.630090339109302 ], [ -9543216.086607538163662, 5307072.940027354285121 ], [ -9543062.213260609656572, 5307273.471677275374532 ], [ -9542898.055776100605726, 5307465.675396787002683 ], [ -9542724.064098265022039, 5307649.024368855170906 ], [ -9542540.715126195922494, 5307823.016046691685915 ], [ -9542348.511406684294343, 5307987.173531200736761 ], [ -9542147.979756763204932, 5308141.046878129243851 ], [ -9541939.669819748029113, 5308284.214331327006221 ], [ -9541724.152558695524931, 5308416.283478758297861 ], [ -9541502.018691437318921, 5308536.892328067682683 ], [ -9541273.877071466296911, 5308645.71029878500849 ], [ -9541040.35301909968257, 5308742.439128414727747 ], [ -9540802.086607538163662, 5308826.813689959235489 ], [ -9540559.730908449739218, 5308898.602718610316515 ], [ -9540313.950201964005828, 5308957.609445629641414 ], [ -9540065.41815591044724, 5309003.67213767953217 ], [ -9539814.815979352220893, 5309036.664540125057101 ], [ -9539562.830555437132716, 5309056.496223081834614 ], [ -9539310.152558695524931, 5309063.11282928660512 ], [ -9539057.474561953917146, 5309056.496223081834614 ], [ -9538805.489138038828969, 5309036.664540125057101 ], [ -9538554.886961480602622, 5309003.67213767953217 ], [ -9538306.354915427044034, 5308957.609445629641414 ], [ -9538060.574208941310644, 5308898.602718610316515 ], [ -9537818.2185098528862, 5308826.813689959235489 ], [ -9537579.952098291367292, 5308742.439128414727747 ], [ -9537346.428045924752951, 5308645.71029878500849 ], [ -9537118.286425953730941, 5308536.892328067682683 ], [ -9536896.152558695524931, 5308416.283478758297861 ], [ -9536680.635297643020749, 5308284.214331327006221 ], [ -9536472.32536062784493, 5308141.046878129243851 ], [ -9536271.793710706755519, 5307987.173531200736761 ], [ -9536079.589991195127368, 5307823.016046691685915 ], [ -9535896.241019126027822, 5307649.024368855170906 ], [ -9535722.249341290444136, 5307465.675396787002683 ], [ -9535558.09185678139329, 5307273.471677275374532 ], [ -9535404.2185098528862, 5307072.940027354285121 ], [ -9535261.05105665512383, 5306864.630090339109302 ], [ -9535128.981909224763513, 5306649.11282928660512 ], [ -9535008.373059913516045, 5306426.978962029330432 ], [ -9534899.555089196190238, 5306198.837342056445777 ], [ -9534802.826259566470981, 5305965.313289691694081 ], [ -9534718.451698021963239, 5305727.046878129243851 ], [ -9534646.662669371813536, 5305484.691179041750729 ], [ -9534587.655942352488637, 5305238.910472555086017 ], [ -9534541.59325030259788, 5304990.378426500596106 ], [ -9534508.600847857072949, 5304739.776249943301082 ], [ -9534488.769164901226759, 5304487.790826027281582 ], [ -9534482.152558695524931, 5304235.11282928660512 ] ] ] } },
{ "type": "Feature", "properties": { "facility_name": "Hennepin Energy Resource Center (HERC)", "state": "MN" }, "geometry": { "type": "Polygon", "coordinates": [ [ [ -10380277.725039359182119, 5619018.452011941932142 ], [ -10380284.341645564883947, 5618765.774015201255679 ], [ -10380304.173328520730138, 5618513.78859128523618 ], [ -10380337.165730966255069, 5618263.186414727941155 ], [ -10380383.228423016145825, 5618014.654368673451245 ], [ -10380442.235150035470724, 5617768.873662186786532 ], [ -10380514.024178685620427, 5617526.517963099293411 ], [ -10380598.398740230128169, 5617288.251551536843181 ], [ -10380695.127569859847426, 5617054.727499172091484 ], [ -10380803.945540577173233, 5616826.585879199206829 ], [ -10380924.554389888420701, 5616604.452011941932142 ], [ -10381056.623537318781018, 5616388.93475088942796 ], [ -10381199.790990516543388, 5616180.624813874252141 ], [ -10381353.664337445050478, 5615980.09316395316273 ], [ -10381517.821821954101324, 5615787.889444441534579 ], [ -10381691.813499789685011, 5615604.540472373366356 ], [ -10381875.162471858784556, 5615430.548794536851346 ], [ -10382067.366191370412707, 5615266.3913100278005 ], [ -10382267.897841291502118, 5615112.517963099293411 ], [ -10382476.207778306677938, 5614969.350509901531041 ], [ -10382691.725039359182119, 5614837.281362470239401 ], [ -10382913.858906617388129, 5614716.672513160854578 ], [ -10383142.000526588410139, 5614607.854542443528771 ], [ -10383375.524578955024481, 5614511.125712813809514 ], [ -10383613.790990516543388, 5614426.751151269301772 ], [ -10383856.146689604967833, 5614354.962122618220747 ], [ -10384101.927396090701222, 5614295.955395598895848 ], [ -10384350.45944214425981, 5614249.892703549005091 ], [ -10384601.061618702486157, 5614216.90030110348016 ], [ -10384853.047042617574334, 5614197.068618146702647 ], [ -10385105.725039359182119, 5614190.452011941932142 ], [ -10385358.403036100789905, 5614197.068618146702647 ], [ -10385610.388460015878081, 5614216.90030110348016 ], [ -10385860.990636574104428, 5614249.892703549005091 ], [ -10386109.522682627663016, 5614295.955395598895848 ], [ -10386355.303389113396406, 5614354.962122618220747 ], [ -10386597.65908820182085, 5614426.751151269301772 ], [ -10386835.925499763339758, 5614511.125712813809514 ], [ -10387069.4495521299541, 5614607.854542443528771 ], [ -10387297.59117210097611, 5614716.672513160854578 ], [ -10387519.725039359182119, 5614837.281362470239401 ], [ -10387735.242300411686301, 5614969.350509901531041 ], [ -10387943.552237426862121, 5615112.517963099293411 ], [ -10388144.083887347951531, 5615266.3913100278005 ], [ -10388336.287606859579682, 5615430.548794536851346 ], [ -10388519.636578928679228, 5615604.540472373366356 ], [ -10388693.628256764262915, 5615787.889444441534579 ], [ -10388857.785741273313761, 5615980.09316395316273 ], [ -10389011.65908820182085, 5616180.624813874252141 ], [ -10389154.82654139958322, 5616388.93475088942796 ], [ -10389286.895688829943538, 5616604.452011941932142 ], [ -10389407.504538141191006, 5616826.585879199206829 ], [ -10389516.322508858516812, 5617054.727499172091484 ], [ -10389613.05133848823607, 5617288.251551536843181 ], [ -10389697.425900032743812, 5617526.517963099293411 ], [ -10389769.214928682893515, 5617768.873662186786532 ], [ -10389828.221655702218413, 5618014.654368673451245 ], [ -10389874.28434775210917, 5618263.186414727941155 ], [ -10389907.276750197634101, 5618513.78859128523618 ], [ -10389927.108433153480291, 5618765.774015201255679 ], [ -10389933.725039359182119, 5619018.452011941932142 ], [ -10389927.108433153480291, 5619271.130008682608604 ], [ -10389907.276750197634101, 5619523.115432597696781 ], [ -10389874.28434775210917, 5619773.717609155923128 ], [ -10389828.221655702218413, 5620022.249655210413039 ], [ -10389769.214928682893515, 5620268.030361697077751 ], [ -10389697.425900032743812, 5620510.386060784570873 ], [ -10389613.05133848823607, 5620748.652472347021103 ], [ -10389516.322508858516812, 5620982.176524711772799 ], [ -10389407.504538141191006, 5621210.318144684657454 ], [ -10389286.895688829943538, 5621432.452011941932142 ], [ -10389154.82654139958322, 5621647.969272994436324 ], [ -10389011.65908820182085, 5621856.279210009612143 ], [ -10388857.785741273313761, 5622056.810859930701554 ], [ -10388693.628256764262915, 5622249.014579442329705 ], [ -10388519.636578928679228, 5622432.363551510497928 ], [ -10388336.287606859579682, 5622606.355229347012937 ], [ -10388144.083887347951531, 5622770.512713856063783 ], [ -10387943.552237426862121, 5622924.386060784570873 ], [ -10387735.242300411686301, 5623067.553513982333243 ], [ -10387519.725039359182119, 5623199.622661413624883 ], [ -10387297.59117210097611, 5623320.231510723009706 ], [ -10387069.4495521299541, 5623429.049481440335512 ], [ -10386835.925499763339758, 5623525.77831107005477 ], [ -10386597.65908820182085, 5623610.152872614562511 ], [ -10386355.303389113396406, 5623681.941901265643537 ], [ -10386109.522682627663016, 5623740.948628284968436 ], [ -10385860.990636574104428, 5623787.011320334859192 ], [ -10385610.388460015878081, 5623820.003722780384123 ], [ -10385358.403036100789905, 5623839.835405737161636 ], [ -10385105.725039359182119, 5623846.452011941932142 ], [ -10384853.047042617574334, 5623839.835405737161636 ], [ -10384601.061618702486157, 5623820.003722780384123 ], [ -10384350.45944214425981, 5623787.011320334859192 ], [ -10384101.927396090701222, 5623740.948628284968436 ], [ -10383856.146689604967833, 5623681.941901265643537 ], [ -10383613.790990516543388, 5623610.152872614562511 ], [ -10383375.524578955024481, 5623525.77831107005477 ], [ -10383142.000526588410139, 5623429.049481440335512 ], [ -10382913.858906617388129, 5623320.231510723009706 ], [ -10382691.725039359182119, 5623199.622661413624883 ], [ -10382476.207778306677938, 5623067.553513982333243 ], [ -10382267.897841291502118, 5622924.386060784570873 ], [ -10382067.366191370412707, 5622770.512713856063783 ], [ -10381875.162471858784556, 5622606.355229347012937 ], [ -10381691.813499789685011, 5622432.363551510497928 ], [ -10381517.821821954101324, 5622249.014579442329705 ], [ -10381353.664337445050478, 5622056.810859930701554 ], [ -10381199.790990516543388, 5621856.279210009612143 ], [ -10381056.623537318781018, 5621647.969272994436324 ], [ -10380924.554389888420701, 5621432.452011941932142 ], [ -10380803.945540577173233, 5621210.318144684657454 ], [ -10380695.127569859847426, 5620982.176524711772799 ], [ -10380598.398740230128169, 5620748.652472347021103 ], [ -10380514.024178685620427, 5620510.386060784570873 ], [ -10380442.235150035470724, 5620268.030361697077751 ], [ -10380383.228423016145825, 5620022.249655210413039 ], [ -10380337.165730966255069, 5619773.717609155923128 ], [ -10380304.173328520730138, 5619523.115432598628104 ], [ -10380284.341645564883947, 5619271.130008682608604 ], [ -10380277.725039359182119, 5619018.452011941932142 ] ] ] } },
{ "type": "Feature", "properties": { "facility_name": "Great River Energy â€” Elk River Station", "state": "MN" }, "geometry": { "type": "Polygon", "coordinates": [ [ [ -10410116.32455319352448, 5668201.348284096457064 ], [ -10410122.941159399226308, 5667948.670287355780602 ], [ -10410142.772842355072498, 5667696.684863439761102 ], [ -10410175.765244800597429, 5667446.082686882466078 ], [ -10410221.827936850488186, 5667197.550640827976167 ], [ -10410280.834663869813085, 5666951.769934341311455 ], [ -10410352.623692519962788, 5666709.414235253818333 ], [ -10410436.99825406447053, 5666471.147823691368103 ], [ -10410533.727083694189787, 5666237.623771326616406 ], [ -10410642.545054411515594, 5666009.482151353731751 ], [ -10410763.153903722763062, 5665787.348284096457064 ], [ -10410895.223051153123379, 5665571.831023043952882 ], [ -10411038.390504350885749, 5665363.521086028777063 ], [ -10411192.263851279392838, 5665162.989436107687652 ], [ -10411356.421335788443685, 5664970.785716596059501 ], [ -10411530.413013624027371, 5664787.436744527891278 ], [ -10411713.761985693126917, 5664613.445066691376269 ], [ -10411905.965705204755068, 5664449.287582182325423 ], [ -10412106.497355125844479, 5664295.414235253818333 ], [ -10412314.807292141020298, 5664152.246782056055963 ], [ -10412530.32455319352448, 5664020.177634624764323 ], [ -10412752.45842045173049, 5663899.5687853153795 ], [ -10412980.6000404227525, 5663790.750814598053694 ], [ -10413214.124092789366841, 5663694.021984968334436 ], [ -10413452.390504350885749, 5663609.647423423826694 ], [ -10413694.746203439310193, 5663537.858394772745669 ], [ -10413940.526909925043583, 5663478.85166775342077 ], [ -10414189.058955978602171, 5663432.788975703530014 ], [ -10414439.661132536828518, 5663399.796573258005083 ], [ -10414691.646556451916695, 5663379.96489030122757 ], [ -10414944.32455319352448, 5663373.348284096457064 ], [ -10415197.002549935132265, 5663379.96489030122757 ], [ -10415448.987973850220442, 5663399.796573258005083 ], [ -10415699.590150408446789, 5663432.788975703530014 ], [ -10415948.122196462005377, 5663478.85166775342077 ], [ -10416193.902902947738767, 5663537.858394772745669 ], [ -10416436.258602036163211, 5663609.647423423826694 ], [ -10416674.525013597682118, 5663694.021984968334436 ], [ -10416908.04906596429646, 5663790.750814598053694 ], [ -10417136.19068593531847, 5663899.5687853153795 ], [ -10417358.32455319352448, 5664020.177634624764323 ], [ -10417573.841814246028662, 5664152.246782056055963 ], [ -10417782.151751261204481, 5664295.414235253818333 ], [ -10417982.683401182293892, 5664449.287582182325423 ], [ -10418174.887120693922043, 5664613.445066691376269 ], [ -10418358.236092763021588, 5664787.436744527891278 ], [ -10418532.227770598605275, 5664970.785716596059501 ], [ -10418696.385255107656121, 5665162.989436107687652 ], [ -10418850.258602036163211, 5665363.521086028777063 ], [ -10418993.426055233925581, 5665571.831023043952882 ], [ -10419125.495202664285898, 5665787.348284096457064 ], [ -10419246.104051975533366, 5666009.482151353731751 ], [ -10419354.922022692859173, 5666237.623771326616406 ], [ -10419451.65085232257843, 5666471.147823691368103 ], [ -10419536.025413867086172, 5666709.414235253818333 ], [ -10419607.814442517235875, 5666951.769934341311455 ], [ -10419666.821169536560774, 5667197.550640827976167 ], [ -10419712.88386158645153, 5667446.082686882466078 ], [ -10419745.876264031976461, 5667696.684863439761102 ], [ -10419765.707946987822652, 5667948.670287355780602 ], [ -10419772.32455319352448, 5668201.348284096457064 ], [ -10419765.707946987822652, 5668454.026280837133527 ], [ -10419745.876264031976461, 5668706.011704752221704 ], [ -10419712.88386158645153, 5668956.61388131044805 ], [ -10419666.821169536560774, 5669205.145927364937961 ], [ -10419607.814442517235875, 5669450.926633851602674 ], [ -10419536.025413867086172, 5669693.282332939095795 ], [ -10419451.65085232257843, 5669931.548744501546025 ], [ -10419354.922022692859173, 5670165.072796866297722 ], [ -10419246.104051975533366, 5670393.214416839182377 ], [ -10419125.495202664285898, 5670615.348284096457064 ], [ -10418993.426055233925581, 5670830.865545148961246 ], [ -10418850.258602036163211, 5671039.175482164137065 ], [ -10418696.385255107656121, 5671239.707132085226476 ], [ -10418532.227770598605275, 5671431.910851596854627 ], [ -10418358.236092763021588, 5671615.25982366502285 ], [ -10418174.887120693922043, 5671789.251501501537859 ], [ -10417982.683401182293892, 5671953.408986010588706 ], [ -10417782.151751261204481, 5672107.282332939095795 ], [ -10417573.841814246028662, 5672250.449786136858165 ], [ -10417358.32455319352448, 5672382.518933568149805 ], [ -10417136.19068593531847, 5672503.127782877534628 ], [ -10416908.04906596429646, 5672611.945753594860435 ], [ -10416674.525013597682118, 5672708.674583224579692 ], [ -10416436.258602036163211, 5672793.049144769087434 ], [ -10416193.902902947738767, 5672864.838173420168459 ], [ -10415948.122196462005377, 5672923.844900439493358 ], [ -10415699.590150408446789, 5672969.907592489384115 ], [ -10415448.987973850220442, 5673002.899994934909046 ], [ -10415197.002549935132265, 5673022.731677891686559 ], [ -10414944.32455319352448, 5673029.348284096457064 ], [ -10414691.646556451916695, 5673022.731677891686559 ], [ -10414439.661132536828518, 5673002.899994934909046 ], [ -10414189.058955978602171, 5672969.907592489384115 ], [ -10413940.526909925043583, 5672923.844900439493358 ], [ -10413694.746203439310193, 5672864.838173420168459 ], [ -10413452.390504350885749, 5672793.049144769087434 ], [ -10413214.124092789366841, 5672708.674583224579692 ], [ -10412980.6000404227525, 5672611.945753594860435 ], [ -10412752.45842045173049, 5672503.127782877534628 ], [ -10412530.32455319352448, 5672382.518933568149805 ], [ -10412314.807292141020298, 5672250.449786136858165 ], [ -10412106.497355125844479, 5672107.282332939095795 ], [ -10411905.965705204755068, 5671953.408986010588706 ], [ -10411713.761985693126917, 5671789.251501501537859 ], [ -10411530.413013624027371, 5671615.25982366502285 ], [ -10411356.421335788443685, 5671431.910851596854627 ], [ -10411192.263851279392838, 5671239.707132085226476 ], [ -10411038.390504350885749, 5671039.175482164137065 ], [ -10410895.223051153123379, 5670830.865545148961246 ], [ -10410763.153903722763062, 5670615.348284096457064 ], [ -10410642.545054411515594, 5670393.214416839182377 ], [ -10410533.727083694189787, 5670165.072796866297722 ], [ -10410436.99825406447053, 5669931.548744501546025 ], [ -10410352.623692519962788, 5669693.282332939095795 ], [ -10410280.834663869813085, 5669450.926633851602674 ], [ -10410221.827936850488186, 5669205.145927364937961 ], [ -10410175.765244800597429, 5668956.61388131044805 ], [ -10410142.772842355072498, 5668706.011704753153026 ], [ -10410122.941159399226308, 5668454.026280837133527 ], [ -10410116.32455319352448, 5668201.348284096457064 ] ] ] } },
{ "type": "Feature", "properties": { "facility_name": "Olmsted Waste-to-Energy Facility ", "state": "MN" }, "geometry": { "type": "Polygon", "coordinates": [ [ [ -10284731.170820226892829, 5469497.171261012554169 ], [ -10284737.787426432594657, 5469244.493264271877706 ], [ -10284757.619109388440847, 5468992.507840355858207 ], [ -10284790.611511833965778, 5468741.905663798563182 ], [ -10284836.674203883856535, 5468493.373617744073272 ], [ -10284895.680930903181434, 5468247.592911257408559 ], [ -10284967.469959553331137, 5468005.237212169915438 ], [ -10285051.844521097838879, 5467766.970800607465208 ], [ -10285148.573350727558136, 5467533.446748242713511 ], [ -10285257.391321444883943, 5467305.305128269828856 ], [ -10285378.000170756131411, 5467083.171261012554169 ], [ -10285510.069318186491728, 5466867.653999960049987 ], [ -10285653.236771384254098, 5466659.344062944874167 ], [ -10285807.110118312761188, 5466458.812413023784757 ], [ -10285971.267602821812034, 5466266.608693512156606 ], [ -10286145.25928065739572, 5466083.259721443988383 ], [ -10286328.608252726495266, 5465909.268043607473373 ], [ -10286520.811972238123417, 5465745.110559098422527 ], [ -10286721.343622159212828, 5465591.237212169915438 ], [ -10286929.653559174388647, 5465448.069758972153068 ], [ -10287145.170820226892829, 5465316.000611540861428 ], [ -10287367.304687485098839, 5465195.391762231476605 ], [ -10287595.446307456120849, 5465086.573791514150798 ], [ -10287828.97035982273519, 5464989.844961884431541 ], [ -10288067.236771384254098, 5464905.470400339923799 ], [ -10288309.592470472678542, 5464833.681371688842773 ], [ -10288555.373176958411932, 5464774.674644669517875 ], [ -10288803.90522301197052, 5464728.611952619627118 ], [ -10289054.507399570196867, 5464695.619550174102187 ], [ -10289306.492823485285044, 5464675.787867217324674 ], [ -10289559.170820226892829, 5464669.171261012554169 ], [ -10289811.848816968500614, 5464675.787867217324674 ], [ -10290063.834240883588791, 5464695.619550174102187 ], [ -10290314.436417441815138, 5464728.611952619627118 ], [ -10290562.968463495373726, 5464774.674644669517875 ], [ -10290808.749169981107116, 5464833.681371688842773 ], [ -10291051.10486906953156, 5464905.470400339923799 ], [ -10291289.371280631050467, 5464989.844961884431541 ], [ -10291522.895332997664809, 5465086.573791514150798 ], [ -10291751.036952968686819, 5465195.391762231476605 ], [ -10291973.170820226892829, 5465316.000611540861428 ], [ -10292188.688081279397011, 5465448.069758972153068 ], [ -10292396.99801829457283, 5465591.237212169915438 ], [ -10292597.529668215662241, 5465745.110559098422527 ], [ -10292789.733387727290392, 5465909.268043607473373 ], [ -10292973.082359796389937, 5466083.259721443988383 ], [ -10293147.074037631973624, 5466266.608693512156606 ], [ -10293311.23152214102447, 5466458.812413023784757 ], [ -10293465.10486906953156, 5466659.344062944874167 ], [ -10293608.27232226729393, 5466867.653999960049987 ], [ -10293740.341469697654247, 5467083.171261012554169 ], [ -10293860.950319008901715, 5467305.305128269828856 ], [ -10293969.768289726227522, 5467533.446748242713511 ], [ -10294066.497119355946779, 5467766.970800607465208 ], [ -10294150.871680900454521, 5468005.237212169915438 ], [ -10294222.660709550604224, 5468247.592911257408559 ], [ -10294281.667436569929123, 5468493.373617744073272 ], [ -10294327.73012861981988, 5468741.905663798563182 ], [ -10294360.72253106534481, 5468992.507840355858207 ], [ -10294380.554214021191001, 5469244.493264271877706 ], [ -10294387.170820226892829, 5469497.171261012554169 ], [ -10294380.554214021191001, 5469749.849257753230631 ], [ -10294360.72253106534481, 5470001.834681668318808 ], [ -10294327.73012861981988, 5470252.436858226545155 ], [ -10294281.667436569929123, 5470500.968904281035066 ], [ -10294222.660709550604224, 5470746.749610767699778 ], [ -10294150.871680900454521, 5470989.1053098551929 ], [ -10294066.497119355946779, 5471227.37172141764313 ], [ -10293969.768289726227522, 5471460.895773782394826 ], [ -10293860.950319008901715, 5471689.037393755279481 ], [ -10293740.341469697654247, 5471911.171261012554169 ], [ -10293608.27232226729393, 5472126.688522065058351 ], [ -10293465.10486906953156, 5472334.99845908023417 ], [ -10293311.23152214102447, 5472535.530109001323581 ], [ -10293147.074037631973624, 5472727.733828512951732 ], [ -10292973.082359796389937, 5472911.082800581119955 ], [ -10292789.733387727290392, 5473085.074478417634964 ], [ -10292597.529668215662241, 5473249.23196292668581 ], [ -10292396.99801829457283, 5473403.1053098551929 ], [ -10292188.688081279397011, 5473546.27276305295527 ], [ -10291973.170820226892829, 5473678.34191048424691 ], [ -10291751.036952968686819, 5473798.950759793631732 ], [ -10291522.895332997664809, 5473907.768730510957539 ], [ -10291289.371280631050467, 5474004.497560140676796 ], [ -10291051.10486906953156, 5474088.872121685184538 ], [ -10290808.749169981107116, 5474160.661150336265564 ], [ -10290562.968463495373726, 5474219.667877355590463 ], [ -10290314.436417441815138, 5474265.730569405481219 ], [ -10290063.834240883588791, 5474298.72297185100615 ], [ -10289811.848816968500614, 5474318.554654807783663 ], [ -10289559.170820226892829, 5474325.171261012554169 ], [ -10289306.492823485285044, 5474318.554654807783663 ], [ -10289054.507399570196867, 5474298.72297185100615 ], [ -10288803.90522301197052, 5474265.730569405481219 ], [ -10288555.373176958411932, 5474219.667877355590463 ], [ -10288309.592470472678542, 5474160.661150336265564 ], [ -10288067.236771384254098, 5474088.872121685184538 ], [ -10287828.97035982273519, 5474004.497560140676796 ], [ -10287595.446307456120849, 5473907.768730510957539 ], [ -10287367.304687485098839, 5473798.950759793631732 ], [ -10287145.170820226892829, 5473678.34191048424691 ], [ -10286929.653559174388647, 5473546.27276305295527 ], [ -10286721.343622159212828, 5473403.1053098551929 ], [ -10286520.811972238123417, 5473249.23196292668581 ], [ -10286328.608252726495266, 5473085.074478417634964 ], [ -10286145.25928065739572, 5472911.082800581119955 ], [ -10285971.267602821812034, 5472727.733828512951732 ], [ -10285807.110118312761188, 5472535.530109001323581 ], [ -10285653.236771384254098, 5472334.99845908023417 ], [ -10285510.069318186491728, 5472126.688522065058351 ], [ -10285378.000170756131411, 5471911.171261012554169 ], [ -10285257.391321444883943, 5471689.037393755279481 ], [ -10285148.573350727558136, 5471460.895773782394826 ], [ -10285051.844521097838879, 5471227.37172141764313 ], [ -10284967.469959553331137, 5470989.1053098551929 ], [ -10284895.680930903181434, 5470746.749610767699778 ], [ -10284836.674203883856535, 5470500.968904281035066 ], [ -10284790.611511833965778, 5470252.436858226545155 ], [ -10284757.619109388440847, 5470001.834681669250131 ], [ -10284737.787426432594657, 5469749.849257753230631 ], [ -10284731.170820226892829, 5469497.171261012554169 ] ] ] } },
{ "type": "Feature", "properties": { "facility_name": "Perham Resource Recovery Facility", "state": "MN" }, "geometry": { "type": "Polygon", "coordinates": [ [ [ -10633412.714524570852518, 5875632.640624982304871 ], [ -10633419.331130776554346, 5875379.962628241628408 ], [ -10633439.162813732400537, 5875127.977204325608909 ], [ -10633472.155216177925467, 5874877.375027768313885 ], [ -10633518.217908227816224, 5874628.842981713823974 ], [ -10633577.224635247141123, 5874383.062275227159262 ], [ -10633649.013663897290826, 5874140.70657613966614 ], [ -10633733.388225441798568, 5873902.44016457721591 ], [ -10633830.117055071517825, 5873668.916112212464213 ], [ -10633938.935025788843632, 5873440.774492239579558 ], [ -10634059.5438751000911, 5873218.640624982304871 ], [ -10634191.613022530451417, 5873003.123363929800689 ], [ -10634334.780475728213787, 5872794.81342691462487 ], [ -10634488.653822656720877, 5872594.281776993535459 ], [ -10634652.811307165771723, 5872402.078057481907308 ], [ -10634826.80298500135541, 5872218.729085413739085 ], [ -10635010.151957070454955, 5872044.737407577224076 ], [ -10635202.355676582083106, 5871880.57992306817323 ], [ -10635402.887326503172517, 5871726.70657613966614 ], [ -10635611.197263518348336, 5871583.53912294190377 ], [ -10635826.714524570852518, 5871451.46997551061213 ], [ -10636048.848391829058528, 5871330.861126201227307 ], [ -10636276.990011800080538, 5871222.043155483901501 ], [ -10636510.51406416669488, 5871125.314325854182243 ], [ -10636748.780475728213787, 5871040.939764309674501 ], [ -10636991.136174816638231, 5870969.150735658593476 ], [ -10637236.916881302371621, 5870910.144008639268577 ], [ -10637485.448927355930209, 5870864.08131658937782 ], [ -10637736.051103914156556, 5870831.08891414385289 ], [ -10637988.036527829244733, 5870811.257231187075377 ], [ -10638240.714524570852518, 5870804.640624982304871 ], [ -10638493.392521312460303, 5870811.257231187075377 ], [ -10638745.37794522754848, 5870831.08891414385289 ], [ -10638995.980121785774827, 5870864.08131658937782 ], [ -10639244.512167839333415, 5870910.144008639268577 ], [ -10639490.292874325066805, 5870969.150735658593476 ], [ -10639732.648573413491249, 5871040.939764309674501 ], [ -10639970.914984975010157, 5871125.314325854182243 ], [ -10640204.439037341624498, 5871222.043155483901501 ], [ -10640432.580657312646508, 5871330.861126201227307 ], [ -10640654.714524570852518, 5871451.46997551061213 ], [ -10640870.2317856233567, 5871583.53912294190377 ], [ -10641078.541722638532519, 5871726.70657613966614 ], [ -10641279.07337255962193, 5871880.57992306817323 ], [ -10641471.277092071250081, 5872044.737407577224076 ], [ -10641654.626064140349627, 5872218.729085413739085 ], [ -10641828.617741975933313, 5872402.078057481907308 ], [ -10641992.775226484984159, 5872594.281776993535459 ], [ -10642146.648573413491249, 5872794.81342691462487 ], [ -10642289.816026611253619, 5873003.123363929800689 ], [ -10642421.885174041613936, 5873218.640624982304871 ], [ -10642542.494023352861404, 5873440.774492239579558 ], [ -10642651.311994070187211, 5873668.916112212464213 ], [ -10642748.040823699906468, 5873902.44016457721591 ], [ -10642832.41538524441421, 5874140.70657613966614 ], [ -10642904.204413894563913, 5874383.062275227159262 ], [ -10642963.211140913888812, 5874628.842981713823974 ], [ -10643009.273832963779569, 5874877.375027768313885 ], [ -10643042.2662354093045, 5875127.977204325608909 ], [ -10643062.09791836515069, 5875379.962628241628408 ], [ -10643068.714524570852518, 5875632.640624982304871 ], [ -10643062.09791836515069, 5875885.318621722981334 ], [ -10643042.2662354093045, 5876137.30404563806951 ], [ -10643009.273832963779569, 5876387.906222196295857 ], [ -10642963.211140913888812, 5876636.438268250785768 ], [ -10642904.204413894563913, 5876882.21897473745048 ], [ -10642832.41538524441421, 5877124.574673824943602 ], [ -10642748.040823699906468, 5877362.841085387393832 ], [ -10642651.311994070187211, 5877596.365137752145529 ], [ -10642542.494023352861404, 5877824.506757725030184 ], [ -10642421.885174041613936, 5878046.640624982304871 ], [ -10642289.816026611253619, 5878262.157886034809053 ], [ -10642146.648573413491249, 5878470.467823049984872 ], [ -10641992.775226484984159, 5878670.999472971074283 ], [ -10641828.617741975933313, 5878863.203192482702434 ], [ -10641654.626064140349627, 5879046.552164550870657 ], [ -10641471.277092071250081, 5879220.543842387385666 ], [ -10641279.07337255962193, 5879384.701326896436512 ], [ -10641078.541722638532519, 5879538.574673824943602 ], [ -10640870.2317856233567, 5879681.742127022705972 ], [ -10640654.714524570852518, 5879813.811274453997612 ], [ -10640432.580657312646508, 5879934.420123763382435 ], [ -10640204.439037341624498, 5880043.238094480708241 ], [ -10639970.914984975010157, 5880139.966924110427499 ], [ -10639732.648573413491249, 5880224.341485654935241 ], [ -10639490.292874325066805, 5880296.130514306016266 ], [ -10639244.512167839333415, 5880355.137241325341165 ], [ -10638995.980121785774827, 5880401.199933375231922 ], [ -10638745.37794522754848, 5880434.192335820756853 ], [ -10638493.392521312460303, 5880454.024018777534366 ], [ -10638240.714524570852518, 5880460.640624982304871 ], [ -10637988.036527829244733, 5880454.024018777534366 ], [ -10637736.051103914156556, 5880434.192335820756853 ], [ -10637485.448927355930209, 5880401.199933375231922 ], [ -10637236.916881302371621, 5880355.137241325341165 ], [ -10636991.136174816638231, 5880296.130514306016266 ], [ -10636748.780475728213787, 5880224.341485654935241 ], [ -10636510.51406416669488, 5880139.966924110427499 ], [ -10636276.990011800080538, 5880043.238094480708241 ], [ -10636048.848391829058528, 5879934.420123763382435 ], [ -10635826.714524570852518, 5879813.811274453997612 ], [ -10635611.197263518348336, 5879681.742127022705972 ], [ -10635402.887326503172517, 5879538.574673824943602 ], [ -10635202.355676582083106, 5879384.701326896436512 ], [ -10635010.151957070454955, 5879220.543842387385666 ], [ -10634826.80298500135541, 5879046.552164550870657 ], [ -10634652.811307165771723, 5878863.203192482702434 ], [ -10634488.653822656720877, 5878670.999472971074283 ], [ -10634334.780475728213787, 5878470.467823049984872 ], [ -10634191.613022530451417, 5878262.157886034809053 ], [ -10634059.5438751000911, 5878046.640624982304871 ], [ -10633938.935025788843632, 5877824.506757725030184 ], [ -10633830.117055071517825, 5877596.365137752145529 ], [ -10633733.388225441798568, 5877362.841085387393832 ], [ -10633649.013663897290826, 5877124.574673824943602 ], [ -10633577.224635247141123, 5876882.21897473745048 ], [ -10633518.217908227816224, 5876636.438268250785768 ], [ -10633472.155216177925467, 5876387.906222196295857 ], [ -10633439.162813732400537, 5876137.304045639000833 ], [ -10633419.331130776554346, 5875885.318621722981334 ], [ -10633412.714524570852518, 5875632.640624982304871 ] ] ] } },
{ "type": "Feature", "properties": { "facility_name": "Polk County Solid Waste Resource Recovery Facility", "state": "MN" }, "geometry": { "type": "Polygon", "coordinates": [ [ [ -10655179.760399967432022, 6037559.538349380716681 ], [ -10655186.37700617313385, 6037306.860352640040219 ], [ -10655206.208689128980041, 6037054.87492872402072 ], [ -10655239.201091574504972, 6036804.272752166725695 ], [ -10655285.263783624395728, 6036555.740706112235785 ], [ -10655344.270510643720627, 6036309.959999625571072 ], [ -10655416.05953929387033, 6036067.60430053807795 ], [ -10655500.434100838378072, 6035829.33788897562772 ], [ -10655597.162930468097329, 6035595.813836610876024 ], [ -10655705.980901185423136, 6035367.672216637991369 ], [ -10655826.589750496670604, 6035145.538349380716681 ], [ -10655958.658897927030921, 6034930.0210883282125 ], [ -10656101.826351124793291, 6034721.71115131303668 ], [ -10656255.699698053300381, 6034521.179501391947269 ], [ -10656419.857182562351227, 6034328.975781880319118 ], [ -10656593.848860397934914, 6034145.626809812150896 ], [ -10656777.197832467034459, 6033971.635131975635886 ], [ -10656969.40155197866261, 6033807.47764746658504 ], [ -10657169.933201899752021, 6033653.60430053807795 ], [ -10657378.24313891492784, 6033510.43684734031558 ], [ -10657593.760399967432022, 6033378.367699909023941 ], [ -10657815.894267225638032, 6033257.758850599639118 ], [ -10658044.035887196660042, 6033148.940879882313311 ], [ -10658277.559939563274384, 6033052.212050252594054 ], [ -10658515.826351124793291, 6032967.837488708086312 ], [ -10658758.182050213217735, 6032896.048460057005286 ], [ -10659003.962756698951125, 6032837.041733037680387 ], [ -10659252.494802752509713, 6032790.979040987789631 ], [ -10659503.09697931073606, 6032757.9866385422647 ], [ -10659755.082403225824237, 6032738.154955585487187 ], [ -10660007.760399967432022, 6032731.538349380716681 ], [ -10660260.438396709039807, 6032738.154955585487187 ], [ -10660512.423820624127984, 6032757.9866385422647 ], [ -10660763.025997182354331, 6032790.979040987789631 ], [ -10661011.558043235912919, 6032837.041733037680387 ], [ -10661257.338749721646309, 6032896.048460057005286 ], [ -10661499.694448810070753, 6032967.837488708086312 ], [ -10661737.960860371589661, 6033052.212050252594054 ], [ -10661971.484912738204002, 6033148.940879882313311 ], [ -10662199.626532709226012, 6033257.758850599639118 ], [ -10662421.760399967432022, 6033378.367699909023941 ], [ -10662637.277661019936204, 6033510.43684734031558 ], [ -10662845.587598035112023, 6033653.60430053807795 ], [ -10663046.119247956201434, 6033807.47764746658504 ], [ -10663238.322967467829585, 6033971.635131975635886 ], [ -10663421.671939536929131, 6034145.626809812150896 ], [ -10663595.663617372512817, 6034328.975781880319118 ], [ -10663759.821101881563663, 6034521.179501391947269 ], [ -10663913.694448810070753, 6034721.71115131303668 ], [ -10664056.861902007833123, 6034930.0210883282125 ], [ -10664188.93104943819344, 6035145.538349380716681 ], [ -10664309.539898749440908, 6035367.672216637991369 ], [ -10664418.357869466766715, 6035595.813836610876024 ], [ -10664515.086699096485972, 6035829.33788897562772 ], [ -10664599.461260640993714, 6036067.60430053807795 ], [ -10664671.250289291143417, 6036309.959999625571072 ], [ -10664730.257016310468316, 6036555.740706112235785 ], [ -10664776.319708360359073, 6036804.272752166725695 ], [ -10664809.312110805884004, 6037054.87492872402072 ], [ -10664829.143793761730194, 6037306.860352640040219 ], [ -10664835.760399967432022, 6037559.538349380716681 ], [ -10664829.143793761730194, 6037812.216346121393144 ], [ -10664809.312110805884004, 6038064.201770036481321 ], [ -10664776.319708360359073, 6038314.803946594707668 ], [ -10664730.257016310468316, 6038563.335992649197578 ], [ -10664671.250289291143417, 6038809.116699135862291 ], [ -10664599.461260640993714, 6039051.472398223355412 ], [ -10664515.086699096485972, 6039289.738809785805643 ], [ -10664418.357869466766715, 6039523.262862150557339 ], [ -10664309.539898749440908, 6039751.404482123441994 ], [ -10664188.93104943819344, 6039973.538349380716681 ], [ -10664056.861902007833123, 6040189.055610433220863 ], [ -10663913.694448810070753, 6040397.365547448396683 ], [ -10663759.821101881563663, 6040597.897197369486094 ], [ -10663595.663617372512817, 6040790.100916881114244 ], [ -10663421.671939536929131, 6040973.449888949282467 ], [ -10663238.322967467829585, 6041147.441566785797477 ], [ -10663046.119247956201434, 6041311.599051294848323 ], [ -10662845.587598035112023, 6041465.472398223355412 ], [ -10662637.277661019936204, 6041608.639851421117783 ], [ -10662421.760399967432022, 6041740.708998852409422 ], [ -10662199.626532709226012, 6041861.317848161794245 ], [ -10661971.484912738204002, 6041970.135818879120052 ], [ -10661737.960860371589661, 6042066.864648508839309 ], [ -10661499.694448810070753, 6042151.239210053347051 ], [ -10661257.338749721646309, 6042223.028238704428077 ], [ -10661011.558043235912919, 6042282.034965723752975 ], [ -10660763.025997182354331, 6042328.097657773643732 ], [ -10660512.423820624127984, 6042361.090060219168663 ], [ -10660260.438396709039807, 6042380.921743175946176 ], [ -10660007.760399967432022, 6042387.538349380716681 ], [ -10659755.082403225824237, 6042380.921743175946176 ], [ -10659503.09697931073606, 6042361.090060219168663 ], [ -10659252.494802752509713, 6042328.097657773643732 ], [ -10659003.962756698951125, 6042282.034965723752975 ], [ -10658758.182050213217735, 6042223.028238704428077 ], [ -10658515.826351124793291, 6042151.239210053347051 ], [ -10658277.559939563274384, 6042066.864648508839309 ], [ -10658044.035887196660042, 6041970.135818879120052 ], [ -10657815.894267225638032, 6041861.317848161794245 ], [ -10657593.760399967432022, 6041740.708998852409422 ], [ -10657378.24313891492784, 6041608.639851421117783 ], [ -10657169.933201899752021, 6041465.472398223355412 ], [ -10656969.40155197866261, 6041311.599051294848323 ], [ -10656777.197832467034459, 6041147.441566785797477 ], [ -10656593.848860397934914, 6040973.449888949282467 ], [ -10656419.857182562351227, 6040790.100916881114244 ], [ -10656255.699698053300381, 6040597.897197369486094 ], [ -10656101.826351124793291, 6040397.365547448396683 ], [ -10655958.658897927030921, 6040189.055610433220863 ], [ -10655826.589750496670604, 6039973.538349380716681 ], [ -10655705.980901185423136, 6039751.404482123441994 ], [ -10655597.162930468097329, 6039523.262862150557339 ], [ -10655500.434100838378072, 6039289.738809785805643 ], [ -10655416.05953929387033, 6039051.472398223355412 ], [ -10655344.270510643720627, 6038809.116699135862291 ], [ -10655285.263783624395728, 6038563.335992649197578 ], [ -10655239.201091574504972, 6038314.803946594707668 ], [ -10655206.208689128980041, 6038064.201770037412643 ], [ -10655186.37700617313385, 6037812.216346121393144 ], [ -10655179.760399967432022, 6037559.538349380716681 ] ] ] } },
{ "type": "Feature", "properties": { "facility_name": "Pope/Douglas Waste-to-Energy Facility ", "state": "MN" }, "geometry": { "type": "Polygon", "coordinates": [ [ [ -10611929.744857728481293, 5759316.584247953258455 ], [ -10611936.361463934183121, 5759063.906251212581992 ], [ -10611956.193146890029311, 5758811.920827296562493 ], [ -10611989.185549335554242, 5758561.318650739267468 ], [ -10612035.248241385444999, 5758312.786604684777558 ], [ -10612094.254968404769897, 5758067.005898198112845 ], [ -10612166.0439970549196, 5757824.650199110619724 ], [ -10612250.418558599427342, 5757586.383787548169494 ], [ -10612347.1473882291466, 5757352.859735183417797 ], [ -10612455.965358946472406, 5757124.718115210533142 ], [ -10612576.574208257719874, 5756902.584247953258455 ], [ -10612708.643355688080192, 5756687.066986900754273 ], [ -10612851.810808885842562, 5756478.757049885578454 ], [ -10613005.684155814349651, 5756278.225399964489043 ], [ -10613169.841640323400497, 5756086.021680452860892 ], [ -10613343.833318158984184, 5755902.672708384692669 ], [ -10613527.18229022808373, 5755728.68103054817766 ], [ -10613719.386009739711881, 5755564.523546039126813 ], [ -10613919.917659660801291, 5755410.650199110619724 ], [ -10614128.227596675977111, 5755267.482745912857354 ], [ -10614343.744857728481293, 5755135.413598481565714 ], [ -10614565.878724986687303, 5755014.804749172180891 ], [ -10614794.020344957709312, 5754905.986778454855084 ], [ -10615027.544397324323654, 5754809.257948825135827 ], [ -10615265.810808885842562, 5754724.883387280628085 ], [ -10615508.166507974267006, 5754653.09435862954706 ], [ -10615753.947214460000396, 5754594.087631610222161 ], [ -10616002.479260513558984, 5754548.024939560331404 ], [ -10616253.081437071785331, 5754515.032537114806473 ], [ -10616505.066860986873507, 5754495.20085415802896 ], [ -10616757.744857728481293, 5754488.584247953258455 ], [ -10617010.422854470089078, 5754495.20085415802896 ], [ -10617262.408278385177255, 5754515.032537114806473 ], [ -10617513.010454943403602, 5754548.024939560331404 ], [ -10617761.54250099696219, 5754594.087631610222161 ], [ -10618007.32320748269558, 5754653.09435862954706 ], [ -10618249.678906571120024, 5754724.883387280628085 ], [ -10618487.945318132638931, 5754809.257948825135827 ], [ -10618721.469370499253273, 5754905.986778454855084 ], [ -10618949.610990470275283, 5755014.804749172180891 ], [ -10619171.744857728481293, 5755135.413598481565714 ], [ -10619387.262118780985475, 5755267.482745912857354 ], [ -10619595.572055796161294, 5755410.650199110619724 ], [ -10619796.103705717250705, 5755564.523546039126813 ], [ -10619988.307425228878856, 5755728.68103054817766 ], [ -10620171.656397297978401, 5755902.672708384692669 ], [ -10620345.648075133562088, 5756086.021680452860892 ], [ -10620509.805559642612934, 5756278.225399964489043 ], [ -10620663.678906571120024, 5756478.757049885578454 ], [ -10620806.846359768882394, 5756687.066986900754273 ], [ -10620938.915507199242711, 5756902.584247953258455 ], [ -10621059.524356510490179, 5757124.718115210533142 ], [ -10621168.342327227815986, 5757352.859735183417797 ], [ -10621265.071156857535243, 5757586.383787548169494 ], [ -10621349.445718402042985, 5757824.650199110619724 ], [ -10621421.234747052192688, 5758067.005898198112845 ], [ -10621480.241474071517587, 5758312.786604684777558 ], [ -10621526.304166121408343, 5758561.318650739267468 ], [ -10621559.296568566933274, 5758811.920827296562493 ], [ -10621579.128251522779465, 5759063.906251212581992 ], [ -10621585.744857728481293, 5759316.584247953258455 ], [ -10621579.128251522779465, 5759569.262244693934917 ], [ -10621559.296568566933274, 5759821.247668609023094 ], [ -10621526.304166121408343, 5760071.849845167249441 ], [ -10621480.241474071517587, 5760320.381891221739352 ], [ -10621421.234747052192688, 5760566.162597708404064 ], [ -10621349.445718402042985, 5760808.518296795897186 ], [ -10621265.071156857535243, 5761046.784708358347416 ], [ -10621168.342327227815986, 5761280.308760723099113 ], [ -10621059.524356510490179, 5761508.450380695983768 ], [ -10620938.915507199242711, 5761730.584247953258455 ], [ -10620806.846359768882394, 5761946.101509005762637 ], [ -10620663.678906571120024, 5762154.411446020938456 ], [ -10620509.805559642612934, 5762354.943095942027867 ], [ -10620345.648075133562088, 5762547.146815453656018 ], [ -10620171.656397297978401, 5762730.495787521824241 ], [ -10619988.307425228878856, 5762904.48746535833925 ], [ -10619796.103705717250705, 5763068.644949867390096 ], [ -10619595.572055796161294, 5763222.518296795897186 ], [ -10619387.262118780985475, 5763365.685749993659556 ], [ -10619171.744857728481293, 5763497.754897424951196 ], [ -10618949.610990470275283, 5763618.363746734336019 ], [ -10618721.469370499253273, 5763727.181717451661825 ], [ -10618487.945318132638931, 5763823.910547081381083 ], [ -10618249.678906571120024, 5763908.285108625888824 ], [ -10618007.32320748269558, 5763980.07413727696985 ], [ -10617761.54250099696219, 5764039.080864296294749 ], [ -10617513.010454943403602, 5764085.143556346185505 ], [ -10617262.408278385177255, 5764118.135958791710436 ], [ -10617010.422854470089078, 5764137.967641748487949 ], [ -10616757.744857728481293, 5764144.584247953258455 ], [ -10616505.066860986873507, 5764137.967641748487949 ], [ -10616253.081437071785331, 5764118.135958791710436 ], [ -10616002.479260513558984, 5764085.143556346185505 ], [ -10615753.947214460000396, 5764039.080864296294749 ], [ -10615508.166507974267006, 5763980.07413727696985 ], [ -10615265.810808885842562, 5763908.285108625888824 ], [ -10615027.544397324323654, 5763823.910547081381083 ], [ -10614794.020344957709312, 5763727.181717451661825 ], [ -10614565.878724986687303, 5763618.363746734336019 ], [ -10614343.744857728481293, 5763497.754897424951196 ], [ -10614128.227596675977111, 5763365.685749993659556 ], [ -10613919.917659660801291, 5763222.518296795897186 ], [ -10613719.386009739711881, 5763068.644949867390096 ], [ -10613527.18229022808373, 5762904.48746535833925 ], [ -10613343.833318158984184, 5762730.495787521824241 ], [ -10613169.841640323400497, 5762547.146815453656018 ], [ -10613005.684155814349651, 5762354.943095942027867 ], [ -10612851.810808885842562, 5762154.411446020938456 ], [ -10612708.643355688080192, 5761946.101509005762637 ], [ -10612576.574208257719874, 5761730.584247953258455 ], [ -10612455.965358946472406, 5761508.450380695983768 ], [ -10612347.1473882291466, 5761280.308760723099113 ], [ -10612250.418558599427342, 5761046.784708358347416 ], [ -10612166.0439970549196, 5760808.518296795897186 ], [ -10612094.254968404769897, 5760566.162597708404064 ], [ -10612035.248241385444999, 5760320.381891221739352 ], [ -10611989.185549335554242, 5760071.849845167249441 ], [ -10611956.193146890029311, 5759821.247668609954417 ], [ -10611936.361463934183121, 5759569.262244693934917 ], [ -10611929.744857728481293, 5759316.584247953258455 ] ] ] } },
{ "type": "Feature", "properties": { "facility_name": "Xcel Energy - Red Wing Steam Plant", "state": "MN" }, "geometry": { "type": "Polygon", "coordinates": [ [ [ -10294115.882567910477519, 5553952.015992421656847 ], [ -10294122.499174116179347, 5553699.337995680980384 ], [ -10294142.330857072025537, 5553447.352571764960885 ], [ -10294175.323259517550468, 5553196.750395207665861 ], [ -10294221.385951567441225, 5552948.21834915317595 ], [ -10294280.392678586766124, 5552702.437642666511238 ], [ -10294352.181707236915827, 5552460.081943579018116 ], [ -10294436.556268781423569, 5552221.815532016567886 ], [ -10294533.285098411142826, 5551988.291479651816189 ], [ -10294642.103069128468633, 5551760.149859678931534 ], [ -10294762.711918439716101, 5551538.015992421656847 ], [ -10294894.781065870076418, 5551322.498731369152665 ], [ -10295037.948519067838788, 5551114.188794353976846 ], [ -10295191.821865996345878, 5550913.657144432887435 ], [ -10295355.979350505396724, 5550721.453424921259284 ], [ -10295529.971028340980411, 5550538.104452853091061 ], [ -10295713.320000410079956, 5550364.112775016576052 ], [ -10295905.523719921708107, 5550199.955290507525206 ], [ -10296106.055369842797518, 5550046.081943579018116 ], [ -10296314.365306857973337, 5549902.914490381255746 ], [ -10296529.882567910477519, 5549770.845342949964106 ], [ -10296752.016435168683529, 5549650.236493640579283 ], [ -10296980.158055139705539, 5549541.418522923253477 ], [ -10297213.68210750631988, 5549444.689693293534219 ], [ -10297451.948519067838788, 5549360.315131749026477 ], [ -10297694.304218156263232, 5549288.526103097945452 ], [ -10297940.084924641996622, 5549229.519376078620553 ], [ -10298188.61697069555521, 5549183.456684028729796 ], [ -10298439.219147253781557, 5549150.464281583204865 ], [ -10298691.204571168869734, 5549130.632598626427352 ], [ -10298943.882567910477519, 5549124.015992421656847 ], [ -10299196.560564652085304, 5549130.632598626427352 ], [ -10299448.545988567173481, 5549150.464281583204865 ], [ -10299699.148165125399828, 5549183.456684028729796 ], [ -10299947.680211178958416, 5549229.519376078620553 ], [ -10300193.460917664691806, 5549288.526103097945452 ], [ -10300435.81661675311625, 5549360.315131749026477 ], [ -10300674.083028314635158, 5549444.689693293534219 ], [ -10300907.607080681249499, 5549541.418522923253477 ], [ -10301135.748700652271509, 5549650.236493640579283 ], [ -10301357.882567910477519, 5549770.845342949964106 ], [ -10301573.399828962981701, 5549902.914490381255746 ], [ -10301781.70976597815752, 5550046.081943579018116 ], [ -10301982.241415899246931, 5550199.955290507525206 ], [ -10302174.445135410875082, 5550364.112775016576052 ], [ -10302357.794107479974627, 5550538.104452853091061 ], [ -10302531.785785315558314, 5550721.453424921259284 ], [ -10302695.94326982460916, 5550913.657144432887435 ], [ -10302849.81661675311625, 5551114.188794353976846 ], [ -10302992.98406995087862, 5551322.498731369152665 ], [ -10303125.053217381238937, 5551538.015992421656847 ], [ -10303245.662066692486405, 5551760.149859678931534 ], [ -10303354.480037409812212, 5551988.291479651816189 ], [ -10303451.208867039531469, 5552221.815532016567886 ], [ -10303535.583428584039211, 5552460.081943579018116 ], [ -10303607.372457234188914, 5552702.437642666511238 ], [ -10303666.379184253513813, 5552948.21834915317595 ], [ -10303712.44187630340457, 5553196.750395207665861 ], [ -10303745.434278748929501, 5553447.352571764960885 ], [ -10303765.265961704775691, 5553699.337995680980384 ], [ -10303771.882567910477519, 5553952.015992421656847 ], [ -10303765.265961704775691, 5554204.69398916233331 ], [ -10303745.434278748929501, 5554456.679413077421486 ], [ -10303712.44187630340457, 5554707.281589635647833 ], [ -10303666.379184253513813, 5554955.813635690137744 ], [ -10303607.372457234188914, 5555201.594342176802456 ], [ -10303535.583428584039211, 5555443.950041264295578 ], [ -10303451.208867039531469, 5555682.216452826745808 ], [ -10303354.480037409812212, 5555915.740505191497505 ], [ -10303245.662066692486405, 5556143.88212516438216 ], [ -10303125.053217381238937, 5556366.015992421656847 ], [ -10302992.98406995087862, 5556581.533253474161029 ], [ -10302849.81661675311625, 5556789.843190489336848 ], [ -10302695.94326982460916, 5556990.374840410426259 ], [ -10302531.785785315558314, 5557182.57855992205441 ], [ -10302357.794107479974627, 5557365.927531990222633 ], [ -10302174.445135410875082, 5557539.919209826737642 ], [ -10301982.241415899246931, 5557704.076694335788488 ], [ -10301781.70976597815752, 5557857.950041264295578 ], [ -10301573.399828962981701, 5558001.117494462057948 ], [ -10301357.882567910477519, 5558133.186641893349588 ], [ -10301135.748700652271509, 5558253.795491202734411 ], [ -10300907.607080681249499, 5558362.613461920060217 ], [ -10300674.083028314635158, 5558459.342291549779475 ], [ -10300435.81661675311625, 5558543.716853094287217 ], [ -10300193.460917664691806, 5558615.505881745368242 ], [ -10299947.680211178958416, 5558674.512608764693141 ], [ -10299699.148165125399828, 5558720.575300814583898 ], [ -10299448.545988567173481, 5558753.567703260108829 ], [ -10299196.560564652085304, 5558773.399386216886342 ], [ -10298943.882567910477519, 5558780.015992421656847 ], [ -10298691.204571168869734, 5558773.399386216886342 ], [ -10298439.219147253781557, 5558753.567703260108829 ], [ -10298188.61697069555521, 5558720.575300814583898 ], [ -10297940.084924641996622, 5558674.512608764693141 ], [ -10297694.304218156263232, 5558615.505881745368242 ], [ -10297451.948519067838788, 5558543.716853094287217 ], [ -10297213.68210750631988, 5558459.342291549779475 ], [ -10296980.158055139705539, 5558362.613461920060217 ], [ -10296752.016435168683529, 5558253.795491202734411 ], [ -10296529.882567910477519, 5558133.186641893349588 ], [ -10296314.365306857973337, 5558001.117494462057948 ], [ -10296106.055369842797518, 5557857.950041264295578 ], [ -10295905.523719921708107, 5557704.076694335788488 ], [ -10295713.320000410079956, 5557539.919209826737642 ], [ -10295529.971028340980411, 5557365.927531990222633 ], [ -10295355.979350505396724, 5557182.57855992205441 ], [ -10295191.821865996345878, 5556990.374840410426259 ], [ -10295037.948519067838788, 5556789.843190489336848 ], [ -10294894.781065870076418, 5556581.533253474161029 ], [ -10294762.711918439716101, 5556366.015992421656847 ], [ -10294642.103069128468633, 5556143.88212516438216 ], [ -10294533.285098411142826, 5555915.740505191497505 ], [ -10294436.556268781423569, 5555682.216452826745808 ], [ -10294352.181707236915827, 5555443.950041264295578 ], [ -10294280.392678586766124, 5555201.594342176802456 ], [ -10294221.385951567441225, 5554955.813635690137744 ], [ -10294175.323259517550468, 5554707.281589635647833 ], [ -10294142.330857072025537, 5554456.679413078352809 ], [ -10294122.499174116179347, 5554204.69398916233331 ], [ -10294115.882567910477519, 5553952.015992421656847 ] ] ] } },
{ "type": "Feature", "properties": { "facility_name": "Xcel Energy - Wilmarth Plant", "state": "MN" }, "geometry": { "type": "Polygon", "coordinates": [ [ [ -10460441.573159322142601, 5496555.920202371664345 ], [ -10460448.189765527844429, 5496303.242205630987883 ], [ -10460468.021448483690619, 5496051.256781714968383 ], [ -10460501.01385092921555, 5495800.654605157673359 ], [ -10460547.076542979106307, 5495552.122559103183448 ], [ -10460606.083269998431206, 5495306.341852616518736 ], [ -10460677.872298648580909, 5495063.986153529025614 ], [ -10460762.246860193088651, 5494825.719741966575384 ], [ -10460858.975689822807908, 5494592.195689601823688 ], [ -10460967.793660540133715, 5494364.054069628939033 ], [ -10461088.402509851381183, 5494141.920202371664345 ], [ -10461220.4716572817415, 5493926.402941319160163 ], [ -10461363.63911047950387, 5493718.093004303984344 ], [ -10461517.51245740801096, 5493517.561354382894933 ], [ -10461681.669941917061806, 5493325.357634871266782 ], [ -10461855.661619752645493, 5493142.008662803098559 ], [ -10462039.010591821745038, 5492968.01698496658355 ], [ -10462231.214311333373189, 5492803.859500457532704 ], [ -10462431.7459612544626, 5492649.986153529025614 ], [ -10462640.055898269638419, 5492506.818700331263244 ], [ -10462855.573159322142601, 5492374.749552899971604 ], [ -10463077.707026580348611, 5492254.140703590586782 ], [ -10463305.848646551370621, 5492145.322732873260975 ], [ -10463539.372698917984962, 5492048.593903243541718 ], [ -10463777.63911047950387, 5491964.219341699033976 ], [ -10464019.994809567928314, 5491892.43031304795295 ], [ -10464265.775516053661704, 5491833.423586028628051 ], [ -10464514.307562107220292, 5491787.360893978737295 ], [ -10464764.909738665446639, 5491754.368491533212364 ], [ -10465016.895162580534816, 5491734.536808576434851 ], [ -10465269.573159322142601, 5491727.920202371664345 ], [ -10465522.251156063750386, 5491734.536808576434851 ], [ -10465774.236579978838563, 5491754.368491533212364 ], [ -10466024.83875653706491, 5491787.360893978737295 ], [ -10466273.370802590623498, 5491833.423586028628051 ], [ -10466519.151509076356888, 5491892.43031304795295 ], [ -10466761.507208164781332, 5491964.219341699033976 ], [ -10466999.77361972630024, 5492048.593903243541718 ], [ -10467233.297672092914581, 5492145.322732873260975 ], [ -10467461.439292063936591, 5492254.140703590586782 ], [ -10467683.573159322142601, 5492374.749552899971604 ], [ -10467899.090420374646783, 5492506.818700331263244 ], [ -10468107.400357389822602, 5492649.986153529025614 ], [ -10468307.932007310912013, 5492803.859500457532704 ], [ -10468500.135726822540164, 5492968.01698496658355 ], [ -10468683.484698891639709, 5493142.008662803098559 ], [ -10468857.476376727223396, 5493325.357634871266782 ], [ -10469021.633861236274242, 5493517.561354382894933 ], [ -10469175.507208164781332, 5493718.093004303984344 ], [ -10469318.674661362543702, 5493926.402941319160163 ], [ -10469450.743808792904019, 5494141.920202371664345 ], [ -10469571.352658104151487, 5494364.054069628939033 ], [ -10469680.170628821477294, 5494592.195689601823688 ], [ -10469776.899458451196551, 5494825.719741966575384 ], [ -10469861.274019995704293, 5495063.986153529025614 ], [ -10469933.063048645853996, 5495306.341852616518736 ], [ -10469992.069775665178895, 5495552.122559103183448 ], [ -10470038.132467715069652, 5495800.654605157673359 ], [ -10470071.124870160594583, 5496051.256781714968383 ], [ -10470090.956553116440773, 5496303.242205630987883 ], [ -10470097.573159322142601, 5496555.920202371664345 ], [ -10470090.956553116440773, 5496808.598199112340808 ], [ -10470071.124870160594583, 5497060.583623027428985 ], [ -10470038.132467715069652, 5497311.185799585655332 ], [ -10469992.069775665178895, 5497559.717845640145242 ], [ -10469933.063048645853996, 5497805.498552126809955 ], [ -10469861.274019995704293, 5498047.854251214303076 ], [ -10469776.899458451196551, 5498286.120662776753306 ], [ -10469680.170628821477294, 5498519.644715141505003 ], [ -10469571.352658104151487, 5498747.786335114389658 ], [ -10469450.743808792904019, 5498969.920202371664345 ], [ -10469318.674661362543702, 5499185.437463424168527 ], [ -10469175.507208164781332, 5499393.747400439344347 ], [ -10469021.633861236274242, 5499594.279050360433757 ], [ -10468857.476376727223396, 5499786.482769872061908 ], [ -10468683.484698891639709, 5499969.831741940230131 ], [ -10468500.135726822540164, 5500143.823419776745141 ], [ -10468307.932007310912013, 5500307.980904285795987 ], [ -10468107.400357389822602, 5500461.854251214303076 ], [ -10467899.090420374646783, 5500605.021704412065446 ], [ -10467683.573159322142601, 5500737.090851843357086 ], [ -10467461.439292063936591, 5500857.699701152741909 ], [ -10467233.297672092914581, 5500966.517671870067716 ], [ -10466999.77361972630024, 5501063.246501499786973 ], [ -10466761.507208164781332, 5501147.621063044294715 ], [ -10466519.151509076356888, 5501219.410091695375741 ], [ -10466273.370802590623498, 5501278.416818714700639 ], [ -10466024.83875653706491, 5501324.479510764591396 ], [ -10465774.236579978838563, 5501357.471913210116327 ], [ -10465522.251156063750386, 5501377.30359616689384 ], [ -10465269.573159322142601, 5501383.920202371664345 ], [ -10465016.895162580534816, 5501377.30359616689384 ], [ -10464764.909738665446639, 5501357.471913210116327 ], [ -10464514.307562107220292, 5501324.479510764591396 ], [ -10464265.775516053661704, 5501278.416818714700639 ], [ -10464019.994809567928314, 5501219.410091695375741 ], [ -10463777.63911047950387, 5501147.621063044294715 ], [ -10463539.372698917984962, 5501063.246501499786973 ], [ -10463305.848646551370621, 5500966.517671870067716 ], [ -10463077.707026580348611, 5500857.699701152741909 ], [ -10462855.573159322142601, 5500737.090851843357086 ], [ -10462640.055898269638419, 5500605.021704412065446 ], [ -10462431.7459612544626, 5500461.854251214303076 ], [ -10462231.214311333373189, 5500307.980904285795987 ], [ -10462039.010591821745038, 5500143.823419776745141 ], [ -10461855.661619752645493, 5499969.831741940230131 ], [ -10461681.669941917061806, 5499786.482769872061908 ], [ -10461517.51245740801096, 5499594.279050360433757 ], [ -10461363.63911047950387, 5499393.747400439344347 ], [ -10461220.4716572817415, 5499185.437463424168527 ], [ -10461088.402509851381183, 5498969.920202371664345 ], [ -10460967.793660540133715, 5498747.786335114389658 ], [ -10460858.975689822807908, 5498519.644715141505003 ], [ -10460762.246860193088651, 5498286.120662776753306 ], [ -10460677.872298648580909, 5498047.854251214303076 ], [ -10460606.083269998431206, 5497805.498552126809955 ], [ -10460547.076542979106307, 5497559.717845640145242 ], [ -10460501.01385092921555, 5497311.185799585655332 ], [ -10460468.021448483690619, 5497060.583623028360307 ], [ -10460448.189765527844429, 5496808.598199112340808 ], [ -10460441.573159322142601, 5496555.920202371664345 ] ] ] } },
{ "type": "Feature", "properties": { "facility_name": "Wheelabrator Concord", "state": "NH" }, "geometry": { "type": "Polygon", "coordinates": [ [ [ -7963053.017426469363272, 5355709.490370119921863 ], [ -7963059.634032674133778, 5355456.8123733792454 ], [ -7963079.465715630911291, 5355204.826949463225901 ], [ -7963112.458118076436222, 5354954.224772905930877 ], [ -7963158.520810126326978, 5354705.692726851440966 ], [ -7963217.527537145651877, 5354459.912020364776254 ], [ -7963289.316565796732903, 5354217.556321277283132 ], [ -7963373.691127341240644, 5353979.289909714832902 ], [ -7963470.419956970959902, 5353745.765857350081205 ], [ -7963579.237927688285708, 5353517.62423737719655 ], [ -7963699.846776997670531, 5353295.490370119921863 ], [ -7963831.915924428962171, 5353079.973109067417681 ], [ -7963975.083377626724541, 5352871.663172052241862 ], [ -7964128.956724555231631, 5352671.131522131152451 ], [ -7964293.114209064282477, 5352478.9278026195243 ], [ -7964467.105886900797486, 5352295.578830551356077 ], [ -7964650.454858968965709, 5352121.587152714841068 ], [ -7964842.65857848059386, 5351957.429668205790222 ], [ -7965043.190228401683271, 5351803.556321277283132 ], [ -7965251.50016541685909, 5351660.388868079520762 ], [ -7965467.017426469363272, 5351528.319720648229122 ], [ -7965689.151293726637959, 5351407.710871338844299 ], [ -7965917.292913699522614, 5351298.892900621518493 ], [ -7966150.816966064274311, 5351202.164070991799235 ], [ -7966389.083377626724541, 5351117.789509447291493 ], [ -7966631.439076714217663, 5351046.000480796210468 ], [ -7966877.219783200882375, 5350986.993753776885569 ], [ -7967125.751829255372286, 5350940.931061726994812 ], [ -7967376.35400581266731, 5350907.938659281469882 ], [ -7967628.33942972868681, 5350888.106976324692369 ], [ -7967881.017426469363272, 5350881.490370119921863 ], [ -7968133.695423210039735, 5350888.106976324692369 ], [ -7968385.680847125127912, 5350907.938659281469882 ], [ -7968636.283023683354259, 5350940.931061726994812 ], [ -7968884.815069737844169, 5350986.993753776885569 ], [ -7969130.595776224508882, 5351046.000480796210468 ], [ -7969372.951475312002003, 5351117.789509447291493 ], [ -7969611.217886874452233, 5351202.164070991799235 ], [ -7969844.74193923920393, 5351298.892900621518493 ], [ -7970072.883559212088585, 5351407.710871338844299 ], [ -7970295.017426469363272, 5351528.319720648229122 ], [ -7970510.534687521867454, 5351660.388868079520762 ], [ -7970718.844624537043273, 5351803.556321277283132 ], [ -7970919.376274458132684, 5351957.429668205790222 ], [ -7971111.579993969760835, 5352121.587152714841068 ], [ -7971294.928966037929058, 5352295.578830551356077 ], [ -7971468.920643874444067, 5352478.9278026195243 ], [ -7971633.078128383494914, 5352671.131522131152451 ], [ -7971786.951475312002003, 5352871.663172052241862 ], [ -7971930.118928509764373, 5353079.973109067417681 ], [ -7972062.188075941056013, 5353295.490370119921863 ], [ -7972182.796925250440836, 5353517.62423737719655 ], [ -7972291.614895967766643, 5353745.765857350081205 ], [ -7972388.3437255974859, 5353979.289909714832902 ], [ -7972472.718287141993642, 5354217.556321277283132 ], [ -7972544.507315793074667, 5354459.912020364776254 ], [ -7972603.514042812399566, 5354705.692726851440966 ], [ -7972649.576734862290323, 5354954.224772905930877 ], [ -7972682.569137307815254, 5355204.826949463225901 ], [ -7972702.400820264592767, 5355456.8123733792454 ], [ -7972709.017426469363272, 5355709.490370119921863 ], [ -7972702.400820264592767, 5355962.168366860598326 ], [ -7972682.569137307815254, 5356214.153790775686502 ], [ -7972649.576734862290323, 5356464.755967333912849 ], [ -7972603.514042812399566, 5356713.28801338840276 ], [ -7972544.507315793074667, 5356959.068719875067472 ], [ -7972472.718287141993642, 5357201.424418962560594 ], [ -7972388.3437255974859, 5357439.690830525010824 ], [ -7972291.614895967766643, 5357673.214882889762521 ], [ -7972182.796925250440836, 5357901.356502862647176 ], [ -7972062.188075941056013, 5358123.490370119921863 ], [ -7971930.118928509764373, 5358339.007631172426045 ], [ -7971786.951475312002003, 5358547.317568187601864 ], [ -7971633.078128383494914, 5358747.849218108691275 ], [ -7971468.920643874444067, 5358940.052937620319426 ], [ -7971294.928966037929058, 5359123.401909688487649 ], [ -7971111.579993969760835, 5359297.393587525002658 ], [ -7970919.376274458132684, 5359461.551072034053504 ], [ -7970718.844624537043273, 5359615.424418962560594 ], [ -7970510.534687521867454, 5359758.591872160322964 ], [ -7970295.017426469363272, 5359890.661019591614604 ], [ -7970072.883559212088585, 5360011.269868900999427 ], [ -7969844.74193923920393, 5360120.087839618325233 ], [ -7969611.217886874452233, 5360216.816669248044491 ], [ -7969372.951475312002003, 5360301.191230792552233 ], [ -7969130.595776224508882, 5360372.980259443633258 ], [ -7968884.815069737844169, 5360431.986986462958157 ], [ -7968636.283023683354259, 5360478.049678512848914 ], [ -7968385.680847126059234, 5360511.042080958373845 ], [ -7968133.695423210039735, 5360530.873763915151358 ], [ -7967881.017426469363272, 5360537.490370119921863 ], [ -7967628.33942972868681, 5360530.873763915151358 ], [ -7967376.354005813598633, 5360511.042080958373845 ], [ -7967125.751829255372286, 5360478.049678512848914 ], [ -7966877.219783200882375, 5360431.986986462958157 ], [ -7966631.439076714217663, 5360372.980259443633258 ], [ -7966389.083377626724541, 5360301.191230792552233 ], [ -7966150.816966064274311, 5360216.816669248044491 ], [ -7965917.292913699522614, 5360120.087839618325233 ], [ -7965689.151293726637959, 5360011.269868900999427 ], [ -7965467.017426469363272, 5359890.661019591614604 ], [ -7965251.50016541685909, 5359758.591872160322964 ], [ -7965043.190228401683271, 5359615.424418962560594 ], [ -7964842.65857848059386, 5359461.551072034053504 ], [ -7964650.454858968965709, 5359297.393587525002658 ], [ -7964467.105886900797486, 5359123.401909688487649 ], [ -7964293.114209064282477, 5358940.052937620319426 ], [ -7964128.956724555231631, 5358747.849218108691275 ], [ -7963975.083377626724541, 5358547.317568187601864 ], [ -7963831.915924428962171, 5358339.007631172426045 ], [ -7963699.846776997670531, 5358123.490370119921863 ], [ -7963579.237927688285708, 5357901.356502862647176 ], [ -7963470.419956970959902, 5357673.214882889762521 ], [ -7963373.691127341240644, 5357439.690830525010824 ], [ -7963289.316565796732903, 5357201.424418962560594 ], [ -7963217.527537145651877, 5356959.068719875067472 ], [ -7963158.520810126326978, 5356713.28801338840276 ], [ -7963112.458118076436222, 5356464.755967333912849 ], [ -7963079.465715630911291, 5356214.153790776617825 ], [ -7963059.634032674133778, 5355962.168366860598326 ], [ -7963053.017426469363272, 5355709.490370119921863 ] ] ] } },
{ "type": "Feature", "properties": { "facility_name": "Covanta Camden Energy Recovery Center ", "state": "NJ" }, "geometry": { "type": "Polygon", "coordinates": [ [ [ -8357041.627279520966113, 4852812.553677323274314 ], [ -8357048.243885725736618, 4852559.875680582597852 ], [ -8357068.075568682514131, 4852307.890256666578352 ], [ -8357101.067971128039062, 4852057.288080109283328 ], [ -8357147.130663177929819, 4851808.756034054793417 ], [ -8357206.137390197254717, 4851562.975327568128705 ], [ -8357277.926418848335743, 4851320.619628480635583 ], [ -8357362.300980392843485, 4851082.353216918185353 ], [ -8357459.029810022562742, 4850848.829164553433657 ], [ -8357567.847780739888549, 4850620.687544580549002 ], [ -8357688.456630049273372, 4850398.553677323274314 ], [ -8357820.525777480565012, 4850183.036416270770133 ], [ -8357963.693230678327382, 4849974.726479255594313 ], [ -8358117.566577606834471, 4849774.194829334504902 ], [ -8358281.724062115885317, 4849581.991109822876751 ], [ -8358455.715739952400327, 4849398.642137754708529 ], [ -8358639.06471202056855, 4849224.650459918193519 ], [ -8358831.268431532196701, 4849060.492975409142673 ], [ -8359031.800081453286111, 4848906.619628480635583 ], [ -8359240.110018468461931, 4848763.452175282873213 ], [ -8359455.627279520966113, 4848631.383027851581573 ], [ -8359677.7611467782408, 4848510.774178542196751 ], [ -8359905.902766751125455, 4848401.956207824870944 ], [ -8360139.426819115877151, 4848305.227378195151687 ], [ -8360377.693230678327382, 4848220.852816650643945 ], [ -8360620.048929765820503, 4848149.063787999562919 ], [ -8360865.829636252485216, 4848090.05706098023802 ], [ -8361114.361682306975126, 4848043.994368930347264 ], [ -8361364.963858864270151, 4848011.001966484822333 ], [ -8361616.94928278028965, 4847991.17028352804482 ], [ -8361869.627279520966113, 4847984.553677323274314 ], [ -8362122.305276261642575, 4847991.17028352804482 ], [ -8362374.290700176730752, 4848011.001966484822333 ], [ -8362624.892876734957099, 4848043.994368930347264 ], [ -8362873.42492278944701, 4848090.05706098023802 ], [ -8363119.205629276111722, 4848149.063787999562919 ], [ -8363361.561328363604844, 4848220.852816650643945 ], [ -8363599.827739926055074, 4848305.227378195151687 ], [ -8363833.35179229080677, 4848401.956207824870944 ], [ -8364061.493412263691425, 4848510.774178542196751 ], [ -8364283.627279520966113, 4848631.383027851581573 ], [ -8364499.144540573470294, 4848763.452175282873213 ], [ -8364707.454477588646114, 4848906.619628480635583 ], [ -8364907.986127509735525, 4849060.492975409142673 ], [ -8365100.189847021363676, 4849224.650459918193519 ], [ -8365283.538819089531898, 4849398.642137754708529 ], [ -8365457.530496926046908, 4849581.991109822876751 ], [ -8365621.687981435097754, 4849774.194829334504902 ], [ -8365775.561328363604844, 4849974.726479255594313 ], [ -8365918.728781561367214, 4850183.036416270770133 ], [ -8366050.797928992658854, 4850398.553677323274314 ], [ -8366171.406778302043676, 4850620.687544580549002 ], [ -8366280.224749019369483, 4850848.829164553433657 ], [ -8366376.95357864908874, 4851082.353216918185353 ], [ -8366461.328140193596482, 4851320.619628480635583 ], [ -8366533.117168844677508, 4851562.975327568128705 ], [ -8366592.123895864002407, 4851808.756034054793417 ], [ -8366638.186587913893163, 4852057.288080109283328 ], [ -8366671.178990359418094, 4852307.890256666578352 ], [ -8366691.010673316195607, 4852559.875680582597852 ], [ -8366697.627279520966113, 4852812.553677323274314 ], [ -8366691.010673316195607, 4853065.231674063950777 ], [ -8366671.178990359418094, 4853317.217097979038954 ], [ -8366638.186587913893163, 4853567.819274537265301 ], [ -8366592.123895864002407, 4853816.351320591755211 ], [ -8366533.117168844677508, 4854062.132027078419924 ], [ -8366461.328140193596482, 4854304.487726165913045 ], [ -8366376.95357864908874, 4854542.754137728363276 ], [ -8366280.224749019369483, 4854776.278190093114972 ], [ -8366171.406778302043676, 4855004.419810065999627 ], [ -8366050.797928992658854, 4855226.553677323274314 ], [ -8365918.728781561367214, 4855442.070938375778496 ], [ -8365775.561328363604844, 4855650.380875390954316 ], [ -8365621.687981435097754, 4855850.912525312043726 ], [ -8365457.530496926046908, 4856043.116244823671877 ], [ -8365283.538819089531898, 4856226.4652168918401 ], [ -8365100.189847021363676, 4856400.45689472835511 ], [ -8364907.986127509735525, 4856564.614379237405956 ], [ -8364707.454477588646114, 4856718.487726165913045 ], [ -8364499.144540573470294, 4856861.655179363675416 ], [ -8364283.627279520966113, 4856993.724326794967055 ], [ -8364061.493412263691425, 4857114.333176104351878 ], [ -8363833.35179229080677, 4857223.151146821677685 ], [ -8363599.827739926055074, 4857319.879976451396942 ], [ -8363361.561328363604844, 4857404.254537995904684 ], [ -8363119.205629276111722, 4857476.04356664698571 ], [ -8362873.42492278944701, 4857535.050293666310608 ], [ -8362624.892876734957099, 4857581.112985716201365 ], [ -8362374.290700177662075, 4857614.105388161726296 ], [ -8362122.305276261642575, 4857633.937071118503809 ], [ -8361869.627279520966113, 4857640.553677323274314 ], [ -8361616.94928278028965, 4857633.937071118503809 ], [ -8361364.963858865201473, 4857614.105388161726296 ], [ -8361114.361682306975126, 4857581.112985716201365 ], [ -8360865.829636252485216, 4857535.050293666310608 ], [ -8360620.048929765820503, 4857476.04356664698571 ], [ -8360377.693230678327382, 4857404.254537995904684 ], [ -8360139.426819115877151, 4857319.879976451396942 ], [ -8359905.902766751125455, 4857223.151146821677685 ], [ -8359677.7611467782408, 4857114.333176104351878 ], [ -8359455.627279520966113, 4856993.724326794967055 ], [ -8359240.110018468461931, 4856861.655179363675416 ], [ -8359031.800081453286111, 4856718.487726165913045 ], [ -8358831.268431532196701, 4856564.614379237405956 ], [ -8358639.06471202056855, 4856400.45689472835511 ], [ -8358455.715739952400327, 4856226.4652168918401 ], [ -8358281.724062115885317, 4856043.116244823671877 ], [ -8358117.566577606834471, 4855850.912525312043726 ], [ -8357963.693230678327382, 4855650.380875390954316 ], [ -8357820.525777480565012, 4855442.070938375778496 ], [ -8357688.456630049273372, 4855226.553677323274314 ], [ -8357567.847780739888549, 4855004.419810065999627 ], [ -8357459.029810022562742, 4854776.278190093114972 ], [ -8357362.300980392843485, 4854542.754137728363276 ], [ -8357277.926418848335743, 4854304.487726165913045 ], [ -8357206.137390197254717, 4854062.132027078419924 ], [ -8357147.130663177929819, 4853816.351320591755211 ], [ -8357101.067971128039062, 4853567.819274537265301 ], [ -8357068.075568682514131, 4853317.217097979970276 ], [ -8357048.243885725736618, 4853065.231674063950777 ], [ -8357041.627279520966113, 4852812.553677323274314 ] ] ] } },
{ "type": "Feature", "properties": { "facility_name": "Essex County Resource Recovery Facility", "state": "NJ" }, "geometry": { "type": "Polygon", "coordinates": [ [ [ -8246702.415922174230218, 4973633.403518253006041 ], [ -8246709.032528379000723, 4973380.725521512329578 ], [ -8246728.864211335778236, 4973128.740097596310079 ], [ -8246761.856613781303167, 4972878.137921039015055 ], [ -8246807.919305831193924, 4972629.605874984525144 ], [ -8246866.926032850518823, 4972383.825168497860432 ], [ -8246938.715061501599848, 4972141.46946941036731 ], [ -8247023.08962304610759, 4971903.20305784791708 ], [ -8247119.818452675826848, 4971669.679005483165383 ], [ -8247228.636423393152654, 4971441.537385510280728 ], [ -8247349.245272702537477, 4971219.403518253006041 ], [ -8247481.314420133829117, 4971003.886257200501859 ], [ -8247624.481873331591487, 4970795.57632018532604 ], [ -8247778.355220260098577, 4970595.044670264236629 ], [ -8247942.512704769149423, 4970402.840950752608478 ], [ -8248116.504382605664432, 4970219.491978684440255 ], [ -8248299.853354673832655, 4970045.500300847925246 ], [ -8248492.057074185460806, 4969881.3428163388744 ], [ -8248692.588724106550217, 4969727.46946941036731 ], [ -8248900.898661121726036, 4969584.30201621260494 ], [ -8249116.415922174230218, 4969452.2328687813133 ], [ -8249338.549789431504905, 4969331.624019471928477 ], [ -8249566.69140940438956, 4969222.806048754602671 ], [ -8249800.215461769141257, 4969126.077219124883413 ], [ -8250038.481873331591487, 4969041.702657580375671 ], [ -8250280.837572419084609, 4968969.913628929294646 ], [ -8250526.618278905749321, 4968910.906901909969747 ], [ -8250775.150324960239232, 4968864.84420986007899 ], [ -8251025.752501517534256, 4968831.85180741455406 ], [ -8251277.737925433553755, 4968812.020124457776546 ], [ -8251530.415922174230218, 4968805.403518253006041 ], [ -8251783.093918914906681, 4968812.020124457776546 ], [ -8252035.07934283092618, 4968831.85180741455406 ], [ -8252285.681519388221204, 4968864.84420986007899 ], [ -8252534.213565442711115, 4968910.906901909969747 ], [ -8252779.994271929375827, 4968969.913628929294646 ], [ -8253022.349971016868949, 4969041.702657580375671 ], [ -8253260.616382579319179, 4969126.077219124883413 ], [ -8253494.140434944070876, 4969222.806048754602671 ], [ -8253722.282054916955531, 4969331.624019471928477 ], [ -8253944.415922174230218, 4969452.2328687813133 ], [ -8254159.9331832267344, 4969584.30201621260494 ], [ -8254368.243120241910219, 4969727.46946941036731 ], [ -8254568.77477016299963, 4969881.3428163388744 ], [ -8254760.978489674627781, 4970045.500300847925246 ], [ -8254944.327461742796004, 4970219.491978684440255 ], [ -8255118.319139579311013, 4970402.840950752608478 ], [ -8255282.476624088361859, 4970595.044670264236629 ], [ -8255436.349971016868949, 4970795.57632018532604 ], [ -8255579.517424214631319, 4971003.886257200501859 ], [ -8255711.586571645922959, 4971219.403518253006041 ], [ -8255832.195420955307782, 4971441.537385510280728 ], [ -8255941.013391672633588, 4971669.679005483165383 ], [ -8256037.742221302352846, 4971903.20305784791708 ], [ -8256122.116782846860588, 4972141.46946941036731 ], [ -8256193.905811497941613, 4972383.825168497860432 ], [ -8256252.912538517266512, 4972629.605874984525144 ], [ -8256298.975230567157269, 4972878.137921039015055 ], [ -8256331.967633012682199, 4973128.740097596310079 ], [ -8256351.799315969459713, 4973380.725521512329578 ], [ -8256358.415922174230218, 4973633.403518253006041 ], [ -8256351.799315969459713, 4973886.081514993682504 ], [ -8256331.967633012682199, 4974138.06693890877068 ], [ -8256298.975230567157269, 4974388.669115466997027 ], [ -8256252.912538517266512, 4974637.201161521486938 ], [ -8256193.905811497941613, 4974882.98186800815165 ], [ -8256122.116782846860588, 4975125.337567095644772 ], [ -8256037.742221302352846, 4975363.603978658095002 ], [ -8255941.013391672633588, 4975597.128031022846699 ], [ -8255832.195420955307782, 4975825.269650995731354 ], [ -8255711.586571645922959, 4976047.403518253006041 ], [ -8255579.517424214631319, 4976262.920779305510223 ], [ -8255436.349971016868949, 4976471.230716320686042 ], [ -8255282.476624088361859, 4976671.762366241775453 ], [ -8255118.319139579311013, 4976863.966085753403604 ], [ -8254944.327461742796004, 4977047.315057821571827 ], [ -8254760.978489674627781, 4977221.306735658086836 ], [ -8254568.77477016299963, 4977385.464220167137682 ], [ -8254368.243120241910219, 4977539.337567095644772 ], [ -8254159.9331832267344, 4977682.505020293407142 ], [ -8253944.415922174230218, 4977814.574167724698782 ], [ -8253722.282054916955531, 4977935.183017034083605 ], [ -8253494.140434944070876, 4978044.000987751409411 ], [ -8253260.616382579319179, 4978140.729817381128669 ], [ -8253022.349971016868949, 4978225.104378925636411 ], [ -8252779.994271929375827, 4978296.893407576717436 ], [ -8252534.213565442711115, 4978355.900134596042335 ], [ -8252285.681519388221204, 4978401.962826645933092 ], [ -8252035.07934283092618, 4978434.955229091458023 ], [ -8251783.093918914906681, 4978454.786912048235536 ], [ -8251530.415922174230218, 4978461.403518253006041 ], [ -8251277.737925433553755, 4978454.786912048235536 ], [ -8251025.752501518465579, 4978434.955229091458023 ], [ -8250775.150324960239232, 4978401.962826645933092 ], [ -8250526.618278905749321, 4978355.900134596042335 ], [ -8250280.837572419084609, 4978296.893407576717436 ], [ -8250038.481873331591487, 4978225.104378925636411 ], [ -8249800.215461769141257, 4978140.729817381128669 ], [ -8249566.69140940438956, 4978044.000987751409411 ], [ -8249338.549789431504905, 4977935.183017034083605 ], [ -8249116.415922174230218, 4977814.574167724698782 ], [ -8248900.898661121726036, 4977682.505020293407142 ], [ -8248692.588724106550217, 4977539.337567095644772 ], [ -8248492.057074185460806, 4977385.464220167137682 ], [ -8248299.853354673832655, 4977221.306735658086836 ], [ -8248116.504382605664432, 4977047.315057821571827 ], [ -8247942.512704769149423, 4976863.966085753403604 ], [ -8247778.355220260098577, 4976671.762366241775453 ], [ -8247624.481873331591487, 4976471.230716320686042 ], [ -8247481.314420133829117, 4976262.920779305510223 ], [ -8247349.245272702537477, 4976047.403518253006041 ], [ -8247228.636423393152654, 4975825.269650995731354 ], [ -8247119.818452675826848, 4975597.128031022846699 ], [ -8247023.08962304610759, 4975363.603978658095002 ], [ -8246938.715061501599848, 4975125.337567095644772 ], [ -8246866.926032850518823, 4974882.98186800815165 ], [ -8246807.919305831193924, 4974637.201161521486938 ], [ -8246761.856613781303167, 4974388.669115466997027 ], [ -8246728.864211335778236, 4974138.066938909702003 ], [ -8246709.032528379000723, 4973886.081514993682504 ], [ -8246702.415922174230218, 4973633.403518253006041 ] ] ] } },
{ "type": "Feature", "properties": { "facility_name": "Union County Resource Recovery Facility", "state": "NJ" }, "geometry": { "type": "Polygon", "coordinates": [ [ [ -8262423.433085809461772, 4953659.178583228960633 ], [ -8262430.049692014232278, 4953406.500586488284171 ], [ -8262449.881374971009791, 4953154.515162572264671 ], [ -8262482.873777416534722, 4952903.912986014969647 ], [ -8262528.936469466425478, 4952655.380939960479736 ], [ -8262587.943196485750377, 4952409.600233473815024 ], [ -8262659.732225136831403, 4952167.244534386321902 ], [ -8262744.106786681339145, 4951928.978122823871672 ], [ -8262840.835616311058402, 4951695.454070459119976 ], [ -8262949.653587028384209, 4951467.312450486235321 ], [ -8263070.262436337769032, 4951245.178583228960633 ], [ -8263202.331583769060671, 4951029.661322176456451 ], [ -8263345.499036966823041, 4950821.351385161280632 ], [ -8263499.372383895330131, 4950620.819735240191221 ], [ -8263663.529868404380977, 4950428.61601572856307 ], [ -8263837.521546240895987, 4950245.267043660394847 ], [ -8264020.870518309064209, 4950071.275365823879838 ], [ -8264213.07423782069236, 4949907.117881314828992 ], [ -8264413.605887741781771, 4949753.244534386321902 ], [ -8264621.915824756957591, 4949610.077081188559532 ], [ -8264837.433085809461772, 4949478.007933757267892 ], [ -8265059.56695306673646, 4949357.39908444788307 ], [ -8265287.708573039621115, 4949248.581113730557263 ], [ -8265521.232625404372811, 4949151.852284100838006 ], [ -8265759.499036966823041, 4949067.477722556330264 ], [ -8266001.854736054316163, 4948995.688693905249238 ], [ -8266247.635442540980875, 4948936.681966885924339 ], [ -8266496.167488595470786, 4948890.619274836033583 ], [ -8266746.76966515276581, 4948857.626872390508652 ], [ -8266998.75508906878531, 4948837.795189433731139 ], [ -8267251.433085809461772, 4948831.178583228960633 ], [ -8267504.111082550138235, 4948837.795189433731139 ], [ -8267756.096506465226412, 4948857.626872390508652 ], [ -8268006.698683023452759, 4948890.619274836033583 ], [ -8268255.230729077942669, 4948936.681966885924339 ], [ -8268501.011435564607382, 4948995.688693905249238 ], [ -8268743.367134652100503, 4949067.477722556330264 ], [ -8268981.633546214550734, 4949151.852284100838006 ], [ -8269215.15759857930243, 4949248.581113730557263 ], [ -8269443.299218552187085, 4949357.39908444788307 ], [ -8269665.433085809461772, 4949478.007933757267892 ], [ -8269880.950346861965954, 4949610.077081188559532 ], [ -8270089.260283877141774, 4949753.244534386321902 ], [ -8270289.791933798231184, 4949907.117881314828992 ], [ -8270481.995653309859335, 4950071.275365823879838 ], [ -8270665.344625378027558, 4950245.267043660394847 ], [ -8270839.336303214542568, 4950428.61601572856307 ], [ -8271003.493787723593414, 4950620.819735240191221 ], [ -8271157.367134652100503, 4950821.351385161280632 ], [ -8271300.534587849862874, 4951029.661322176456451 ], [ -8271432.603735281154513, 4951245.178583228960633 ], [ -8271553.212584590539336, 4951467.312450486235321 ], [ -8271662.030555307865143, 4951695.454070459119976 ], [ -8271758.7593849375844, 4951928.978122823871672 ], [ -8271843.133946482092142, 4952167.244534386321902 ], [ -8271914.922975133173168, 4952409.600233473815024 ], [ -8271973.929702152498066, 4952655.380939960479736 ], [ -8272019.992394202388823, 4952903.912986014969647 ], [ -8272052.984796647913754, 4953154.515162572264671 ], [ -8272072.816479604691267, 4953406.500586488284171 ], [ -8272079.433085809461772, 4953659.178583228960633 ], [ -8272072.816479604691267, 4953911.856579969637096 ], [ -8272052.984796647913754, 4954163.842003884725273 ], [ -8272019.992394202388823, 4954414.44418044295162 ], [ -8271973.929702152498066, 4954662.97622649744153 ], [ -8271914.922975133173168, 4954908.756932984106243 ], [ -8271843.133946482092142, 4955151.112632071599364 ], [ -8271758.7593849375844, 4955389.379043634049594 ], [ -8271662.030555307865143, 4955622.903095998801291 ], [ -8271553.212584590539336, 4955851.044715971685946 ], [ -8271432.603735281154513, 4956073.178583228960633 ], [ -8271300.534587849862874, 4956288.695844281464815 ], [ -8271157.367134652100503, 4956497.005781296640635 ], [ -8271003.493787723593414, 4956697.537431217730045 ], [ -8270839.336303214542568, 4956889.741150729358196 ], [ -8270665.344625378027558, 4957073.090122797526419 ], [ -8270481.995653309859335, 4957247.081800634041429 ], [ -8270289.791933798231184, 4957411.239285143092275 ], [ -8270089.260283877141774, 4957565.112632071599364 ], [ -8269880.950346861965954, 4957708.280085269361734 ], [ -8269665.433085809461772, 4957840.349232700653374 ], [ -8269443.299218552187085, 4957960.958082010038197 ], [ -8269215.15759857930243, 4958069.776052727364004 ], [ -8268981.633546214550734, 4958166.504882357083261 ], [ -8268743.367134652100503, 4958250.879443901591003 ], [ -8268501.011435564607382, 4958322.668472552672029 ], [ -8268255.230729077942669, 4958381.675199571996927 ], [ -8268006.698683023452759, 4958427.737891621887684 ], [ -8267756.096506466157734, 4958460.730294067412615 ], [ -8267504.111082550138235, 4958480.561977024190128 ], [ -8267251.433085809461772, 4958487.178583228960633 ], [ -8266998.75508906878531, 4958480.561977024190128 ], [ -8266746.769665153697133, 4958460.730294067412615 ], [ -8266496.167488595470786, 4958427.737891621887684 ], [ -8266247.635442540980875, 4958381.675199571996927 ], [ -8266001.854736054316163, 4958322.668472552672029 ], [ -8265759.499036966823041, 4958250.879443901591003 ], [ -8265521.232625404372811, 4958166.504882357083261 ], [ -8265287.708573039621115, 4958069.776052727364004 ], [ -8265059.56695306673646, 4957960.958082010038197 ], [ -8264837.433085809461772, 4957840.349232700653374 ], [ -8264621.915824756957591, 4957708.280085269361734 ], [ -8264413.605887741781771, 4957565.112632071599364 ], [ -8264213.07423782069236, 4957411.239285143092275 ], [ -8264020.870518309064209, 4957247.081800634041429 ], [ -8263837.521546240895987, 4957073.090122797526419 ], [ -8263663.529868404380977, 4956889.741150729358196 ], [ -8263499.372383895330131, 4956697.537431217730045 ], [ -8263345.499036966823041, 4956497.005781296640635 ], [ -8263202.331583769060671, 4956288.695844281464815 ], [ -8263070.262436337769032, 4956073.178583228960633 ], [ -8262949.653587028384209, 4955851.044715971685946 ], [ -8262840.835616311058402, 4955622.903095998801291 ], [ -8262744.106786681339145, 4955389.379043634049594 ], [ -8262659.732225136831403, 4955151.112632071599364 ], [ -8262587.943196485750377, 4954908.756932984106243 ], [ -8262528.936469466425478, 4954662.97622649744153 ], [ -8262482.873777416534722, 4954414.44418044295162 ], [ -8262449.881374971009791, 4954163.842003885656595 ], [ -8262430.049692014232278, 4953911.856579969637096 ], [ -8262423.433085809461772, 4953659.178583228960633 ] ] ] } },
{ "type": "Feature", "properties": { "facility_name": "Wheelabrator Gloucester Company ", "state": "NJ" }, "geometry": { "type": "Polygon", "coordinates": [ [ [ -8359471.152902186848223, 4847565.452909940853715 ], [ -8359477.769508391618729, 4847312.774913200177252 ], [ -8359497.601191348396242, 4847060.789489284157753 ], [ -8359530.593593793921173, 4846810.187312726862729 ], [ -8359576.656285843811929, 4846561.655266672372818 ], [ -8359635.663012863136828, 4846315.874560185708106 ], [ -8359707.452041514217854, 4846073.518861098214984 ], [ -8359791.826603058725595, 4845835.252449535764754 ], [ -8359888.555432688444853, 4845601.728397171013057 ], [ -8359997.373403405770659, 4845373.586777198128402 ], [ -8360117.982252715155482, 4845151.452909940853715 ], [ -8360250.051400146447122, 4844935.935648888349533 ], [ -8360393.218853344209492, 4844727.625711873173714 ], [ -8360547.092200272716582, 4844527.094061952084303 ], [ -8360711.249684781767428, 4844334.890342440456152 ], [ -8360885.241362618282437, 4844151.541370372287929 ], [ -8361068.59033468645066, 4843977.54969253577292 ], [ -8361260.794054198078811, 4843813.392208026722074 ], [ -8361461.325704119168222, 4843659.518861098214984 ], [ -8361669.635641134344041, 4843516.351407900452614 ], [ -8361885.152902186848223, 4843384.282260469160974 ], [ -8362107.28676944412291, 4843263.673411159776151 ], [ -8362335.428389417007565, 4843154.855440442450345 ], [ -8362568.952441781759262, 4843058.126610812731087 ], [ -8362807.218853344209492, 4842973.752049268223345 ], [ -8363049.574552431702614, 4842901.96302061714232 ], [ -8363295.355258918367326, 4842842.956293597817421 ], [ -8363543.887304972857237, 4842796.893601547926664 ], [ -8363794.489481530152261, 4842763.901199102401733 ], [ -8364046.474905446171761, 4842744.06951614562422 ], [ -8364299.152902186848223, 4842737.452909940853715 ], [ -8364551.830898927524686, 4842744.06951614562422 ], [ -8364803.816322842612863, 4842763.901199102401733 ], [ -8365054.41849940083921, 4842796.893601547926664 ], [ -8365302.95054545532912, 4842842.956293597817421 ], [ -8365548.731251941993833, 4842901.96302061714232 ], [ -8365791.086951029486954, 4842973.752049268223345 ], [ -8366029.353362591937184, 4843058.126610812731087 ], [ -8366262.877414956688881, 4843154.855440442450345 ], [ -8366491.019034929573536, 4843263.673411159776151 ], [ -8366713.152902186848223, 4843384.282260469160974 ], [ -8366928.670163239352405, 4843516.351407900452614 ], [ -8367136.980100254528224, 4843659.518861098214984 ], [ -8367337.511750175617635, 4843813.392208026722074 ], [ -8367529.715469687245786, 4843977.54969253577292 ], [ -8367713.064441755414009, 4844151.541370372287929 ], [ -8367887.056119591929018, 4844334.890342440456152 ], [ -8368051.213604100979865, 4844527.094061952084303 ], [ -8368205.086951029486954, 4844727.625711873173714 ], [ -8368348.254404227249324, 4844935.935648888349533 ], [ -8368480.323551658540964, 4845151.452909940853715 ], [ -8368600.932400967925787, 4845373.586777198128402 ], [ -8368709.750371685251594, 4845601.728397171013057 ], [ -8368806.479201314970851, 4845835.252449535764754 ], [ -8368890.853762859478593, 4846073.518861098214984 ], [ -8368962.642791510559618, 4846315.874560185708106 ], [ -8369021.649518529884517, 4846561.655266672372818 ], [ -8369067.712210579775274, 4846810.187312726862729 ], [ -8369100.704613025300205, 4847060.789489284157753 ], [ -8369120.536295982077718, 4847312.774913200177252 ], [ -8369127.152902186848223, 4847565.452909940853715 ], [ -8369120.536295982077718, 4847818.130906681530178 ], [ -8369100.704613025300205, 4848070.116330596618354 ], [ -8369067.712210579775274, 4848320.718507154844701 ], [ -8369021.649518529884517, 4848569.250553209334612 ], [ -8368962.642791510559618, 4848815.031259695999324 ], [ -8368890.853762859478593, 4849057.386958783492446 ], [ -8368806.479201314970851, 4849295.653370345942676 ], [ -8368709.750371685251594, 4849529.177422710694373 ], [ -8368600.932400967925787, 4849757.319042683579028 ], [ -8368480.323551658540964, 4849979.452909940853715 ], [ -8368348.254404227249324, 4850194.970170993357897 ], [ -8368205.086951029486954, 4850403.280108008533716 ], [ -8368051.213604100979865, 4850603.811757929623127 ], [ -8367887.056119591929018, 4850796.015477441251278 ], [ -8367713.064441755414009, 4850979.364449509419501 ], [ -8367529.715469687245786, 4851153.35612734593451 ], [ -8367337.511750175617635, 4851317.513611854985356 ], [ -8367136.980100254528224, 4851471.386958783492446 ], [ -8366928.670163239352405, 4851614.554411981254816 ], [ -8366713.152902186848223, 4851746.623559412546456 ], [ -8366491.019034929573536, 4851867.232408721931279 ], [ -8366262.877414956688881, 4851976.050379439257085 ], [ -8366029.353362591937184, 4852072.779209068976343 ], [ -8365791.086951029486954, 4852157.153770613484085 ], [ -8365548.731251941993833, 4852228.94279926456511 ], [ -8365302.95054545532912, 4852287.949526283890009 ], [ -8365054.41849940083921, 4852334.012218333780766 ], [ -8364803.816322843544185, 4852367.004620779305696 ], [ -8364551.830898927524686, 4852386.83630373608321 ], [ -8364299.152902186848223, 4852393.452909940853715 ], [ -8364046.474905446171761, 4852386.83630373608321 ], [ -8363794.489481531083584, 4852367.004620779305696 ], [ -8363543.887304972857237, 4852334.012218333780766 ], [ -8363295.355258918367326, 4852287.949526283890009 ], [ -8363049.574552431702614, 4852228.94279926456511 ], [ -8362807.218853344209492, 4852157.153770613484085 ], [ -8362568.952441781759262, 4852072.779209068976343 ], [ -8362335.428389417007565, 4851976.050379439257085 ], [ -8362107.28676944412291, 4851867.232408721931279 ], [ -8361885.152902186848223, 4851746.623559412546456 ], [ -8361669.635641134344041, 4851614.554411981254816 ], [ -8361461.325704119168222, 4851471.386958783492446 ], [ -8361260.794054198078811, 4851317.513611854985356 ], [ -8361068.59033468645066, 4851153.35612734593451 ], [ -8360885.241362618282437, 4850979.364449509419501 ], [ -8360711.249684781767428, 4850796.015477441251278 ], [ -8360547.092200272716582, 4850603.811757929623127 ], [ -8360393.218853344209492, 4850403.280108008533716 ], [ -8360250.051400146447122, 4850194.970170993357897 ], [ -8360117.982252715155482, 4849979.452909940853715 ], [ -8359997.373403405770659, 4849757.319042683579028 ], [ -8359888.555432688444853, 4849529.177422710694373 ], [ -8359791.826603058725595, 4849295.653370345942676 ], [ -8359707.452041514217854, 4849057.386958783492446 ], [ -8359635.663012863136828, 4848815.031259695999324 ], [ -8359576.656285843811929, 4848569.250553209334612 ], [ -8359530.593593793921173, 4848320.718507154844701 ], [ -8359497.601191348396242, 4848070.116330597549677 ], [ -8359477.769508391618729, 4847818.130906681530178 ], [ -8359471.152902186848223, 4847565.452909940853715 ] ] ] } },
{ "type": "Feature", "properties": { "facility_name": "Babylon Resource Recovery Center", "state": "NY" }, "geometry": { "type": "Polygon", "coordinates": [ [ [ -8164342.067269622348249, 4973073.966424782760441 ], [ -8164348.683875827118754, 4972821.288428042083979 ], [ -8164368.515558783896267, 4972569.303004126064479 ], [ -8164401.507961229421198, 4972318.700827568769455 ], [ -8164447.570653279311955, 4972070.168781514279544 ], [ -8164506.577380298636854, 4971824.388075027614832 ], [ -8164578.366408949717879, 4971582.03237594012171 ], [ -8164662.740970494225621, 4971343.76596437767148 ], [ -8164759.469800123944879, 4971110.241912012919784 ], [ -8164868.287770841270685, 4970882.100292040035129 ], [ -8164988.896620150655508, 4970659.966424782760441 ], [ -8165120.965767581947148, 4970444.449163730256259 ], [ -8165264.133220779709518, 4970236.13922671508044 ], [ -8165418.006567708216608, 4970035.607576793991029 ], [ -8165582.164052217267454, 4969843.403857282362878 ], [ -8165756.155730053782463, 4969660.054885214194655 ], [ -8165939.504702121950686, 4969486.063207377679646 ], [ -8166131.708421633578837, 4969321.9057228686288 ], [ -8166332.240071554668248, 4969168.03237594012171 ], [ -8166540.550008569844067, 4969024.86492274235934 ], [ -8166756.067269622348249, 4968892.7957753110677 ], [ -8166978.201136879622936, 4968772.186926001682878 ], [ -8167206.342756852507591, 4968663.368955284357071 ], [ -8167439.866809217259288, 4968566.640125654637814 ], [ -8167678.133220779709518, 4968482.265564110130072 ], [ -8167920.48891986720264, 4968410.476535459049046 ], [ -8168166.269626353867352, 4968351.469808439724147 ], [ -8168414.801672408357263, 4968305.407116389833391 ], [ -8168665.403848965652287, 4968272.41471394430846 ], [ -8168917.389272881671786, 4968252.583030987530947 ], [ -8169170.067269622348249, 4968245.966424782760441 ], [ -8169422.745266363024712, 4968252.583030987530947 ], [ -8169674.730690278112888, 4968272.41471394430846 ], [ -8169925.332866836339235, 4968305.407116389833391 ], [ -8170173.864912890829146, 4968351.469808439724147 ], [ -8170419.645619377493858, 4968410.476535459049046 ], [ -8170662.00131846498698, 4968482.265564110130072 ], [ -8170900.26773002743721, 4968566.640125654637814 ], [ -8171133.791782392188907, 4968663.368955284357071 ], [ -8171361.933402365073562, 4968772.186926001682878 ], [ -8171584.067269622348249, 4968892.7957753110677 ], [ -8171799.584530674852431, 4969024.86492274235934 ], [ -8172007.89446769002825, 4969168.03237594012171 ], [ -8172208.426117611117661, 4969321.9057228686288 ], [ -8172400.629837122745812, 4969486.063207377679646 ], [ -8172583.978809190914035, 4969660.054885214194655 ], [ -8172757.970487027429044, 4969843.403857282362878 ], [ -8172922.12797153647989, 4970035.607576793991029 ], [ -8173076.00131846498698, 4970236.13922671508044 ], [ -8173219.16877166274935, 4970444.449163730256259 ], [ -8173351.23791909404099, 4970659.966424782760441 ], [ -8173471.846768403425813, 4970882.100292040035129 ], [ -8173580.664739120751619, 4971110.241912012919784 ], [ -8173677.393568750470877, 4971343.76596437767148 ], [ -8173761.768130294978619, 4971582.03237594012171 ], [ -8173833.557158946059644, 4971824.388075027614832 ], [ -8173892.563885965384543, 4972070.168781514279544 ], [ -8173938.6265780152753, 4972318.700827568769455 ], [ -8173971.618980460800231, 4972569.303004126064479 ], [ -8173991.450663417577744, 4972821.288428042083979 ], [ -8173998.067269622348249, 4973073.966424782760441 ], [ -8173991.450663417577744, 4973326.644421523436904 ], [ -8173971.618980460800231, 4973578.629845438525081 ], [ -8173938.6265780152753, 4973829.232021996751428 ], [ -8173892.563885965384543, 4974077.764068051241338 ], [ -8173833.557158946059644, 4974323.544774537906051 ], [ -8173761.768130294978619, 4974565.900473625399172 ], [ -8173677.393568750470877, 4974804.166885187849402 ], [ -8173580.664739120751619, 4975037.690937552601099 ], [ -8173471.846768403425813, 4975265.832557525485754 ], [ -8173351.23791909404099, 4975487.966424782760441 ], [ -8173219.16877166274935, 4975703.483685835264623 ], [ -8173076.00131846498698, 4975911.793622850440443 ], [ -8172922.12797153647989, 4976112.325272771529853 ], [ -8172757.970487027429044, 4976304.528992283158004 ], [ -8172583.978809190914035, 4976487.877964351326227 ], [ -8172400.629837122745812, 4976661.869642187841237 ], [ -8172208.426117611117661, 4976826.027126696892083 ], [ -8172007.89446769002825, 4976979.900473625399172 ], [ -8171799.584530674852431, 4977123.067926823161542 ], [ -8171584.067269622348249, 4977255.137074254453182 ], [ -8171361.933402365073562, 4977375.745923563838005 ], [ -8171133.791782392188907, 4977484.563894281163812 ], [ -8170900.26773002743721, 4977581.292723910883069 ], [ -8170662.00131846498698, 4977665.667285455390811 ], [ -8170419.645619377493858, 4977737.456314106471837 ], [ -8170173.864912890829146, 4977796.463041125796735 ], [ -8169925.332866836339235, 4977842.525733175687492 ], [ -8169674.730690279044211, 4977875.518135621212423 ], [ -8169422.745266363024712, 4977895.349818577989936 ], [ -8169170.067269622348249, 4977901.966424782760441 ], [ -8168917.389272881671786, 4977895.349818577989936 ], [ -8168665.40384896658361, 4977875.518135621212423 ], [ -8168414.801672408357263, 4977842.525733175687492 ], [ -8168166.269626353867352, 4977796.463041125796735 ], [ -8167920.48891986720264, 4977737.456314106471837 ], [ -8167678.133220779709518, 4977665.667285455390811 ], [ -8167439.866809217259288, 4977581.292723910883069 ], [ -8167206.342756852507591, 4977484.563894281163812 ], [ -8166978.201136879622936, 4977375.745923563838005 ], [ -8166756.067269622348249, 4977255.137074254453182 ], [ -8166540.550008569844067, 4977123.067926823161542 ], [ -8166332.240071554668248, 4976979.900473625399172 ], [ -8166131.708421633578837, 4976826.027126696892083 ], [ -8165939.504702121950686, 4976661.869642187841237 ], [ -8165756.155730053782463, 4976487.877964351326227 ], [ -8165582.164052217267454, 4976304.528992283158004 ], [ -8165418.006567708216608, 4976112.325272771529853 ], [ -8165264.133220779709518, 4975911.793622850440443 ], [ -8165120.965767581947148, 4975703.483685835264623 ], [ -8164988.896620150655508, 4975487.966424782760441 ], [ -8164868.287770841270685, 4975265.832557525485754 ], [ -8164759.469800123944879, 4975037.690937552601099 ], [ -8164662.740970494225621, 4974804.166885187849402 ], [ -8164578.366408949717879, 4974565.900473625399172 ], [ -8164506.577380298636854, 4974323.544774537906051 ], [ -8164447.570653279311955, 4974077.764068051241338 ], [ -8164401.507961229421198, 4973829.232021996751428 ], [ -8164368.515558783896267, 4973578.629845439456403 ], [ -8164348.683875827118754, 4973326.644421523436904 ], [ -8164342.067269622348249, 4973073.966424782760441 ] ] ] } },
{ "type": "Feature", "properties": { "facility_name": "Covanta Hempstead", "state": "NY" }, "geometry": { "type": "Polygon", "coordinates": [ [ [ -8187251.685266570188105, 4973800.93236343190074 ], [ -8187258.301872774958611, 4973548.254366691224277 ], [ -8187278.133555731736124, 4973296.268942775204778 ], [ -8187311.125958177261055, 4973045.666766217909753 ], [ -8187357.188650227151811, 4972797.134720163419843 ], [ -8187416.19537724647671, 4972551.35401367675513 ], [ -8187487.984405897557735, 4972308.998314589262009 ], [ -8187572.358967442065477, 4972070.731903026811779 ], [ -8187669.087797071784735, 4971837.207850662060082 ], [ -8187777.905767789110541, 4971609.066230689175427 ], [ -8187898.514617098495364, 4971386.93236343190074 ], [ -8188030.583764529787004, 4971171.415102379396558 ], [ -8188173.751217727549374, 4970963.105165364220738 ], [ -8188327.624564656056464, 4970762.573515443131328 ], [ -8188491.78204916510731, 4970570.369795931503177 ], [ -8188665.773727001622319, 4970387.020823863334954 ], [ -8188849.122699069790542, 4970213.029146026819944 ], [ -8189041.326418581418693, 4970048.871661517769098 ], [ -8189241.858068502508104, 4969894.998314589262009 ], [ -8189450.168005517683923, 4969751.830861391499639 ], [ -8189665.685266570188105, 4969619.761713960207999 ], [ -8189887.819133827462792, 4969499.152864650823176 ], [ -8190115.960753800347447, 4969390.334893933497369 ], [ -8190349.484806165099144, 4969293.606064303778112 ], [ -8190587.751217727549374, 4969209.23150275927037 ], [ -8190830.106916815042496, 4969137.442474108189344 ], [ -8191075.887623301707208, 4969078.435747088864446 ], [ -8191324.419669356197119, 4969032.373055038973689 ], [ -8191575.021845913492143, 4968999.380652593448758 ], [ -8191827.007269829511642, 4968979.548969636671245 ], [ -8192079.685266570188105, 4968972.93236343190074 ], [ -8192332.363263310864568, 4968979.548969636671245 ], [ -8192584.348687225952744, 4968999.380652593448758 ], [ -8192834.950863784179091, 4969032.373055038973689 ], [ -8193083.482909838669002, 4969078.435747088864446 ], [ -8193329.263616325333714, 4969137.442474108189344 ], [ -8193571.619315412826836, 4969209.23150275927037 ], [ -8193809.885726975277066, 4969293.606064303778112 ], [ -8194043.409779340028763, 4969390.334893933497369 ], [ -8194271.551399312913418, 4969499.152864650823176 ], [ -8194493.685266570188105, 4969619.761713960207999 ], [ -8194709.202527622692287, 4969751.830861391499639 ], [ -8194917.512464637868106, 4969894.998314589262009 ], [ -8195118.044114558957517, 4970048.871661517769098 ], [ -8195310.247834070585668, 4970213.029146026819944 ], [ -8195493.596806138753891, 4970387.020823863334954 ], [ -8195667.5884839752689, 4970570.369795931503177 ], [ -8195831.745968484319746, 4970762.573515443131328 ], [ -8195985.619315412826836, 4970963.105165364220738 ], [ -8196128.786768610589206, 4971171.415102379396558 ], [ -8196260.855916041880846, 4971386.93236343190074 ], [ -8196381.464765351265669, 4971609.066230689175427 ], [ -8196490.282736068591475, 4971837.207850662060082 ], [ -8196587.011565698310733, 4972070.731903026811779 ], [ -8196671.386127242818475, 4972308.998314589262009 ], [ -8196743.1751558938995, 4972551.35401367675513 ], [ -8196802.181882913224399, 4972797.134720163419843 ], [ -8196848.244574963115156, 4973045.666766217909753 ], [ -8196881.236977408640087, 4973296.268942775204778 ], [ -8196901.0686603654176, 4973548.254366691224277 ], [ -8196907.685266570188105, 4973800.93236343190074 ], [ -8196901.0686603654176, 4974053.610360172577202 ], [ -8196881.236977408640087, 4974305.595784087665379 ], [ -8196848.244574963115156, 4974556.197960645891726 ], [ -8196802.181882913224399, 4974804.730006700381637 ], [ -8196743.1751558938995, 4975050.510713187046349 ], [ -8196671.386127242818475, 4975292.866412274539471 ], [ -8196587.011565698310733, 4975531.132823836989701 ], [ -8196490.282736068591475, 4975764.656876201741397 ], [ -8196381.464765351265669, 4975992.798496174626052 ], [ -8196260.855916041880846, 4976214.93236343190074 ], [ -8196128.786768610589206, 4976430.449624484404922 ], [ -8195985.619315412826836, 4976638.759561499580741 ], [ -8195831.745968484319746, 4976839.291211420670152 ], [ -8195667.5884839752689, 4977031.494930932298303 ], [ -8195493.596806138753891, 4977214.843903000466526 ], [ -8195310.247834070585668, 4977388.835580836981535 ], [ -8195118.044114558957517, 4977552.993065346032381 ], [ -8194917.512464637868106, 4977706.866412274539471 ], [ -8194709.202527622692287, 4977850.033865472301841 ], [ -8194493.685266570188105, 4977982.103012903593481 ], [ -8194271.551399312913418, 4978102.711862212978303 ], [ -8194043.409779340028763, 4978211.52983293030411 ], [ -8193809.885726975277066, 4978308.258662560023367 ], [ -8193571.619315412826836, 4978392.633224104531109 ], [ -8193329.263616325333714, 4978464.422252755612135 ], [ -8193083.482909838669002, 4978523.428979774937034 ], [ -8192834.950863784179091, 4978569.49167182482779 ], [ -8192584.348687226884067, 4978602.484074270352721 ], [ -8192332.363263310864568, 4978622.315757227130234 ], [ -8192079.685266570188105, 4978628.93236343190074 ], [ -8191827.007269829511642, 4978622.315757227130234 ], [ -8191575.021845914423466, 4978602.484074270352721 ], [ -8191324.419669356197119, 4978569.49167182482779 ], [ -8191075.887623301707208, 4978523.428979774937034 ], [ -8190830.106916815042496, 4978464.422252755612135 ], [ -8190587.751217727549374, 4978392.633224104531109 ], [ -8190349.484806165099144, 4978308.258662560023367 ], [ -8190115.960753800347447, 4978211.52983293030411 ], [ -8189887.819133827462792, 4978102.711862212978303 ], [ -8189665.685266570188105, 4977982.103012903593481 ], [ -8189450.168005517683923, 4977850.033865472301841 ], [ -8189241.858068502508104, 4977706.866412274539471 ], [ -8189041.326418581418693, 4977552.993065346032381 ], [ -8188849.122699069790542, 4977388.835580836981535 ], [ -8188665.773727001622319, 4977214.843903000466526 ], [ -8188491.78204916510731, 4977031.494930932298303 ], [ -8188327.624564656056464, 4976839.291211420670152 ], [ -8188173.751217727549374, 4976638.759561499580741 ], [ -8188030.583764529787004, 4976430.449624484404922 ], [ -8187898.514617098495364, 4976214.93236343190074 ], [ -8187777.905767789110541, 4975992.798496174626052 ], [ -8187669.087797071784735, 4975764.656876201741397 ], [ -8187572.358967442065477, 4975531.132823836989701 ], [ -8187487.984405897557735, 4975292.866412274539471 ], [ -8187416.19537724647671, 4975050.510713187046349 ], [ -8187357.188650227151811, 4974804.730006700381637 ], [ -8187311.125958177261055, 4974556.197960645891726 ], [ -8187278.133555731736124, 4974305.595784088596702 ], [ -8187258.301872774958611, 4974053.610360172577202 ], [ -8187251.685266570188105, 4973800.93236343190074 ] ] ] } },
{ "type": "Feature", "properties": { "facility_name": "Dutchess County Resource Recovery Facility", "state": "NY" }, "geometry": { "type": "Polygon", "coordinates": [ [ [ -8226167.765865449793637, 5108241.144700214266777 ], [ -8226174.382471654564142, 5107988.466703473590314 ], [ -8226194.214154611341655, 5107736.481279557570815 ], [ -8226227.206557056866586, 5107485.879103000275791 ], [ -8226273.269249106757343, 5107237.34705694578588 ], [ -8226332.275976126082242, 5106991.566350459121168 ], [ -8226404.065004777163267, 5106749.210651371628046 ], [ -8226488.439566321671009, 5106510.944239809177816 ], [ -8226585.168395951390266, 5106277.420187444426119 ], [ -8226693.986366668716073, 5106049.278567471541464 ], [ -8226814.595215978100896, 5105827.144700214266777 ], [ -8226946.664363409392536, 5105611.627439161762595 ], [ -8227089.831816607154906, 5105403.317502146586776 ], [ -8227243.705163535661995, 5105202.785852225497365 ], [ -8227407.862648044712842, 5105010.582132713869214 ], [ -8227581.854325881227851, 5104827.233160645700991 ], [ -8227765.203297949396074, 5104653.241482809185982 ], [ -8227957.407017461024225, 5104489.083998300135136 ], [ -8228157.938667382113636, 5104335.210651371628046 ], [ -8228366.248604397289455, 5104192.043198173865676 ], [ -8228581.765865449793637, 5104059.974050742574036 ], [ -8228803.899732707068324, 5103939.365201433189213 ], [ -8229032.041352679952979, 5103830.547230715863407 ], [ -8229265.565405044704676, 5103733.818401086144149 ], [ -8229503.831816607154906, 5103649.443839541636407 ], [ -8229746.187515694648027, 5103577.654810890555382 ], [ -8229991.96822218131274, 5103518.648083871230483 ], [ -8230240.50026823580265, 5103472.585391821339726 ], [ -8230491.102444793097675, 5103439.592989375814795 ], [ -8230743.087868709117174, 5103419.761306419037282 ], [ -8230995.765865449793637, 5103413.144700214266777 ], [ -8231248.443862190470099, 5103419.761306419037282 ], [ -8231500.429286105558276, 5103439.592989375814795 ], [ -8231751.031462663784623, 5103472.585391821339726 ], [ -8231999.563508718274534, 5103518.648083871230483 ], [ -8232245.344215204939246, 5103577.654810890555382 ], [ -8232487.699914292432368, 5103649.443839541636407 ], [ -8232725.966325854882598, 5103733.818401086144149 ], [ -8232959.490378219634295, 5103830.547230715863407 ], [ -8233187.63199819251895, 5103939.365201433189213 ], [ -8233409.765865449793637, 5104059.974050742574036 ], [ -8233625.283126502297819, 5104192.043198173865676 ], [ -8233833.593063517473638, 5104335.210651371628046 ], [ -8234034.124713438563049, 5104489.083998300135136 ], [ -8234226.3284329501912, 5104653.241482809185982 ], [ -8234409.677405018359423, 5104827.233160645700991 ], [ -8234583.669082854874432, 5105010.582132713869214 ], [ -8234747.826567363925278, 5105202.785852225497365 ], [ -8234901.699914292432368, 5105403.317502146586776 ], [ -8235044.867367490194738, 5105611.627439161762595 ], [ -8235176.936514921486378, 5105827.144700214266777 ], [ -8235297.545364230871201, 5106049.278567471541464 ], [ -8235406.363334948197007, 5106277.420187444426119 ], [ -8235503.092164577916265, 5106510.944239809177816 ], [ -8235587.466726122424006, 5106749.210651371628046 ], [ -8235659.255754773505032, 5106991.566350459121168 ], [ -8235718.262481792829931, 5107237.34705694578588 ], [ -8235764.325173842720687, 5107485.879103000275791 ], [ -8235797.317576288245618, 5107736.481279557570815 ], [ -8235817.149259245023131, 5107988.466703473590314 ], [ -8235823.765865449793637, 5108241.144700214266777 ], [ -8235817.149259245023131, 5108493.82269695494324 ], [ -8235797.317576288245618, 5108745.808120870031416 ], [ -8235764.325173842720687, 5108996.410297428257763 ], [ -8235718.262481792829931, 5109244.942343482747674 ], [ -8235659.255754773505032, 5109490.723049969412386 ], [ -8235587.466726122424006, 5109733.078749056905508 ], [ -8235503.092164577916265, 5109971.345160619355738 ], [ -8235406.363334948197007, 5110204.869212984107435 ], [ -8235297.545364230871201, 5110433.01083295699209 ], [ -8235176.936514921486378, 5110655.144700214266777 ], [ -8235044.867367490194738, 5110870.661961266770959 ], [ -8234901.699914292432368, 5111078.971898281946778 ], [ -8234747.826567363925278, 5111279.503548203036189 ], [ -8234583.669082854874432, 5111471.70726771466434 ], [ -8234409.677405018359423, 5111655.056239782832563 ], [ -8234226.3284329501912, 5111829.047917619347572 ], [ -8234034.124713438563049, 5111993.205402128398418 ], [ -8233833.593063517473638, 5112147.078749056905508 ], [ -8233625.283126502297819, 5112290.246202254667878 ], [ -8233409.765865449793637, 5112422.315349685959518 ], [ -8233187.63199819251895, 5112542.924198995344341 ], [ -8232959.490378219634295, 5112651.742169712670147 ], [ -8232725.966325854882598, 5112748.470999342389405 ], [ -8232487.699914292432368, 5112832.845560886897147 ], [ -8232245.344215204939246, 5112904.634589537978172 ], [ -8231999.563508718274534, 5112963.641316557303071 ], [ -8231751.031462663784623, 5113009.704008607193828 ], [ -8231500.429286106489599, 5113042.696411052718759 ], [ -8231248.443862190470099, 5113062.528094009496272 ], [ -8230995.765865449793637, 5113069.144700214266777 ], [ -8230743.087868709117174, 5113062.528094009496272 ], [ -8230491.102444794028997, 5113042.696411052718759 ], [ -8230240.50026823580265, 5113009.704008607193828 ], [ -8229991.96822218131274, 5112963.641316557303071 ], [ -8229746.187515694648027, 5112904.634589537978172 ], [ -8229503.831816607154906, 5112832.845560886897147 ], [ -8229265.565405044704676, 5112748.470999342389405 ], [ -8229032.041352679952979, 5112651.742169712670147 ], [ -8228803.899732707068324, 5112542.924198995344341 ], [ -8228581.765865449793637, 5112422.315349685959518 ], [ -8228366.248604397289455, 5112290.246202254667878 ], [ -8228157.938667382113636, 5112147.078749056905508 ], [ -8227957.407017461024225, 5111993.205402128398418 ], [ -8227765.203297949396074, 5111829.047917619347572 ], [ -8227581.854325881227851, 5111655.056239782832563 ], [ -8227407.862648044712842, 5111471.70726771466434 ], [ -8227243.705163535661995, 5111279.503548203036189 ], [ -8227089.831816607154906, 5111078.971898281946778 ], [ -8226946.664363409392536, 5110870.661961266770959 ], [ -8226814.595215978100896, 5110655.144700214266777 ], [ -8226693.986366668716073, 5110433.01083295699209 ], [ -8226585.168395951390266, 5110204.869212984107435 ], [ -8226488.439566321671009, 5109971.345160619355738 ], [ -8226404.065004777163267, 5109733.078749056905508 ], [ -8226332.275976126082242, 5109490.723049969412386 ], [ -8226273.269249106757343, 5109244.942343482747674 ], [ -8226227.206557056866586, 5108996.410297428257763 ], [ -8226194.214154611341655, 5108745.808120870962739 ], [ -8226174.382471654564142, 5108493.82269695494324 ], [ -8226167.765865449793637, 5108241.144700214266777 ] ] ] } },
{ "type": "Feature", "properties": { "facility_name": "Huntington Resource Recovery Facility", "state": "NY" }, "geometry": { "type": "Polygon", "coordinates": [ [ [ -8153669.478069051168859, 4994950.826408866792917 ], [ -8153676.094675255939364, 4994698.148412126116455 ], [ -8153695.926358212716877, 4994446.162988210096955 ], [ -8153728.918760658241808, 4994195.560811652801931 ], [ -8153774.981452708132565, 4993947.02876559831202 ], [ -8153833.988179727457464, 4993701.248059111647308 ], [ -8153905.777208378538489, 4993458.892360024154186 ], [ -8153990.151769923046231, 4993220.625948461703956 ], [ -8154086.880599552765489, 4992987.10189609695226 ], [ -8154195.698570270091295, 4992758.960276124067605 ], [ -8154316.307419579476118, 4992536.826408866792917 ], [ -8154448.376567010767758, 4992321.309147814288735 ], [ -8154591.544020208530128, 4992112.999210799112916 ], [ -8154745.417367137037218, 4991912.467560878023505 ], [ -8154909.574851646088064, 4991720.263841366395354 ], [ -8155083.566529482603073, 4991536.914869298227131 ], [ -8155266.915501550771296, 4991362.923191461712122 ], [ -8155459.119221062399447, 4991198.765706952661276 ], [ -8155659.650870983488858, 4991044.892360024154186 ], [ -8155867.960807998664677, 4990901.724906826391816 ], [ -8156083.478069051168859, 4990769.655759395100176 ], [ -8156305.611936308443546, 4990649.046910085715353 ], [ -8156533.753556281328201, 4990540.228939368389547 ], [ -8156767.277608646079898, 4990443.50010973867029 ], [ -8157005.544020208530128, 4990359.125548194162548 ], [ -8157247.89971929602325, 4990287.336519543081522 ], [ -8157493.680425782687962, 4990228.329792523756623 ], [ -8157742.212471837177873, 4990182.267100473865867 ], [ -8157992.814648394472897, 4990149.274698028340936 ], [ -8158244.800072310492396, 4990129.443015071563423 ], [ -8158497.478069051168859, 4990122.826408866792917 ], [ -8158750.156065791845322, 4990129.443015071563423 ], [ -8159002.141489706933498, 4990149.274698028340936 ], [ -8159252.743666265159845, 4990182.267100473865867 ], [ -8159501.275712319649756, 4990228.329792523756623 ], [ -8159747.056418806314468, 4990287.336519543081522 ], [ -8159989.41211789380759, 4990359.125548194162548 ], [ -8160227.67852945625782, 4990443.50010973867029 ], [ -8160461.202581821009517, 4990540.228939368389547 ], [ -8160689.344201793894172, 4990649.046910085715353 ], [ -8160911.478069051168859, 4990769.655759395100176 ], [ -8161126.995330103673041, 4990901.724906826391816 ], [ -8161335.30526711884886, 4991044.892360024154186 ], [ -8161535.836917039938271, 4991198.765706952661276 ], [ -8161728.040636551566422, 4991362.923191461712122 ], [ -8161911.389608619734645, 4991536.914869298227131 ], [ -8162085.381286456249654, 4991720.263841366395354 ], [ -8162249.5387709653005, 4991912.467560878023505 ], [ -8162403.41211789380759, 4992112.999210799112916 ], [ -8162546.57957109156996, 4992321.309147814288735 ], [ -8162678.6487185228616, 4992536.826408866792917 ], [ -8162799.257567832246423, 4992758.960276124067605 ], [ -8162908.075538549572229, 4992987.10189609695226 ], [ -8163004.804368179291487, 4993220.625948461703956 ], [ -8163089.178929723799229, 4993458.892360024154186 ], [ -8163160.967958374880254, 4993701.248059111647308 ], [ -8163219.974685394205153, 4993947.02876559831202 ], [ -8163266.03737744409591, 4994195.560811652801931 ], [ -8163299.029779889620841, 4994446.162988210096955 ], [ -8163318.861462846398354, 4994698.148412126116455 ], [ -8163325.478069051168859, 4994950.826408866792917 ], [ -8163318.861462846398354, 4995203.50440560746938 ], [ -8163299.029779889620841, 4995455.489829522557557 ], [ -8163266.03737744409591, 4995706.092006080783904 ], [ -8163219.974685394205153, 4995954.624052135273814 ], [ -8163160.967958374880254, 4996200.404758621938527 ], [ -8163089.178929723799229, 4996442.760457709431648 ], [ -8163004.804368179291487, 4996681.026869271881878 ], [ -8162908.075538549572229, 4996914.550921636633575 ], [ -8162799.257567832246423, 4997142.69254160951823 ], [ -8162678.6487185228616, 4997364.826408866792917 ], [ -8162546.57957109156996, 4997580.343669919297099 ], [ -8162403.41211789380759, 4997788.653606934472919 ], [ -8162249.5387709653005, 4997989.185256855562329 ], [ -8162085.381286456249654, 4998181.38897636719048 ], [ -8161911.389608619734645, 4998364.737948435358703 ], [ -8161728.040636551566422, 4998538.729626271873713 ], [ -8161535.836917039938271, 4998702.887110780924559 ], [ -8161335.30526711884886, 4998856.760457709431648 ], [ -8161126.995330103673041, 4998999.927910907194018 ], [ -8160911.478069051168859, 4999131.997058338485658 ], [ -8160689.344201793894172, 4999252.605907647870481 ], [ -8160461.202581821009517, 4999361.423878365196288 ], [ -8160227.67852945625782, 4999458.152707994915545 ], [ -8159989.41211789380759, 4999542.527269539423287 ], [ -8159747.056418806314468, 4999614.316298190504313 ], [ -8159501.275712319649756, 4999673.323025209829211 ], [ -8159252.743666265159845, 4999719.385717259719968 ], [ -8159002.141489707864821, 4999752.378119705244899 ], [ -8158750.156065791845322, 4999772.209802662022412 ], [ -8158497.478069051168859, 4999778.826408866792917 ], [ -8158244.800072310492396, 4999772.209802662022412 ], [ -8157992.81464839540422, 4999752.378119705244899 ], [ -8157742.212471837177873, 4999719.385717259719968 ], [ -8157493.680425782687962, 4999673.323025209829211 ], [ -8157247.89971929602325, 4999614.316298190504313 ], [ -8157005.544020208530128, 4999542.527269539423287 ], [ -8156767.277608646079898, 4999458.152707994915545 ], [ -8156533.753556281328201, 4999361.423878365196288 ], [ -8156305.611936308443546, 4999252.605907647870481 ], [ -8156083.478069051168859, 4999131.997058338485658 ], [ -8155867.960807998664677, 4998999.927910907194018 ], [ -8155659.650870983488858, 4998856.760457709431648 ], [ -8155459.119221062399447, 4998702.887110780924559 ], [ -8155266.915501550771296, 4998538.729626271873713 ], [ -8155083.566529482603073, 4998364.737948435358703 ], [ -8154909.574851646088064, 4998181.38897636719048 ], [ -8154745.417367137037218, 4997989.185256855562329 ], [ -8154591.544020208530128, 4997788.653606934472919 ], [ -8154448.376567010767758, 4997580.343669919297099 ], [ -8154316.307419579476118, 4997364.826408866792917 ], [ -8154195.698570270091295, 4997142.69254160951823 ], [ -8154086.880599552765489, 4996914.550921636633575 ], [ -8153990.151769923046231, 4996681.026869271881878 ], [ -8153905.777208378538489, 4996442.760457709431648 ], [ -8153833.988179727457464, 4996200.404758621938527 ], [ -8153774.981452708132565, 4995954.624052135273814 ], [ -8153728.918760658241808, 4995706.092006080783904 ], [ -8153695.926358212716877, 4995455.489829523488879 ], [ -8153676.094675255939364, 4995203.50440560746938 ], [ -8153669.478069051168859, 4994950.826408866792917 ] ] ] } },
{ "type": "Feature", "properties": { "facility_name": "MacArthur Waste-to-Energy Facility", "state": "NY" }, "geometry": { "type": "Polygon", "coordinates": [ [ [ -8133342.572446047328413, 4980531.68531980086118 ], [ -8133349.189052252098918, 4980279.007323060184717 ], [ -8133369.020735208876431, 4980027.021899144165218 ], [ -8133402.013137654401362, 4979776.419722586870193 ], [ -8133448.075829704292119, 4979527.887676532380283 ], [ -8133507.082556723617017, 4979282.10697004571557 ], [ -8133578.871585374698043, 4979039.751270958222449 ], [ -8133663.246146919205785, 4978801.484859395772219 ], [ -8133759.974976548925042, 4978567.960807031020522 ], [ -8133868.792947266250849, 4978339.819187058135867 ], [ -8133989.401796575635672, 4978117.68531980086118 ], [ -8134121.470944006927311, 4977902.168058748356998 ], [ -8134264.638397204689682, 4977693.858121733181179 ], [ -8134418.511744133196771, 4977493.326471812091768 ], [ -8134582.669228642247617, 4977301.122752300463617 ], [ -8134756.660906478762627, 4977117.773780232295394 ], [ -8134940.00987854693085, 4976943.782102395780385 ], [ -8135132.213598058559, 4976779.624617886729538 ], [ -8135332.745247979648411, 4976625.751270958222449 ], [ -8135541.055184994824231, 4976482.583817760460079 ], [ -8135756.572446047328413, 4976350.514670329168439 ], [ -8135978.7063133046031, 4976229.905821019783616 ], [ -8136206.847933277487755, 4976121.087850302457809 ], [ -8136440.371985642239451, 4976024.359020672738552 ], [ -8136678.638397204689682, 4975939.98445912823081 ], [ -8136920.994096292182803, 4975868.195430477149785 ], [ -8137166.774802778847516, 4975809.188703457824886 ], [ -8137415.306848833337426, 4975763.126011407934129 ], [ -8137665.909025390632451, 4975730.133608962409198 ], [ -8137917.89444930665195, 4975710.301926005631685 ], [ -8138170.572446047328413, 4975703.68531980086118 ], [ -8138423.250442788004875, 4975710.301926005631685 ], [ -8138675.235866703093052, 4975730.133608962409198 ], [ -8138925.838043261319399, 4975763.126011407934129 ], [ -8139174.370089315809309, 4975809.188703457824886 ], [ -8139420.150795802474022, 4975868.195430477149785 ], [ -8139662.506494889967144, 4975939.98445912823081 ], [ -8139900.772906452417374, 4976024.359020672738552 ], [ -8140134.29695881716907, 4976121.087850302457809 ], [ -8140362.438578790053725, 4976229.905821019783616 ], [ -8140584.572446047328413, 4976350.514670329168439 ], [ -8140800.089707099832594, 4976482.583817760460079 ], [ -8141008.399644115008414, 4976625.751270958222449 ], [ -8141208.931294036097825, 4976779.624617886729538 ], [ -8141401.135013547725976, 4976943.782102395780385 ], [ -8141584.483985615894198, 4977117.773780232295394 ], [ -8141758.475663452409208, 4977301.122752300463617 ], [ -8141922.633147961460054, 4977493.326471812091768 ], [ -8142076.506494889967144, 4977693.858121733181179 ], [ -8142219.673948087729514, 4977902.168058748356998 ], [ -8142351.743095519021153, 4978117.68531980086118 ], [ -8142472.351944828405976, 4978339.819187058135867 ], [ -8142581.169915545731783, 4978567.960807031020522 ], [ -8142677.89874517545104, 4978801.484859395772219 ], [ -8142762.273306719958782, 4979039.751270958222449 ], [ -8142834.062335371039808, 4979282.10697004571557 ], [ -8142893.069062390364707, 4979527.887676532380283 ], [ -8142939.131754440255463, 4979776.419722586870193 ], [ -8142972.124156885780394, 4980027.021899144165218 ], [ -8142991.955839842557907, 4980279.007323060184717 ], [ -8142998.572446047328413, 4980531.68531980086118 ], [ -8142991.955839842557907, 4980784.363316541537642 ], [ -8142972.124156885780394, 4981036.348740456625819 ], [ -8142939.131754440255463, 4981286.950917014852166 ], [ -8142893.069062390364707, 4981535.482963069342077 ], [ -8142834.062335371039808, 4981781.263669556006789 ], [ -8142762.273306719958782, 4982023.619368643499911 ], [ -8142677.89874517545104, 4982261.885780205950141 ], [ -8142581.169915545731783, 4982495.409832570701838 ], [ -8142472.351944828405976, 4982723.551452543586493 ], [ -8142351.743095519021153, 4982945.68531980086118 ], [ -8142219.673948087729514, 4983161.202580853365362 ], [ -8142076.506494889967144, 4983369.512517868541181 ], [ -8141922.633147961460054, 4983570.044167789630592 ], [ -8141758.475663452409208, 4983762.247887301258743 ], [ -8141584.483985615894198, 4983945.596859369426966 ], [ -8141401.135013547725976, 4984119.588537205941975 ], [ -8141208.931294036097825, 4984283.746021714992821 ], [ -8141008.399644115008414, 4984437.619368643499911 ], [ -8140800.089707099832594, 4984580.786821841262281 ], [ -8140584.572446047328413, 4984712.855969272553921 ], [ -8140362.438578790053725, 4984833.464818581938744 ], [ -8140134.29695881716907, 4984942.28278929926455 ], [ -8139900.772906452417374, 4985039.011618928983808 ], [ -8139662.506494889967144, 4985123.386180473491549 ], [ -8139420.150795802474022, 4985195.175209124572575 ], [ -8139174.370089315809309, 4985254.181936143897474 ], [ -8138925.838043261319399, 4985300.24462819378823 ], [ -8138675.235866704024374, 4985333.237030639313161 ], [ -8138423.250442788004875, 4985353.068713596090674 ], [ -8138170.572446047328413, 4985359.68531980086118 ], [ -8137917.89444930665195, 4985353.068713596090674 ], [ -8137665.909025391563773, 4985333.237030639313161 ], [ -8137415.306848833337426, 4985300.24462819378823 ], [ -8137166.774802778847516, 4985254.181936143897474 ], [ -8136920.994096292182803, 4985195.175209124572575 ], [ -8136678.638397204689682, 4985123.386180473491549 ], [ -8136440.371985642239451, 4985039.011618928983808 ], [ -8136206.847933277487755, 4984942.28278929926455 ], [ -8135978.7063133046031, 4984833.464818581938744 ], [ -8135756.572446047328413, 4984712.855969272553921 ], [ -8135541.055184994824231, 4984580.786821841262281 ], [ -8135332.745247979648411, 4984437.619368643499911 ], [ -8135132.213598058559, 4984283.746021714992821 ], [ -8134940.00987854693085, 4984119.588537205941975 ], [ -8134756.660906478762627, 4983945.596859369426966 ], [ -8134582.669228642247617, 4983762.247887301258743 ], [ -8134418.511744133196771, 4983570.044167789630592 ], [ -8134264.638397204689682, 4983369.512517868541181 ], [ -8134121.470944006927311, 4983161.202580853365362 ], [ -8133989.401796575635672, 4982945.68531980086118 ], [ -8133868.792947266250849, 4982723.551452543586493 ], [ -8133759.974976548925042, 4982495.409832570701838 ], [ -8133663.246146919205785, 4982261.885780205950141 ], [ -8133578.871585374698043, 4982023.619368643499911 ], [ -8133507.082556723617017, 4981781.263669556006789 ], [ -8133448.075829704292119, 4981535.482963069342077 ], [ -8133402.013137654401362, 4981286.950917014852166 ], [ -8133369.020735208876431, 4981036.348740457557142 ], [ -8133349.189052252098918, 4980784.363316541537642 ], [ -8133342.572446047328413, 4980531.68531980086118 ] ] ] } },
{ "type": "Feature", "properties": { "facility_name": "Niagara Falls Resource Recovery Facility ", "state": "NY" }, "geometry": { "type": "Polygon", "coordinates": [ [ [ -8790206.337798045948148, 5324674.866085411049426 ], [ -8790212.954404251649976, 5324422.188088670372963 ], [ -8790232.786087207496166, 5324170.202664754353464 ], [ -8790265.778489653021097, 5323919.600488197058439 ], [ -8790311.841181702911854, 5323671.068442142568529 ], [ -8790370.847908722236753, 5323425.287735655903816 ], [ -8790442.636937372386456, 5323182.932036568410695 ], [ -8790527.011498916894197, 5322944.665625005960464 ], [ -8790623.740328546613455, 5322711.141572641208768 ], [ -8790732.558299263939261, 5322482.999952668324113 ], [ -8790853.167148575186729, 5322260.866085411049426 ], [ -8790985.236296005547047, 5322045.348824358545244 ], [ -8791128.403749203309417, 5321837.038887343369424 ], [ -8791282.277096131816506, 5321636.507237422280014 ], [ -8791446.434580640867352, 5321444.303517910651863 ], [ -8791620.426258476451039, 5321260.95454584248364 ], [ -8791803.775230545550585, 5321086.96286800596863 ], [ -8791995.978950057178736, 5320922.805383496917784 ], [ -8792196.510599978268147, 5320768.932036568410695 ], [ -8792404.820536993443966, 5320625.764583370648324 ], [ -8792620.337798045948148, 5320493.695435939356685 ], [ -8792842.471665304154158, 5320373.086586629971862 ], [ -8793070.613285275176167, 5320264.268615912646055 ], [ -8793304.137337641790509, 5320167.539786282926798 ], [ -8793542.403749203309417, 5320083.165224738419056 ], [ -8793784.759448291733861, 5320011.37619608733803 ], [ -8794030.540154777467251, 5319952.369469068013132 ], [ -8794279.072200831025839, 5319906.306777018122375 ], [ -8794529.674377389252186, 5319873.314374572597444 ], [ -8794781.659801304340363, 5319853.482691615819931 ], [ -8795034.337798045948148, 5319846.866085411049426 ], [ -8795287.015794787555933, 5319853.482691615819931 ], [ -8795539.00121870264411, 5319873.314374572597444 ], [ -8795789.603395260870457, 5319906.306777018122375 ], [ -8796038.135441314429045, 5319952.369469068013132 ], [ -8796283.916147800162435, 5320011.37619608733803 ], [ -8796526.271846888586879, 5320083.165224738419056 ], [ -8796764.538258450105786, 5320167.539786282926798 ], [ -8796998.062310816720128, 5320264.268615912646055 ], [ -8797226.203930787742138, 5320373.086586629971862 ], [ -8797448.337798045948148, 5320493.695435939356685 ], [ -8797663.85505909845233, 5320625.764583370648324 ], [ -8797872.164996113628149, 5320768.932036568410695 ], [ -8798072.69664603471756, 5320922.805383496917784 ], [ -8798264.900365546345711, 5321086.96286800596863 ], [ -8798448.249337615445256, 5321260.95454584248364 ], [ -8798622.241015451028943, 5321444.303517910651863 ], [ -8798786.398499960079789, 5321636.507237422280014 ], [ -8798940.271846888586879, 5321837.038887343369424 ], [ -8799083.439300086349249, 5322045.348824358545244 ], [ -8799215.508447516709566, 5322260.866085411049426 ], [ -8799336.117296827957034, 5322482.999952668324113 ], [ -8799444.935267545282841, 5322711.141572641208768 ], [ -8799541.664097175002098, 5322944.665625005960464 ], [ -8799626.03865871950984, 5323182.932036568410695 ], [ -8799697.827687369659543, 5323425.287735655903816 ], [ -8799756.834414388984442, 5323671.068442142568529 ], [ -8799802.897106438875198, 5323919.600488197058439 ], [ -8799835.889508884400129, 5324170.202664754353464 ], [ -8799855.72119184024632, 5324422.188088670372963 ], [ -8799862.337798045948148, 5324674.866085411049426 ], [ -8799855.72119184024632, 5324927.544082151725888 ], [ -8799835.889508884400129, 5325179.529506066814065 ], [ -8799802.897106438875198, 5325430.131682625040412 ], [ -8799756.834414388984442, 5325678.663728679530323 ], [ -8799697.827687369659543, 5325924.444435166195035 ], [ -8799626.03865871950984, 5326166.800134253688157 ], [ -8799541.664097175002098, 5326405.066545816138387 ], [ -8799444.935267545282841, 5326638.590598180890083 ], [ -8799336.117296827957034, 5326866.732218153774738 ], [ -8799215.508447516709566, 5327088.866085411049426 ], [ -8799083.439300086349249, 5327304.383346463553607 ], [ -8798940.271846888586879, 5327512.693283478729427 ], [ -8798786.398499960079789, 5327713.224933399818838 ], [ -8798622.241015451028943, 5327905.428652911446989 ], [ -8798448.249337615445256, 5328088.777624979615211 ], [ -8798264.900365546345711, 5328262.769302816130221 ], [ -8798072.69664603471756, 5328426.926787325181067 ], [ -8797872.164996113628149, 5328580.800134253688157 ], [ -8797663.85505909845233, 5328723.967587451450527 ], [ -8797448.337798045948148, 5328856.036734882742167 ], [ -8797226.203930787742138, 5328976.645584192126989 ], [ -8796998.062310816720128, 5329085.463554909452796 ], [ -8796764.538258450105786, 5329182.192384539172053 ], [ -8796526.271846888586879, 5329266.566946083679795 ], [ -8796283.916147800162435, 5329338.355974734760821 ], [ -8796038.135441314429045, 5329397.36270175408572 ], [ -8795789.603395260870457, 5329443.425393803976476 ], [ -8795539.00121870264411, 5329476.417796249501407 ], [ -8795287.015794787555933, 5329496.24947920627892 ], [ -8795034.337798045948148, 5329502.866085411049426 ], [ -8794781.659801304340363, 5329496.24947920627892 ], [ -8794529.674377389252186, 5329476.417796249501407 ], [ -8794279.072200831025839, 5329443.425393803976476 ], [ -8794030.540154777467251, 5329397.36270175408572 ], [ -8793784.759448291733861, 5329338.355974734760821 ], [ -8793542.403749203309417, 5329266.566946083679795 ], [ -8793304.137337641790509, 5329182.192384539172053 ], [ -8793070.613285275176167, 5329085.463554909452796 ], [ -8792842.471665304154158, 5328976.645584192126989 ], [ -8792620.337798045948148, 5328856.036734882742167 ], [ -8792404.820536993443966, 5328723.967587451450527 ], [ -8792196.510599978268147, 5328580.800134253688157 ], [ -8791995.978950057178736, 5328426.926787325181067 ], [ -8791803.775230545550585, 5328262.769302816130221 ], [ -8791620.426258476451039, 5328088.777624979615211 ], [ -8791446.434580640867352, 5327905.428652911446989 ], [ -8791282.277096131816506, 5327713.224933399818838 ], [ -8791128.403749203309417, 5327512.693283478729427 ], [ -8790985.236296005547047, 5327304.383346463553607 ], [ -8790853.167148575186729, 5327088.866085411049426 ], [ -8790732.558299263939261, 5326866.732218153774738 ], [ -8790623.740328546613455, 5326638.590598180890083 ], [ -8790527.011498916894197, 5326405.066545816138387 ], [ -8790442.636937372386456, 5326166.800134253688157 ], [ -8790370.847908722236753, 5325924.444435166195035 ], [ -8790311.841181702911854, 5325678.663728679530323 ], [ -8790265.778489653021097, 5325430.131682625040412 ], [ -8790232.786087207496166, 5325179.529506067745388 ], [ -8790212.954404251649976, 5324927.544082151725888 ], [ -8790206.337798045948148, 5324674.866085411049426 ] ] ] } },
{ "type": "Feature", "properties": { "facility_name": "Onodaga Resource Recovery Facility", "state": "NY" }, "geometry": { "type": "Polygon", "coordinates": [ [ [ -8463442.677879124879837, 5310674.542870482429862 ], [ -8463449.294485330581665, 5310421.864873741753399 ], [ -8463469.126168286427855, 5310169.8794498257339 ], [ -8463502.118570731952786, 5309919.277273268438876 ], [ -8463548.181262781843543, 5309670.745227213948965 ], [ -8463607.187989801168442, 5309424.964520727284253 ], [ -8463678.977018451318145, 5309182.608821639791131 ], [ -8463763.351579995825887, 5308944.342410077340901 ], [ -8463860.080409625545144, 5308710.818357712589204 ], [ -8463968.898380342870951, 5308482.676737739704549 ], [ -8464089.507229654118419, 5308260.542870482429862 ], [ -8464221.576377084478736, 5308045.02560942992568 ], [ -8464364.743830282241106, 5307836.715672414749861 ], [ -8464518.617177210748196, 5307636.18402249366045 ], [ -8464682.774661719799042, 5307443.980302982032299 ], [ -8464856.766339555382729, 5307260.631330913864076 ], [ -8465040.115311624482274, 5307086.639653077349067 ], [ -8465232.319031136110425, 5306922.482168568298221 ], [ -8465432.850681057199836, 5306768.608821639791131 ], [ -8465641.160618072375655, 5306625.441368442028761 ], [ -8465856.677879124879837, 5306493.372221010737121 ], [ -8466078.811746383085847, 5306372.763371701352298 ], [ -8466306.953366354107857, 5306263.945400984026492 ], [ -8466540.477418720722198, 5306167.216571354307234 ], [ -8466778.743830282241106, 5306082.842009809799492 ], [ -8467021.09952937066555, 5306011.052981158718467 ], [ -8467266.88023585639894, 5305952.046254139393568 ], [ -8467515.412281909957528, 5305905.983562089502811 ], [ -8467766.014458468183875, 5305872.99115964397788 ], [ -8468017.999882383272052, 5305853.159476687200367 ], [ -8468270.677879124879837, 5305846.542870482429862 ], [ -8468523.355875866487622, 5305853.159476687200367 ], [ -8468775.341299781575799, 5305872.99115964397788 ], [ -8469025.943476339802146, 5305905.983562089502811 ], [ -8469274.475522393360734, 5305952.046254139393568 ], [ -8469520.256228879094124, 5306011.052981158718467 ], [ -8469762.611927967518568, 5306082.842009809799492 ], [ -8470000.878339529037476, 5306167.216571354307234 ], [ -8470234.402391895651817, 5306263.945400984026492 ], [ -8470462.544011866673827, 5306372.763371701352298 ], [ -8470684.677879124879837, 5306493.372221010737121 ], [ -8470900.195140177384019, 5306625.441368442028761 ], [ -8471108.505077192559838, 5306768.608821639791131 ], [ -8471309.036727113649249, 5306922.482168568298221 ], [ -8471501.2404466252774, 5307086.639653077349067 ], [ -8471684.589418694376945, 5307260.631330913864076 ], [ -8471858.581096529960632, 5307443.980302982032299 ], [ -8472022.738581039011478, 5307636.18402249366045 ], [ -8472176.611927967518568, 5307836.715672414749861 ], [ -8472319.779381165280938, 5308045.02560942992568 ], [ -8472451.848528595641255, 5308260.542870482429862 ], [ -8472572.457377906888723, 5308482.676737739704549 ], [ -8472681.27534862421453, 5308710.818357712589204 ], [ -8472778.004178253933787, 5308944.342410077340901 ], [ -8472862.378739798441529, 5309182.608821639791131 ], [ -8472934.167768448591232, 5309424.964520727284253 ], [ -8472993.174495467916131, 5309670.745227213948965 ], [ -8473039.237187517806888, 5309919.277273268438876 ], [ -8473072.229589963331819, 5310169.8794498257339 ], [ -8473092.061272919178009, 5310421.864873741753399 ], [ -8473098.677879124879837, 5310674.542870482429862 ], [ -8473092.061272919178009, 5310927.220867223106325 ], [ -8473072.229589963331819, 5311179.206291138194501 ], [ -8473039.237187517806888, 5311429.808467696420848 ], [ -8472993.174495467916131, 5311678.340513750910759 ], [ -8472934.167768448591232, 5311924.121220237575471 ], [ -8472862.378739798441529, 5312166.476919325068593 ], [ -8472778.004178253933787, 5312404.743330887518823 ], [ -8472681.27534862421453, 5312638.26738325227052 ], [ -8472572.457377906888723, 5312866.409003225155175 ], [ -8472451.848528595641255, 5313088.542870482429862 ], [ -8472319.779381165280938, 5313304.060131534934044 ], [ -8472176.611927967518568, 5313512.370068550109863 ], [ -8472022.738581039011478, 5313712.901718471199274 ], [ -8471858.581096529960632, 5313905.105437982827425 ], [ -8471684.589418694376945, 5314088.454410050995648 ], [ -8471501.2404466252774, 5314262.446087887510657 ], [ -8471309.036727113649249, 5314426.603572396561503 ], [ -8471108.505077192559838, 5314580.476919325068593 ], [ -8470900.195140177384019, 5314723.644372522830963 ], [ -8470684.677879124879837, 5314855.713519954122603 ], [ -8470462.544011866673827, 5314976.322369263507426 ], [ -8470234.402391895651817, 5315085.140339980833232 ], [ -8470000.878339529037476, 5315181.86916961055249 ], [ -8469762.611927967518568, 5315266.243731155060232 ], [ -8469520.256228879094124, 5315338.032759806141257 ], [ -8469274.475522393360734, 5315397.039486825466156 ], [ -8469025.943476339802146, 5315443.102178875356913 ], [ -8468775.341299781575799, 5315476.094581320881844 ], [ -8468523.355875866487622, 5315495.926264277659357 ], [ -8468270.677879124879837, 5315502.542870482429862 ], [ -8468017.999882383272052, 5315495.926264277659357 ], [ -8467766.014458468183875, 5315476.094581320881844 ], [ -8467515.412281909957528, 5315443.102178875356913 ], [ -8467266.88023585639894, 5315397.039486825466156 ], [ -8467021.09952937066555, 5315338.032759806141257 ], [ -8466778.743830282241106, 5315266.243731155060232 ], [ -8466540.477418720722198, 5315181.86916961055249 ], [ -8466306.953366354107857, 5315085.140339980833232 ], [ -8466078.811746383085847, 5314976.322369263507426 ], [ -8465856.677879124879837, 5314855.713519954122603 ], [ -8465641.160618072375655, 5314723.644372522830963 ], [ -8465432.850681057199836, 5314580.476919325068593 ], [ -8465232.319031136110425, 5314426.603572396561503 ], [ -8465040.115311624482274, 5314262.446087887510657 ], [ -8464856.766339555382729, 5314088.454410050995648 ], [ -8464682.774661719799042, 5313905.105437982827425 ], [ -8464518.617177210748196, 5313712.901718471199274 ], [ -8464364.743830282241106, 5313512.370068550109863 ], [ -8464221.576377084478736, 5313304.060131534934044 ], [ -8464089.507229654118419, 5313088.542870482429862 ], [ -8463968.898380342870951, 5312866.409003225155175 ], [ -8463860.080409625545144, 5312638.26738325227052 ], [ -8463763.351579995825887, 5312404.743330887518823 ], [ -8463678.977018451318145, 5312166.476919325068593 ], [ -8463607.187989801168442, 5311924.121220237575471 ], [ -8463548.181262781843543, 5311678.340513750910759 ], [ -8463502.118570731952786, 5311429.808467696420848 ], [ -8463469.126168286427855, 5311179.206291139125824 ], [ -8463449.294485330581665, 5310927.220867223106325 ], [ -8463442.677879124879837, 5310674.542870482429862 ] ] ] } },
{ "type": "Feature", "properties": { "facility_name": "Oswego County Energy Recovery Facility", "state": "NY" }, "geometry": { "type": "Polygon", "coordinates": [ [ [ -8502784.087988426908851, 5365259.245738443918526 ], [ -8502790.704594632610679, 5365006.567741703242064 ], [ -8502810.536277588456869, 5364754.582317787222564 ], [ -8502843.5286800339818, 5364503.98014122992754 ], [ -8502889.591372083872557, 5364255.448095175437629 ], [ -8502948.598099103197455, 5364009.667388688772917 ], [ -8503020.387127753347158, 5363767.311689601279795 ], [ -8503104.7616892978549, 5363529.045278038829565 ], [ -8503201.490518927574158, 5363295.521225674077868 ], [ -8503310.308489644899964, 5363067.379605701193213 ], [ -8503430.917338956147432, 5362845.245738443918526 ], [ -8503562.98648638650775, 5362629.728477391414344 ], [ -8503706.15393958427012, 5362421.418540376238525 ], [ -8503860.027286512777209, 5362220.886890455149114 ], [ -8504024.184771021828055, 5362028.683170943520963 ], [ -8504198.176448857411742, 5361845.33419887535274 ], [ -8504381.525420926511288, 5361671.342521038837731 ], [ -8504573.729140438139439, 5361507.185036529786885 ], [ -8504774.260790359228849, 5361353.311689601279795 ], [ -8504982.570727374404669, 5361210.144236403517425 ], [ -8505198.087988426908851, 5361078.075088972225785 ], [ -8505420.221855685114861, 5360957.466239662840962 ], [ -8505648.36347565613687, 5360848.648268945515156 ], [ -8505881.887528022751212, 5360751.919439315795898 ], [ -8506120.15393958427012, 5360667.544877771288157 ], [ -8506362.509638672694564, 5360595.755849120207131 ], [ -8506608.290345158427954, 5360536.749122100882232 ], [ -8506856.822391211986542, 5360490.686430050991476 ], [ -8507107.424567770212889, 5360457.694027605466545 ], [ -8507359.409991685301065, 5360437.862344648689032 ], [ -8507612.087988426908851, 5360431.245738443918526 ], [ -8507864.765985168516636, 5360437.862344648689032 ], [ -8508116.751409083604813, 5360457.694027605466545 ], [ -8508367.35358564183116, 5360490.686430050991476 ], [ -8508615.885631695389748, 5360536.749122100882232 ], [ -8508861.666338181123137, 5360595.755849120207131 ], [ -8509104.022037269547582, 5360667.544877771288157 ], [ -8509342.288448831066489, 5360751.919439315795898 ], [ -8509575.812501197680831, 5360848.648268945515156 ], [ -8509803.954121168702841, 5360957.466239662840962 ], [ -8510026.087988426908851, 5361078.075088972225785 ], [ -8510241.605249479413033, 5361210.144236403517425 ], [ -8510449.915186494588852, 5361353.311689601279795 ], [ -8510650.446836415678263, 5361507.185036529786885 ], [ -8510842.650555927306414, 5361671.342521038837731 ], [ -8511025.999527996405959, 5361845.33419887535274 ], [ -8511199.991205831989646, 5362028.683170943520963 ], [ -8511364.148690341040492, 5362220.886890455149114 ], [ -8511518.022037269547582, 5362421.418540376238525 ], [ -8511661.189490467309952, 5362629.728477391414344 ], [ -8511793.258637897670269, 5362845.245738443918526 ], [ -8511913.867487208917737, 5363067.379605701193213 ], [ -8512022.685457926243544, 5363295.521225674077868 ], [ -8512119.414287555962801, 5363529.045278038829565 ], [ -8512203.788849100470543, 5363767.311689601279795 ], [ -8512275.577877750620246, 5364009.667388688772917 ], [ -8512334.584604769945145, 5364255.448095175437629 ], [ -8512380.647296819835901, 5364503.98014122992754 ], [ -8512413.639699265360832, 5364754.582317787222564 ], [ -8512433.471382221207023, 5365006.567741703242064 ], [ -8512440.087988426908851, 5365259.245738443918526 ], [ -8512433.471382221207023, 5365511.923735184594989 ], [ -8512413.639699265360832, 5365763.909159099683166 ], [ -8512380.647296819835901, 5366014.511335657909513 ], [ -8512334.584604769945145, 5366263.043381712399423 ], [ -8512275.577877750620246, 5366508.824088199064136 ], [ -8512203.788849100470543, 5366751.179787286557257 ], [ -8512119.414287555962801, 5366989.446198849007487 ], [ -8512022.685457926243544, 5367222.970251213759184 ], [ -8511913.867487208917737, 5367451.111871186643839 ], [ -8511793.258637897670269, 5367673.245738443918526 ], [ -8511661.189490467309952, 5367888.762999496422708 ], [ -8511518.022037269547582, 5368097.072936511598527 ], [ -8511364.148690341040492, 5368297.604586432687938 ], [ -8511199.991205831989646, 5368489.808305944316089 ], [ -8511025.999527996405959, 5368673.157278012484312 ], [ -8510842.650555927306414, 5368847.148955848999321 ], [ -8510650.446836415678263, 5369011.306440358050168 ], [ -8510449.915186494588852, 5369165.179787286557257 ], [ -8510241.605249479413033, 5369308.347240484319627 ], [ -8510026.087988426908851, 5369440.416387915611267 ], [ -8509803.954121168702841, 5369561.02523722499609 ], [ -8509575.812501197680831, 5369669.843207942321897 ], [ -8509342.288448831066489, 5369766.572037572041154 ], [ -8509104.022037269547582, 5369850.946599116548896 ], [ -8508861.666338181123137, 5369922.735627767629921 ], [ -8508615.885631695389748, 5369981.74235478695482 ], [ -8508367.35358564183116, 5370027.805046836845577 ], [ -8508116.751409083604813, 5370060.797449282370508 ], [ -8507864.765985168516636, 5370080.629132239148021 ], [ -8507612.087988426908851, 5370087.245738443918526 ], [ -8507359.409991685301065, 5370080.629132239148021 ], [ -8507107.424567770212889, 5370060.797449282370508 ], [ -8506856.822391211986542, 5370027.805046836845577 ], [ -8506608.290345158427954, 5369981.74235478695482 ], [ -8506362.509638672694564, 5369922.735627767629921 ], [ -8506120.15393958427012, 5369850.946599116548896 ], [ -8505881.887528022751212, 5369766.572037572041154 ], [ -8505648.36347565613687, 5369669.843207942321897 ], [ -8505420.221855685114861, 5369561.02523722499609 ], [ -8505198.087988426908851, 5369440.416387915611267 ], [ -8504982.570727374404669, 5369308.347240484319627 ], [ -8504774.260790359228849, 5369165.179787286557257 ], [ -8504573.729140438139439, 5369011.306440358050168 ], [ -8504381.525420926511288, 5368847.148955848999321 ], [ -8504198.176448857411742, 5368673.157278012484312 ], [ -8504024.184771021828055, 5368489.808305944316089 ], [ -8503860.027286512777209, 5368297.604586432687938 ], [ -8503706.15393958427012, 5368097.072936511598527 ], [ -8503562.98648638650775, 5367888.762999496422708 ], [ -8503430.917338956147432, 5367673.245738443918526 ], [ -8503310.308489644899964, 5367451.111871186643839 ], [ -8503201.490518927574158, 5367222.970251213759184 ], [ -8503104.7616892978549, 5366989.446198849007487 ], [ -8503020.387127753347158, 5366751.179787286557257 ], [ -8502948.598099103197455, 5366508.824088199064136 ], [ -8502889.591372083872557, 5366263.043381712399423 ], [ -8502843.5286800339818, 5366014.511335657909513 ], [ -8502810.536277588456869, 5365763.909159100614488 ], [ -8502790.704594632610679, 5365511.923735184594989 ], [ -8502784.087988426908851, 5365259.245738443918526 ] ] ] } },
{ "type": "Feature", "properties": { "facility_name": "Wheelabrator Hudson Falls", "state": "NY" }, "geometry": { "type": "Polygon", "coordinates": [ [ [ -8187322.684837798587978, 5358617.183406395837665 ], [ -8187329.301444003358483, 5358364.505409655161202 ], [ -8187349.133126960135996, 5358112.519985739141703 ], [ -8187382.125529405660927, 5357861.917809181846678 ], [ -8187428.188221455551684, 5357613.385763127356768 ], [ -8187487.194948474876583, 5357367.605056640692055 ], [ -8187558.983977125957608, 5357125.249357553198934 ], [ -8187643.35853867046535, 5356886.982945990748703 ], [ -8187740.087368300184608, 5356653.458893625997007 ], [ -8187848.905339017510414, 5356425.317273653112352 ], [ -8187969.514188326895237, 5356203.183406395837665 ], [ -8188101.583335758186877, 5355987.666145343333483 ], [ -8188244.750788955949247, 5355779.356208328157663 ], [ -8188398.624135884456336, 5355578.824558407068253 ], [ -8188562.781620393507183, 5355386.620838895440102 ], [ -8188736.773298230022192, 5355203.271866827271879 ], [ -8188920.122270298190415, 5355029.280188990756869 ], [ -8189112.325989809818566, 5354865.122704481706023 ], [ -8189312.857639730907977, 5354711.249357553198934 ], [ -8189521.167576746083796, 5354568.081904355436563 ], [ -8189736.684837798587978, 5354436.012756924144924 ], [ -8189958.818705055862665, 5354315.403907614760101 ], [ -8190186.96032502874732, 5354206.585936897434294 ], [ -8190420.484377393499017, 5354109.857107267715037 ], [ -8190658.750788955949247, 5354025.482545723207295 ], [ -8190901.106488043442369, 5353953.693517072126269 ], [ -8191146.887194530107081, 5353894.686790052801371 ], [ -8191395.419240584596992, 5353848.624098002910614 ], [ -8191646.021417141892016, 5353815.631695557385683 ], [ -8191898.006841057911515, 5353795.80001260060817 ], [ -8192150.684837798587978, 5353789.183406395837665 ], [ -8192403.362834539264441, 5353795.80001260060817 ], [ -8192655.348258454352617, 5353815.631695557385683 ], [ -8192905.950435012578964, 5353848.624098002910614 ], [ -8193154.482481067068875, 5353894.686790052801371 ], [ -8193400.263187553733587, 5353953.693517072126269 ], [ -8193642.618886641226709, 5354025.482545723207295 ], [ -8193880.885298203676939, 5354109.857107267715037 ], [ -8194114.409350568428636, 5354206.585936897434294 ], [ -8194342.550970541313291, 5354315.403907614760101 ], [ -8194564.684837798587978, 5354436.012756924144924 ], [ -8194780.20209885109216, 5354568.081904355436563 ], [ -8194988.512035866267979, 5354711.249357553198934 ], [ -8195189.04368578735739, 5354865.122704481706023 ], [ -8195381.247405298985541, 5355029.280188990756869 ], [ -8195564.596377367153764, 5355203.271866827271879 ], [ -8195738.588055203668773, 5355386.620838895440102 ], [ -8195902.745539712719619, 5355578.824558407068253 ], [ -8196056.618886641226709, 5355779.356208328157663 ], [ -8196199.786339838989079, 5355987.666145343333483 ], [ -8196331.855487270280719, 5356203.183406395837665 ], [ -8196452.464336579665542, 5356425.317273653112352 ], [ -8196561.282307296991348, 5356653.458893625997007 ], [ -8196658.011136926710606, 5356886.982945990748703 ], [ -8196742.385698471218348, 5357125.249357553198934 ], [ -8196814.174727122299373, 5357367.605056640692055 ], [ -8196873.181454141624272, 5357613.385763127356768 ], [ -8196919.244146191515028, 5357861.917809181846678 ], [ -8196952.236548637039959, 5358112.519985739141703 ], [ -8196972.068231593817472, 5358364.505409655161202 ], [ -8196978.684837798587978, 5358617.183406395837665 ], [ -8196972.068231593817472, 5358869.861403136514127 ], [ -8196952.236548637039959, 5359121.846827051602304 ], [ -8196919.244146191515028, 5359372.449003609828651 ], [ -8196873.181454141624272, 5359620.981049664318562 ], [ -8196814.174727122299373, 5359866.761756150983274 ], [ -8196742.385698471218348, 5360109.117455238476396 ], [ -8196658.011136926710606, 5360347.383866800926626 ], [ -8196561.282307296991348, 5360580.907919165678322 ], [ -8196452.464336579665542, 5360809.049539138562977 ], [ -8196331.855487270280719, 5361031.183406395837665 ], [ -8196199.786339838989079, 5361246.700667448341846 ], [ -8196056.618886641226709, 5361455.010604463517666 ], [ -8195902.745539712719619, 5361655.542254384607077 ], [ -8195738.588055203668773, 5361847.745973896235228 ], [ -8195564.596377367153764, 5362031.09494596440345 ], [ -8195381.247405298985541, 5362205.08662380091846 ], [ -8195189.04368578735739, 5362369.244108309969306 ], [ -8194988.512035866267979, 5362523.117455238476396 ], [ -8194780.20209885109216, 5362666.284908436238766 ], [ -8194564.684837798587978, 5362798.354055867530406 ], [ -8194342.550970541313291, 5362918.962905176915228 ], [ -8194114.409350568428636, 5363027.780875894241035 ], [ -8193880.885298203676939, 5363124.509705523960292 ], [ -8193642.618886641226709, 5363208.884267068468034 ], [ -8193400.263187553733587, 5363280.67329571954906 ], [ -8193154.482481067068875, 5363339.680022738873959 ], [ -8192905.950435012578964, 5363385.742714788764715 ], [ -8192655.34825845528394, 5363418.735117234289646 ], [ -8192403.362834539264441, 5363438.566800191067159 ], [ -8192150.684837798587978, 5363445.183406395837665 ], [ -8191898.006841057911515, 5363438.566800191067159 ], [ -8191646.021417142823339, 5363418.735117234289646 ], [ -8191395.419240584596992, 5363385.742714788764715 ], [ -8191146.887194530107081, 5363339.680022738873959 ], [ -8190901.106488043442369, 5363280.67329571954906 ], [ -8190658.750788955949247, 5363208.884267068468034 ], [ -8190420.484377393499017, 5363124.509705523960292 ], [ -8190186.96032502874732, 5363027.780875894241035 ], [ -8189958.818705055862665, 5362918.962905176915228 ], [ -8189736.684837798587978, 5362798.354055867530406 ], [ -8189521.167576746083796, 5362666.284908436238766 ], [ -8189312.857639730907977, 5362523.117455238476396 ], [ -8189112.325989809818566, 5362369.244108309969306 ], [ -8188920.122270298190415, 5362205.08662380091846 ], [ -8188736.773298230022192, 5362031.09494596440345 ], [ -8188562.781620393507183, 5361847.745973896235228 ], [ -8188398.624135884456336, 5361655.542254384607077 ], [ -8188244.750788955949247, 5361455.010604463517666 ], [ -8188101.583335758186877, 5361246.700667448341846 ], [ -8187969.514188326895237, 5361031.183406395837665 ], [ -8187848.905339017510414, 5360809.049539138562977 ], [ -8187740.087368300184608, 5360580.907919165678322 ], [ -8187643.35853867046535, 5360347.383866800926626 ], [ -8187558.983977125957608, 5360109.117455238476396 ], [ -8187487.194948474876583, 5359866.761756150983274 ], [ -8187428.188221455551684, 5359620.981049664318562 ], [ -8187382.125529405660927, 5359372.449003609828651 ], [ -8187349.133126960135996, 5359121.846827052533627 ], [ -8187329.301444003358483, 5358869.861403136514127 ], [ -8187322.684837798587978, 5358617.183406395837665 ] ] ] } },
{ "type": "Feature", "properties": { "facility_name": "Wheelabrator Westchester", "state": "NY" }, "geometry": { "type": "Polygon", "coordinates": [ [ [ -8226348.404003160074353, 5053292.851147344335914 ], [ -8226355.020609364844859, 5053040.173150603659451 ], [ -8226374.852292321622372, 5052788.187726687639952 ], [ -8226407.844694767147303, 5052537.585550130344927 ], [ -8226453.907386817038059, 5052289.053504075855017 ], [ -8226512.914113836362958, 5052043.272797589190304 ], [ -8226584.703142487443984, 5051800.917098501697183 ], [ -8226669.077704031951725, 5051562.650686939246953 ], [ -8226765.806533661670983, 5051329.126634574495256 ], [ -8226874.624504378996789, 5051100.985014601610601 ], [ -8226995.233353688381612, 5050878.851147344335914 ], [ -8227127.302501119673252, 5050663.333886291831732 ], [ -8227270.469954317435622, 5050455.023949276655912 ], [ -8227424.343301245942712, 5050254.492299355566502 ], [ -8227588.500785754993558, 5050062.288579843938351 ], [ -8227762.492463591508567, 5049878.939607775770128 ], [ -8227945.84143565967679, 5049704.947929939255118 ], [ -8228138.045155171304941, 5049540.790445430204272 ], [ -8228338.576805092394352, 5049386.917098501697183 ], [ -8228546.886742107570171, 5049243.749645303934813 ], [ -8228762.404003160074353, 5049111.680497872643173 ], [ -8228984.537870417349041, 5048991.07164856325835 ], [ -8229212.679490390233696, 5048882.253677845932543 ], [ -8229446.203542754985392, 5048785.524848216213286 ], [ -8229684.469954317435622, 5048701.150286671705544 ], [ -8229926.825653404928744, 5048629.361258020624518 ], [ -8230172.606359891593456, 5048570.35453100129962 ], [ -8230421.138405946083367, 5048524.291838951408863 ], [ -8230671.740582503378391, 5048491.299436505883932 ], [ -8230923.726006419397891, 5048471.467753549106419 ], [ -8231176.404003160074353, 5048464.851147344335914 ], [ -8231429.081999900750816, 5048471.467753549106419 ], [ -8231681.067423816770315, 5048491.299436505883932 ], [ -8231931.66960037406534, 5048524.291838951408863 ], [ -8232180.20164642855525, 5048570.35453100129962 ], [ -8232425.982352915219963, 5048629.361258020624518 ], [ -8232668.338052002713084, 5048701.150286671705544 ], [ -8232906.604463565163314, 5048785.524848216213286 ], [ -8233140.128515929915011, 5048882.253677845932543 ], [ -8233368.270135902799666, 5048991.07164856325835 ], [ -8233590.404003160074353, 5049111.680497872643173 ], [ -8233805.921264212578535, 5049243.749645303934813 ], [ -8234014.231201227754354, 5049386.917098501697183 ], [ -8234214.762851148843765, 5049540.790445430204272 ], [ -8234406.966570660471916, 5049704.947929939255118 ], [ -8234590.315542728640139, 5049878.939607775770128 ], [ -8234764.307220565155149, 5050062.288579843938351 ], [ -8234928.464705074205995, 5050254.492299355566502 ], [ -8235082.338052002713084, 5050455.023949276655912 ], [ -8235225.505505200475454, 5050663.333886291831732 ], [ -8235357.574652631767094, 5050878.851147344335914 ], [ -8235478.183501941151917, 5051100.985014601610601 ], [ -8235587.001472658477724, 5051329.126634574495256 ], [ -8235683.730302288196981, 5051562.650686939246953 ], [ -8235768.104863832704723, 5051800.917098501697183 ], [ -8235839.893892483785748, 5052043.272797589190304 ], [ -8235898.900619503110647, 5052289.053504075855017 ], [ -8235944.963311553001404, 5052537.585550130344927 ], [ -8235977.955713998526335, 5052788.187726687639952 ], [ -8235997.787396955303848, 5053040.173150603659451 ], [ -8236004.404003160074353, 5053292.851147344335914 ], [ -8235997.787396955303848, 5053545.529144085012376 ], [ -8235977.955713998526335, 5053797.514568000100553 ], [ -8235944.963311553001404, 5054048.1167445583269 ], [ -8235898.900619503110647, 5054296.648790612816811 ], [ -8235839.893892483785748, 5054542.429497099481523 ], [ -8235768.104863832704723, 5054784.785196186974645 ], [ -8235683.730302288196981, 5055023.051607749424875 ], [ -8235587.001472658477724, 5055256.575660114176571 ], [ -8235478.183501941151917, 5055484.717280087061226 ], [ -8235357.574652631767094, 5055706.851147344335914 ], [ -8235225.505505200475454, 5055922.368408396840096 ], [ -8235082.338052002713084, 5056130.678345412015915 ], [ -8234928.464705074205995, 5056331.209995333105326 ], [ -8234764.307220565155149, 5056523.413714844733477 ], [ -8234590.315542728640139, 5056706.7626869129017 ], [ -8234406.966570660471916, 5056880.754364749416709 ], [ -8234214.762851148843765, 5057044.911849258467555 ], [ -8234014.231201227754354, 5057198.785196186974645 ], [ -8233805.921264212578535, 5057341.952649384737015 ], [ -8233590.404003160074353, 5057474.021796816028655 ], [ -8233368.270135902799666, 5057594.630646125413477 ], [ -8233140.128515929915011, 5057703.448616842739284 ], [ -8232906.604463565163314, 5057800.177446472458541 ], [ -8232668.338052002713084, 5057884.552008016966283 ], [ -8232425.982352915219963, 5057956.341036668047309 ], [ -8232180.20164642855525, 5058015.347763687372208 ], [ -8231931.66960037406534, 5058061.410455737262964 ], [ -8231681.067423816770315, 5058094.402858182787895 ], [ -8231429.081999900750816, 5058114.234541139565408 ], [ -8231176.404003160074353, 5058120.851147344335914 ], [ -8230923.726006419397891, 5058114.234541139565408 ], [ -8230671.740582504309714, 5058094.402858182787895 ], [ -8230421.138405946083367, 5058061.410455737262964 ], [ -8230172.606359891593456, 5058015.347763687372208 ], [ -8229926.825653404928744, 5057956.341036668047309 ], [ -8229684.469954317435622, 5057884.552008016966283 ], [ -8229446.203542754985392, 5057800.177446472458541 ], [ -8229212.679490390233696, 5057703.448616842739284 ], [ -8228984.537870417349041, 5057594.630646125413477 ], [ -8228762.404003160074353, 5057474.021796816028655 ], [ -8228546.886742107570171, 5057341.952649384737015 ], [ -8228338.576805092394352, 5057198.785196186974645 ], [ -8228138.045155171304941, 5057044.911849258467555 ], [ -8227945.84143565967679, 5056880.754364749416709 ], [ -8227762.492463591508567, 5056706.7626869129017 ], [ -8227588.500785754993558, 5056523.413714844733477 ], [ -8227424.343301245942712, 5056331.209995333105326 ], [ -8227270.469954317435622, 5056130.678345412015915 ], [ -8227127.302501119673252, 5055922.368408396840096 ], [ -8226995.233353688381612, 5055706.851147344335914 ], [ -8226874.624504378996789, 5055484.717280087061226 ], [ -8226765.806533661670983, 5055256.575660114176571 ], [ -8226669.077704031951725, 5055023.051607749424875 ], [ -8226584.703142487443984, 5054784.785196186974645 ], [ -8226512.914113836362958, 5054542.429497099481523 ], [ -8226453.907386817038059, 5054296.648790612816811 ], [ -8226407.844694767147303, 5054048.1167445583269 ], [ -8226374.852292321622372, 5053797.514568001031876 ], [ -8226355.020609364844859, 5053545.529144085012376 ], [ -8226348.404003160074353, 5053292.851147344335914 ] ] ] } },
{ "type": "Feature", "properties": { "facility_name": "Covanta Tulsa Renewable Energy Facility", "state": "NY" }, "geometry": { "type": "Polygon", "coordinates": [ [ [ -10683832.061496265232563, 4318821.930889345705509 ], [ -10683838.678102470934391, 4318569.252892605029047 ], [ -10683858.509785426780581, 4318317.267468689009547 ], [ -10683891.502187872305512, 4318066.665292131714523 ], [ -10683937.564879922196269, 4317818.133246077224612 ], [ -10683996.571606941521168, 4317572.3525395905599 ], [ -10684068.360635591670871, 4317329.996840503066778 ], [ -10684152.735197136178613, 4317091.730428940616548 ], [ -10684249.46402676589787, 4316858.206376575864851 ], [ -10684358.281997483223677, 4316630.064756602980196 ], [ -10684478.890846794471145, 4316407.930889345705509 ], [ -10684610.959994224831462, 4316192.413628293201327 ], [ -10684754.127447422593832, 4315984.103691278025508 ], [ -10684908.000794351100922, 4315783.572041356936097 ], [ -10685072.158278860151768, 4315591.368321845307946 ], [ -10685246.149956695735455, 4315408.019349777139723 ], [ -10685429.498928764835, 4315234.027671940624714 ], [ -10685621.702648276463151, 4315069.870187431573868 ], [ -10685822.234298197552562, 4314915.996840503066778 ], [ -10686030.544235212728381, 4314772.829387305304408 ], [ -10686246.061496265232563, 4314640.760239874012768 ], [ -10686468.195363523438573, 4314520.151390564627945 ], [ -10686696.336983494460583, 4314411.333419847302139 ], [ -10686929.861035861074924, 4314314.604590217582881 ], [ -10687168.127447422593832, 4314230.23002867307514 ], [ -10687410.483146511018276, 4314158.441000021994114 ], [ -10687656.263852996751666, 4314099.434273002669215 ], [ -10687904.795899050310254, 4314053.371580952778459 ], [ -10688155.398075608536601, 4314020.379178507253528 ], [ -10688407.383499523624778, 4314000.547495550476015 ], [ -10688660.061496265232563, 4313993.930889345705509 ], [ -10688912.739493006840348, 4314000.547495550476015 ], [ -10689164.724916921928525, 4314020.379178507253528 ], [ -10689415.327093480154872, 4314053.371580952778459 ], [ -10689663.85913953371346, 4314099.434273002669215 ], [ -10689909.63984601944685, 4314158.441000021994114 ], [ -10690151.995545107871294, 4314230.23002867307514 ], [ -10690390.261956669390202, 4314314.604590217582881 ], [ -10690623.786009036004543, 4314411.333419847302139 ], [ -10690851.927629007026553, 4314520.151390564627945 ], [ -10691074.061496265232563, 4314640.760239874012768 ], [ -10691289.578757317736745, 4314772.829387305304408 ], [ -10691497.888694332912564, 4314915.996840503066778 ], [ -10691698.420344254001975, 4315069.870187431573868 ], [ -10691890.624063765630126, 4315234.027671940624714 ], [ -10692073.973035834729671, 4315408.019349777139723 ], [ -10692247.964713670313358, 4315591.368321845307946 ], [ -10692412.122198179364204, 4315783.572041356936097 ], [ -10692565.995545107871294, 4315984.103691278025508 ], [ -10692709.162998305633664, 4316192.413628293201327 ], [ -10692841.232145735993981, 4316407.930889345705509 ], [ -10692961.840995047241449, 4316630.064756602980196 ], [ -10693070.658965764567256, 4316858.206376575864851 ], [ -10693167.387795394286513, 4317091.730428940616548 ], [ -10693251.762356938794255, 4317329.996840503066778 ], [ -10693323.551385588943958, 4317572.3525395905599 ], [ -10693382.558112608268857, 4317818.133246077224612 ], [ -10693428.620804658159614, 4318066.665292131714523 ], [ -10693461.613207103684545, 4318317.267468689009547 ], [ -10693481.444890059530735, 4318569.252892605029047 ], [ -10693488.061496265232563, 4318821.930889345705509 ], [ -10693481.444890059530735, 4319074.608886086381972 ], [ -10693461.613207103684545, 4319326.594310001470149 ], [ -10693428.620804658159614, 4319577.196486559696496 ], [ -10693382.558112608268857, 4319825.728532614186406 ], [ -10693323.551385588943958, 4320071.509239100851119 ], [ -10693251.762356938794255, 4320313.86493818834424 ], [ -10693167.387795394286513, 4320552.13134975079447 ], [ -10693070.658965764567256, 4320785.655402115546167 ], [ -10692961.840995047241449, 4321013.797022088430822 ], [ -10692841.232145735993981, 4321235.930889345705509 ], [ -10692709.162998305633664, 4321451.448150398209691 ], [ -10692565.995545107871294, 4321659.75808741338551 ], [ -10692412.122198179364204, 4321860.289737334474921 ], [ -10692247.964713670313358, 4322052.493456846103072 ], [ -10692073.973035834729671, 4322235.842428914271295 ], [ -10691890.624063765630126, 4322409.834106750786304 ], [ -10691698.420344254001975, 4322573.991591259837151 ], [ -10691497.888694332912564, 4322727.86493818834424 ], [ -10691289.578757317736745, 4322871.03239138610661 ], [ -10691074.061496265232563, 4323003.10153881739825 ], [ -10690851.927629007026553, 4323123.710388126783073 ], [ -10690623.786009036004543, 4323232.52835884410888 ], [ -10690390.261956669390202, 4323329.257188473828137 ], [ -10690151.995545107871294, 4323413.631750018335879 ], [ -10689909.63984601944685, 4323485.420778669416904 ], [ -10689663.85913953371346, 4323544.427505688741803 ], [ -10689415.327093480154872, 4323590.49019773863256 ], [ -10689164.724916921928525, 4323623.482600184157491 ], [ -10688912.739493006840348, 4323643.314283140935004 ], [ -10688660.061496265232563, 4323649.930889345705509 ], [ -10688407.383499523624778, 4323643.314283140935004 ], [ -10688155.398075608536601, 4323623.482600184157491 ], [ -10687904.795899050310254, 4323590.49019773863256 ], [ -10687656.263852996751666, 4323544.427505688741803 ], [ -10687410.483146511018276, 4323485.420778669416904 ], [ -10687168.127447422593832, 4323413.631750018335879 ], [ -10686929.861035861074924, 4323329.257188473828137 ], [ -10686696.336983494460583, 4323232.52835884410888 ], [ -10686468.195363523438573, 4323123.710388126783073 ], [ -10686246.061496265232563, 4323003.10153881739825 ], [ -10686030.544235212728381, 4322871.03239138610661 ], [ -10685822.234298197552562, 4322727.86493818834424 ], [ -10685621.702648276463151, 4322573.991591259837151 ], [ -10685429.498928764835, 4322409.834106750786304 ], [ -10685246.149956695735455, 4322235.842428914271295 ], [ -10685072.158278860151768, 4322052.493456846103072 ], [ -10684908.000794351100922, 4321860.289737334474921 ], [ -10684754.127447422593832, 4321659.75808741338551 ], [ -10684610.959994224831462, 4321451.448150398209691 ], [ -10684478.890846794471145, 4321235.930889345705509 ], [ -10684358.281997483223677, 4321013.797022088430822 ], [ -10684249.46402676589787, 4320785.655402115546167 ], [ -10684152.735197136178613, 4320552.13134975079447 ], [ -10684068.360635591670871, 4320313.86493818834424 ], [ -10683996.571606941521168, 4320071.509239100851119 ], [ -10683937.564879922196269, 4319825.728532614186406 ], [ -10683891.502187872305512, 4319577.196486559696496 ], [ -10683858.509785426780581, 4319326.594310002401471 ], [ -10683838.678102470934391, 4319074.608886086381972 ], [ -10683832.061496265232563, 4318821.930889345705509 ] ] ] } },
{ "type": "Feature", "properties": { "facility_name": "Marion County Solid Waste-to-Energy Facility", "state": "OR" }, "geometry": { "type": "Polygon", "coordinates": [ [ [ -13683321.492026200518012, 5629102.227484482340515 ], [ -13683328.10863240621984, 5628849.549487741664052 ], [ -13683347.940315362066031, 5628597.564063825644553 ], [ -13683380.932717807590961, 5628346.961887268349528 ], [ -13683426.995409857481718, 5628098.429841213859618 ], [ -13683486.002136876806617, 5627852.649134727194905 ], [ -13683557.79116552695632, 5627610.293435639701784 ], [ -13683642.165727071464062, 5627372.027024077251554 ], [ -13683738.894556701183319, 5627138.502971712499857 ], [ -13683847.712527418509126, 5626910.361351739615202 ], [ -13683968.321376729756594, 5626688.227484482340515 ], [ -13684100.390524160116911, 5626472.710223429836333 ], [ -13684243.557977357879281, 5626264.400286414660513 ], [ -13684397.431324286386371, 5626063.868636493571103 ], [ -13684561.588808795437217, 5625871.664916981942952 ], [ -13684735.580486631020904, 5625688.315944913774729 ], [ -13684918.929458700120449, 5625514.324267077259719 ], [ -13685111.1331782117486, 5625350.166782568208873 ], [ -13685311.664828132838011, 5625196.293435639701784 ], [ -13685519.97476514801383, 5625053.125982441939414 ], [ -13685735.492026200518012, 5624921.056835010647774 ], [ -13685957.625893458724022, 5624800.447985701262951 ], [ -13686185.767513429746032, 5624691.630014983937144 ], [ -13686419.291565796360373, 5624594.901185354217887 ], [ -13686657.557977357879281, 5624510.526623809710145 ], [ -13686899.913676446303725, 5624438.737595158629119 ], [ -13687145.694382932037115, 5624379.730868139304221 ], [ -13687394.226428985595703, 5624333.668176089413464 ], [ -13687644.82860554382205, 5624300.675773643888533 ], [ -13687896.814029458910227, 5624280.84409068711102 ], [ -13688149.492026200518012, 5624274.227484482340515 ], [ -13688402.170022942125797, 5624280.84409068711102 ], [ -13688654.155446857213974, 5624300.675773643888533 ], [ -13688904.757623415440321, 5624333.668176089413464 ], [ -13689153.289669468998909, 5624379.730868139304221 ], [ -13689399.070375954732299, 5624438.737595158629119 ], [ -13689641.426075043156743, 5624510.526623809710145 ], [ -13689879.692486604675651, 5624594.901185354217887 ], [ -13690113.216538971289992, 5624691.630014983937144 ], [ -13690341.358158942312002, 5624800.447985701262951 ], [ -13690563.492026200518012, 5624921.056835010647774 ], [ -13690779.009287253022194, 5625053.125982441939414 ], [ -13690987.319224268198013, 5625196.293435639701784 ], [ -13691187.850874189287424, 5625350.166782568208873 ], [ -13691380.054593700915575, 5625514.324267077259719 ], [ -13691563.403565770015121, 5625688.315944913774729 ], [ -13691737.395243605598807, 5625871.664916981942952 ], [ -13691901.552728114649653, 5626063.868636493571103 ], [ -13692055.426075043156743, 5626264.400286414660513 ], [ -13692198.593528240919113, 5626472.710223429836333 ], [ -13692330.66267567127943, 5626688.227484482340515 ], [ -13692451.271524982526898, 5626910.361351739615202 ], [ -13692560.089495699852705, 5627138.502971712499857 ], [ -13692656.818325329571962, 5627372.027024077251554 ], [ -13692741.192886874079704, 5627610.293435639701784 ], [ -13692812.981915524229407, 5627852.649134727194905 ], [ -13692871.988642543554306, 5628098.429841213859618 ], [ -13692918.051334593445063, 5628346.961887268349528 ], [ -13692951.043737038969994, 5628597.564063825644553 ], [ -13692970.875419994816184, 5628849.549487741664052 ], [ -13692977.492026200518012, 5629102.227484482340515 ], [ -13692970.875419994816184, 5629354.905481223016977 ], [ -13692951.043737038969994, 5629606.890905138105154 ], [ -13692918.051334593445063, 5629857.493081696331501 ], [ -13692871.988642543554306, 5630106.025127750821412 ], [ -13692812.981915524229407, 5630351.805834237486124 ], [ -13692741.192886874079704, 5630594.161533324979246 ], [ -13692656.818325329571962, 5630832.427944887429476 ], [ -13692560.089495699852705, 5631065.951997252181172 ], [ -13692451.271524982526898, 5631294.093617225065827 ], [ -13692330.66267567127943, 5631516.227484482340515 ], [ -13692198.593528240919113, 5631731.744745534844697 ], [ -13692055.426075043156743, 5631940.054682550020516 ], [ -13691901.552728114649653, 5632140.586332471109927 ], [ -13691737.395243605598807, 5632332.790051982738078 ], [ -13691563.403565770015121, 5632516.139024050906301 ], [ -13691380.054593700915575, 5632690.13070188742131 ], [ -13691187.850874189287424, 5632854.288186396472156 ], [ -13690987.319224268198013, 5633008.161533324979246 ], [ -13690779.009287253022194, 5633151.328986522741616 ], [ -13690563.492026200518012, 5633283.398133954033256 ], [ -13690341.358158942312002, 5633404.006983263418078 ], [ -13690113.216538971289992, 5633512.824953980743885 ], [ -13689879.692486604675651, 5633609.553783610463142 ], [ -13689641.426075043156743, 5633693.928345154970884 ], [ -13689399.070375954732299, 5633765.71737380605191 ], [ -13689153.289669468998909, 5633824.724100825376809 ], [ -13688904.757623415440321, 5633870.786792875267565 ], [ -13688654.155446857213974, 5633903.779195320792496 ], [ -13688402.170022942125797, 5633923.610878277570009 ], [ -13688149.492026200518012, 5633930.227484482340515 ], [ -13687896.814029458910227, 5633923.610878277570009 ], [ -13687644.82860554382205, 5633903.779195320792496 ], [ -13687394.226428985595703, 5633870.786792875267565 ], [ -13687145.694382932037115, 5633824.724100825376809 ], [ -13686899.913676446303725, 5633765.71737380605191 ], [ -13686657.557977357879281, 5633693.928345154970884 ], [ -13686419.291565796360373, 5633609.553783610463142 ], [ -13686185.767513429746032, 5633512.824953980743885 ], [ -13685957.625893458724022, 5633404.006983263418078 ], [ -13685735.492026200518012, 5633283.398133954033256 ], [ -13685519.97476514801383, 5633151.328986522741616 ], [ -13685311.664828132838011, 5633008.161533324979246 ], [ -13685111.1331782117486, 5632854.288186396472156 ], [ -13684918.929458700120449, 5632690.13070188742131 ], [ -13684735.580486631020904, 5632516.139024050906301 ], [ -13684561.588808795437217, 5632332.790051982738078 ], [ -13684397.431324286386371, 5632140.586332471109927 ], [ -13684243.557977357879281, 5631940.054682550020516 ], [ -13684100.390524160116911, 5631731.744745534844697 ], [ -13683968.321376729756594, 5631516.227484482340515 ], [ -13683847.712527418509126, 5631294.093617225065827 ], [ -13683738.894556701183319, 5631065.951997252181172 ], [ -13683642.165727071464062, 5630832.427944887429476 ], [ -13683557.79116552695632, 5630594.161533324979246 ], [ -13683486.002136876806617, 5630351.805834237486124 ], [ -13683426.995409857481718, 5630106.025127750821412 ], [ -13683380.932717807590961, 5629857.493081696331501 ], [ -13683347.940315362066031, 5629606.890905139036477 ], [ -13683328.10863240621984, 5629354.905481223016977 ], [ -13683321.492026200518012, 5629102.227484482340515 ] ] ] } },
{ "type": "Feature", "properties": { "facility_name": "Covanta Plymouth Renewable Energy", "state": "PA" }, "geometry": { "type": "Polygon", "coordinates": [ [ [ -8379383.894359693862498, 4879303.987864639610052 ], [ -8379390.510965898633003, 4879051.309867898933589 ], [ -8379410.342648855410516, 4878799.32444398291409 ], [ -8379443.335051300935447, 4878548.722267425619066 ], [ -8379489.397743350826204, 4878300.190221371129155 ], [ -8379548.404470370151103, 4878054.409514884464443 ], [ -8379620.193499021232128, 4877812.053815796971321 ], [ -8379704.56806056573987, 4877573.787404234521091 ], [ -8379801.296890195459127, 4877340.263351869769394 ], [ -8379910.114860912784934, 4877112.121731896884739 ], [ -8380030.723710222169757, 4876889.987864639610052 ], [ -8380162.792857653461397, 4876674.47060358710587 ], [ -8380305.960310851223767, 4876466.160666571930051 ], [ -8380459.833657779730856, 4876265.62901665084064 ], [ -8380623.991142288781703, 4876073.425297139212489 ], [ -8380797.982820125296712, 4875890.076325071044266 ], [ -8380981.331792193464935, 4875716.084647234529257 ], [ -8381173.535511705093086, 4875551.927162725478411 ], [ -8381374.067161626182497, 4875398.053815796971321 ], [ -8381582.377098641358316, 4875254.886362599208951 ], [ -8381797.894359693862498, 4875122.817215167917311 ], [ -8382020.028226951137185, 4875002.208365858532488 ], [ -8382248.16984692402184, 4874893.390395141206682 ], [ -8382481.693899288773537, 4874796.661565511487424 ], [ -8382719.960310851223767, 4874712.287003966979682 ], [ -8382962.316009938716888, 4874640.497975315898657 ], [ -8383208.096716425381601, 4874581.491248296573758 ], [ -8383456.628762479871511, 4874535.428556246683002 ], [ -8383707.230939037166536, 4874502.436153801158071 ], [ -8383959.216362953186035, 4874482.604470844380558 ], [ -8384211.894359693862498, 4874475.987864639610052 ], [ -8384464.57235643453896, 4874482.604470844380558 ], [ -8384716.557780349627137, 4874502.436153801158071 ], [ -8384967.159956907853484, 4874535.428556246683002 ], [ -8385215.692002962343395, 4874581.491248296573758 ], [ -8385461.472709449008107, 4874640.497975315898657 ], [ -8385703.828408536501229, 4874712.287003966979682 ], [ -8385942.094820098951459, 4874796.661565511487424 ], [ -8386175.618872463703156, 4874893.390395141206682 ], [ -8386403.760492436587811, 4875002.208365858532488 ], [ -8386625.894359693862498, 4875122.817215167917311 ], [ -8386841.41162074636668, 4875254.886362599208951 ], [ -8387049.721557761542499, 4875398.053815796971321 ], [ -8387250.25320768263191, 4875551.927162725478411 ], [ -8387442.456927194260061, 4875716.084647234529257 ], [ -8387625.805899262428284, 4875890.076325071044266 ], [ -8387799.797577098943293, 4876073.425297139212489 ], [ -8387963.955061607994139, 4876265.62901665084064 ], [ -8388117.828408536501229, 4876466.160666571930051 ], [ -8388260.995861734263599, 4876674.47060358710587 ], [ -8388393.065009165555239, 4876889.987864639610052 ], [ -8388513.673858474940062, 4877112.121731896884739 ], [ -8388622.491829192265868, 4877340.263351869769394 ], [ -8388719.220658821985126, 4877573.787404234521091 ], [ -8388803.595220366492867, 4877812.053815796971321 ], [ -8388875.38424901664257, 4878054.409514884464443 ], [ -8388934.390976035967469, 4878300.190221371129155 ], [ -8388980.453668087720871, 4878548.722267425619066 ], [ -8389013.446070531383157, 4878799.32444398291409 ], [ -8389033.277753489091992, 4879051.309867898933589 ], [ -8389039.894359692931175, 4879303.987864639610052 ], [ -8389033.277753489091992, 4879556.665861380286515 ], [ -8389013.446070531383157, 4879808.651285295374691 ], [ -8388980.453668087720871, 4880059.253461853601038 ], [ -8388934.390976035967469, 4880307.785507908090949 ], [ -8388875.38424901664257, 4880553.566214394755661 ], [ -8388803.595220366492867, 4880795.921913482248783 ], [ -8388719.220658821985126, 4881034.188325044699013 ], [ -8388622.491829192265868, 4881267.71237740945071 ], [ -8388513.673858474940062, 4881495.853997382335365 ], [ -8388393.065009165555239, 4881717.987864639610052 ], [ -8388260.995861734263599, 4881933.505125692114234 ], [ -8388117.828408536501229, 4882141.815062707290053 ], [ -8387963.955061607994139, 4882342.346712628379464 ], [ -8387799.797577098943293, 4882534.550432140007615 ], [ -8387625.805899262428284, 4882717.899404208175838 ], [ -8387442.456927194260061, 4882891.891082044690847 ], [ -8387250.25320768263191, 4883056.048566553741693 ], [ -8387049.721557761542499, 4883209.921913482248783 ], [ -8386841.41162074636668, 4883353.089366680011153 ], [ -8386625.894359693862498, 4883485.158514111302793 ], [ -8386403.760492436587811, 4883605.767363420687616 ], [ -8386175.618872463703156, 4883714.585334138013422 ], [ -8385942.094820098951459, 4883811.31416376773268 ], [ -8385703.828408536501229, 4883895.688725312240422 ], [ -8385461.472709449008107, 4883967.477753963321447 ], [ -8385215.692002962343395, 4884026.484480982646346 ], [ -8384967.159956907853484, 4884072.547173032537103 ], [ -8384716.55778035055846, 4884105.539575478062034 ], [ -8384464.57235643453896, 4884125.371258434839547 ], [ -8384211.894359693862498, 4884131.987864639610052 ], [ -8383959.216362953186035, 4884125.371258434839547 ], [ -8383707.230939038097858, 4884105.539575478062034 ], [ -8383456.628762479871511, 4884072.547173032537103 ], [ -8383208.096716425381601, 4884026.484480982646346 ], [ -8382962.316009938716888, 4883967.477753963321447 ], [ -8382719.960310851223767, 4883895.688725312240422 ], [ -8382481.693899288773537, 4883811.31416376773268 ], [ -8382248.16984692402184, 4883714.585334138013422 ], [ -8382020.028226951137185, 4883605.767363420687616 ], [ -8381797.894359693862498, 4883485.158514111302793 ], [ -8381582.377098641358316, 4883353.089366680011153 ], [ -8381374.067161626182497, 4883209.921913482248783 ], [ -8381173.535511705093086, 4883056.048566553741693 ], [ -8380981.331792193464935, 4882891.891082044690847 ], [ -8380797.982820125296712, 4882717.899404208175838 ], [ -8380623.991142288781703, 4882534.550432140007615 ], [ -8380459.833657779730856, 4882342.346712628379464 ], [ -8380305.960310851223767, 4882141.815062707290053 ], [ -8380162.792857653461397, 4881933.505125692114234 ], [ -8380030.723710222169757, 4881717.987864639610052 ], [ -8379910.114860912784934, 4881495.853997382335365 ], [ -8379801.296890195459127, 4881267.71237740945071 ], [ -8379704.56806056573987, 4881034.188325044699013 ], [ -8379620.193499021232128, 4880795.921913482248783 ], [ -8379548.404470370151103, 4880553.566214394755661 ], [ -8379489.397743350826204, 4880307.785507908090949 ], [ -8379443.335051300935447, 4880059.253461853601038 ], [ -8379410.342648855410516, 4879808.651285296306014 ], [ -8379390.510965898633003, 4879556.665861380286515 ], [ -8379383.894359693862498, 4879303.987864639610052 ] ] ] } },
{ "type": "Feature", "properties": { "facility_name": "Delaware Valley Resource Recovery Facility ", "state": "PA" }, "geometry": { "type": "Polygon", "coordinates": [ [ [ -8387370.17726818472147, 4840762.511967210099101 ], [ -8387376.793874389491975, 4840509.833970469422638 ], [ -8387396.625557346269488, 4840257.848546553403139 ], [ -8387429.617959791794419, 4840007.246369996108115 ], [ -8387475.680651841685176, 4839758.714323941618204 ], [ -8387534.687378861010075, 4839512.933617454953492 ], [ -8387606.4764075120911, 4839270.57791836746037 ], [ -8387690.850969056598842, 4839032.31150680501014 ], [ -8387787.579798686318099, 4838798.787454440258443 ], [ -8387896.397769403643906, 4838570.645834467373788 ], [ -8388017.006618713028729, 4838348.511967210099101 ], [ -8388149.075766144320369, 4838132.994706157594919 ], [ -8388292.243219342082739, 4837924.6847691424191 ], [ -8388446.116566270589828, 4837724.153119221329689 ], [ -8388610.274050779640675, 4837531.949399709701538 ], [ -8388784.265728615224361, 4837348.600427641533315 ], [ -8388967.614700684323907, 4837174.608749805018306 ], [ -8389159.818420195952058, 4837010.45126529596746 ], [ -8389360.350070117041469, 4836856.57791836746037 ], [ -8389568.660007132217288, 4836713.410465169698 ], [ -8389784.17726818472147, 4836581.34131773840636 ], [ -8390006.31113544292748, 4836460.732468429021537 ], [ -8390234.45275541394949, 4836351.914497711695731 ], [ -8390467.976807780563831, 4836255.185668081976473 ], [ -8390706.243219342082739, 4836170.811106537468731 ], [ -8390948.598918430507183, 4836099.022077886387706 ], [ -8391194.379624916240573, 4836040.015350867062807 ], [ -8391442.911670969799161, 4835993.95265881717205 ], [ -8391693.513847528025508, 4835960.96025637164712 ], [ -8391945.499271443113685, 4835941.128573414869606 ], [ -8392198.17726818472147, 4835934.511967210099101 ], [ -8392450.855264926329255, 4835941.128573414869606 ], [ -8392702.840688841417432, 4835960.96025637164712 ], [ -8392953.442865399643779, 4835993.95265881717205 ], [ -8393201.974911453202367, 4836040.015350867062807 ], [ -8393447.755617938935757, 4836099.022077886387706 ], [ -8393690.111317027360201, 4836170.811106537468731 ], [ -8393928.377728588879108, 4836255.185668081976473 ], [ -8394161.90178095549345, 4836351.914497711695731 ], [ -8394390.04340092651546, 4836460.732468429021537 ], [ -8394612.17726818472147, 4836581.34131773840636 ], [ -8394827.694529237225652, 4836713.410465169698 ], [ -8395036.004466252401471, 4836856.57791836746037 ], [ -8395236.536116173490882, 4837010.45126529596746 ], [ -8395428.739835685119033, 4837174.608749805018306 ], [ -8395612.088807754218578, 4837348.600427641533315 ], [ -8395786.080485589802265, 4837531.949399709701538 ], [ -8395950.237970098853111, 4837724.153119221329689 ], [ -8396104.111317027360201, 4837924.6847691424191 ], [ -8396247.278770225122571, 4838132.994706157594919 ], [ -8396379.347917655482888, 4838348.511967210099101 ], [ -8396499.956766966730356, 4838570.645834467373788 ], [ -8396608.774737684056163, 4838798.787454440258443 ], [ -8396705.50356731377542, 4839032.31150680501014 ], [ -8396789.878128858283162, 4839270.57791836746037 ], [ -8396861.667157508432865, 4839512.933617454953492 ], [ -8396920.673884527757764, 4839758.714323941618204 ], [ -8396966.73657657764852, 4840007.246369996108115 ], [ -8396999.728979023173451, 4840257.848546553403139 ], [ -8397019.560661979019642, 4840509.833970469422638 ], [ -8397026.17726818472147, 4840762.511967210099101 ], [ -8397019.560661979019642, 4841015.189963950775564 ], [ -8396999.728979023173451, 4841267.17538786586374 ], [ -8396966.73657657764852, 4841517.777564424090087 ], [ -8396920.673884527757764, 4841766.309610478579998 ], [ -8396861.667157508432865, 4842012.09031696524471 ], [ -8396789.878128858283162, 4842254.446016052737832 ], [ -8396705.50356731377542, 4842492.712427615188062 ], [ -8396608.774737684056163, 4842726.236479979939759 ], [ -8396499.956766966730356, 4842954.378099952824414 ], [ -8396379.347917655482888, 4843176.511967210099101 ], [ -8396247.278770225122571, 4843392.029228262603283 ], [ -8396104.111317027360201, 4843600.339165277779102 ], [ -8395950.237970098853111, 4843800.870815198868513 ], [ -8395786.080485589802265, 4843993.074534710496664 ], [ -8395612.088807754218578, 4844176.423506778664887 ], [ -8395428.739835685119033, 4844350.415184615179896 ], [ -8395236.536116173490882, 4844514.572669124230742 ], [ -8395036.004466252401471, 4844668.446016052737832 ], [ -8394827.694529237225652, 4844811.613469250500202 ], [ -8394612.17726818472147, 4844943.682616681791842 ], [ -8394390.04340092651546, 4845064.291465991176665 ], [ -8394161.90178095549345, 4845173.109436708502471 ], [ -8393928.377728588879108, 4845269.838266338221729 ], [ -8393690.111317027360201, 4845354.212827882729471 ], [ -8393447.755617938935757, 4845426.001856533810496 ], [ -8393201.974911453202367, 4845485.008583553135395 ], [ -8392953.442865399643779, 4845531.071275603026152 ], [ -8392702.840688841417432, 4845564.063678048551083 ], [ -8392450.855264926329255, 4845583.895361005328596 ], [ -8392198.17726818472147, 4845590.511967210099101 ], [ -8391945.499271443113685, 4845583.895361005328596 ], [ -8391693.513847528025508, 4845564.063678048551083 ], [ -8391442.911670969799161, 4845531.071275603026152 ], [ -8391194.379624916240573, 4845485.008583553135395 ], [ -8390948.598918430507183, 4845426.001856533810496 ], [ -8390706.243219342082739, 4845354.212827882729471 ], [ -8390467.976807780563831, 4845269.838266338221729 ], [ -8390234.45275541394949, 4845173.109436708502471 ], [ -8390006.31113544292748, 4845064.291465991176665 ], [ -8389784.17726818472147, 4844943.682616681791842 ], [ -8389568.660007132217288, 4844811.613469250500202 ], [ -8389360.350070117041469, 4844668.446016052737832 ], [ -8389159.818420195952058, 4844514.572669124230742 ], [ -8388967.614700684323907, 4844350.415184615179896 ], [ -8388784.265728615224361, 4844176.423506778664887 ], [ -8388610.274050779640675, 4843993.074534710496664 ], [ -8388446.116566270589828, 4843800.870815198868513 ], [ -8388292.243219342082739, 4843600.339165277779102 ], [ -8388149.075766144320369, 4843392.029228262603283 ], [ -8388017.006618713028729, 4843176.511967210099101 ], [ -8387896.397769403643906, 4842954.378099952824414 ], [ -8387787.579798686318099, 4842726.236479979939759 ], [ -8387690.850969056598842, 4842492.712427615188062 ], [ -8387606.4764075120911, 4842254.446016052737832 ], [ -8387534.687378861010075, 4842012.09031696524471 ], [ -8387475.680651841685176, 4841766.309610478579998 ], [ -8387429.617959791794419, 4841517.777564424090087 ], [ -8387396.625557346269488, 4841267.175387866795063 ], [ -8387376.793874389491975, 4841015.189963950775564 ], [ -8387370.17726818472147, 4840762.511967210099101 ] ] ] } },
{ "type": "Feature", "properties": { "facility_name": "Lancaster County Resource Recovery Facility", "state": "PA" }, "geometry": { "type": "Polygon", "coordinates": [ [ [ -8527051.503210432827473, 4876517.145892061293125 ], [ -8527058.119816638529301, 4876264.467895320616663 ], [ -8527077.951499594375491, 4876012.482471404597163 ], [ -8527110.943902039900422, 4875761.880294847302139 ], [ -8527157.006594089791179, 4875513.348248792812228 ], [ -8527216.013321109116077, 4875267.567542306147516 ], [ -8527287.80234975926578, 4875025.211843218654394 ], [ -8527372.176911303773522, 4874786.945431656204164 ], [ -8527468.90574093349278, 4874553.421379291452467 ], [ -8527577.723711650818586, 4874325.279759318567812 ], [ -8527698.332560962066054, 4874103.145892061293125 ], [ -8527830.401708392426372, 4873887.628631008788943 ], [ -8527973.569161590188742, 4873679.318693993613124 ], [ -8528127.442508518695831, 4873478.787044072523713 ], [ -8528291.599993027746677, 4873286.583324560895562 ], [ -8528465.591670863330364, 4873103.234352492727339 ], [ -8528648.94064293242991, 4872929.24267465621233 ], [ -8528841.144362444058061, 4872765.085190147161484 ], [ -8529041.676012365147471, 4872611.211843218654394 ], [ -8529249.985949380323291, 4872468.044390020892024 ], [ -8529465.503210432827473, 4872335.975242589600384 ], [ -8529687.637077691033483, 4872215.366393280215561 ], [ -8529915.778697662055492, 4872106.548422562889755 ], [ -8530149.302750028669834, 4872009.819592933170497 ], [ -8530387.569161590188742, 4871925.445031388662755 ], [ -8530629.924860678613186, 4871853.65600273758173 ], [ -8530875.705567164346576, 4871794.649275718256831 ], [ -8531124.237613217905164, 4871748.586583668366075 ], [ -8531374.839789776131511, 4871715.594181222841144 ], [ -8531626.825213691219687, 4871695.762498266063631 ], [ -8531879.503210432827473, 4871689.145892061293125 ], [ -8532132.181207174435258, 4871695.762498266063631 ], [ -8532384.166631089523435, 4871715.594181222841144 ], [ -8532634.768807647749782, 4871748.586583668366075 ], [ -8532883.30085370130837, 4871794.649275718256831 ], [ -8533129.081560187041759, 4871853.65600273758173 ], [ -8533371.437259275466204, 4871925.445031388662755 ], [ -8533609.703670836985111, 4872009.819592933170497 ], [ -8533843.227723203599453, 4872106.548422562889755 ], [ -8534071.369343174621463, 4872215.366393280215561 ], [ -8534293.503210432827473, 4872335.975242589600384 ], [ -8534509.020471485331655, 4872468.044390020892024 ], [ -8534717.330408500507474, 4872611.211843218654394 ], [ -8534917.862058421596885, 4872765.085190147161484 ], [ -8535110.065777933225036, 4872929.24267465621233 ], [ -8535293.414750002324581, 4873103.234352492727339 ], [ -8535467.406427837908268, 4873286.583324560895562 ], [ -8535631.563912346959114, 4873478.787044072523713 ], [ -8535785.437259275466204, 4873679.318693993613124 ], [ -8535928.604712473228574, 4873887.628631008788943 ], [ -8536060.673859903588891, 4874103.145892061293125 ], [ -8536181.282709214836359, 4874325.279759318567812 ], [ -8536290.100679932162166, 4874553.421379291452467 ], [ -8536386.829509561881423, 4874786.945431656204164 ], [ -8536471.204071106389165, 4875025.211843218654394 ], [ -8536542.993099756538868, 4875267.567542306147516 ], [ -8536601.999826775863767, 4875513.348248792812228 ], [ -8536648.062518825754523, 4875761.880294847302139 ], [ -8536681.054921271279454, 4876012.482471404597163 ], [ -8536700.886604227125645, 4876264.467895320616663 ], [ -8536707.503210432827473, 4876517.145892061293125 ], [ -8536700.886604227125645, 4876769.823888801969588 ], [ -8536681.054921271279454, 4877021.809312717057765 ], [ -8536648.062518825754523, 4877272.411489275284111 ], [ -8536601.999826775863767, 4877520.943535329774022 ], [ -8536542.993099756538868, 4877766.724241816438735 ], [ -8536471.204071106389165, 4878009.079940903931856 ], [ -8536386.829509561881423, 4878247.346352466382086 ], [ -8536290.100679932162166, 4878480.870404831133783 ], [ -8536181.282709214836359, 4878709.012024804018438 ], [ -8536060.673859903588891, 4878931.145892061293125 ], [ -8535928.604712473228574, 4879146.663153113797307 ], [ -8535785.437259275466204, 4879354.973090128973126 ], [ -8535631.563912346959114, 4879555.504740050062537 ], [ -8535467.406427837908268, 4879747.708459561690688 ], [ -8535293.414750002324581, 4879931.057431629858911 ], [ -8535110.065777933225036, 4880105.04910946637392 ], [ -8534917.862058421596885, 4880269.206593975424767 ], [ -8534717.330408500507474, 4880423.079940903931856 ], [ -8534509.020471485331655, 4880566.247394101694226 ], [ -8534293.503210432827473, 4880698.316541532985866 ], [ -8534071.369343174621463, 4880818.925390842370689 ], [ -8533843.227723203599453, 4880927.743361559696496 ], [ -8533609.703670836985111, 4881024.472191189415753 ], [ -8533371.437259275466204, 4881108.846752733923495 ], [ -8533129.081560187041759, 4881180.63578138500452 ], [ -8532883.30085370130837, 4881239.642508404329419 ], [ -8532634.768807647749782, 4881285.705200454220176 ], [ -8532384.166631089523435, 4881318.697602899745107 ], [ -8532132.181207174435258, 4881338.52928585652262 ], [ -8531879.503210432827473, 4881345.145892061293125 ], [ -8531626.825213691219687, 4881338.52928585652262 ], [ -8531374.839789776131511, 4881318.697602899745107 ], [ -8531124.237613217905164, 4881285.705200454220176 ], [ -8530875.705567164346576, 4881239.642508404329419 ], [ -8530629.924860678613186, 4881180.63578138500452 ], [ -8530387.569161590188742, 4881108.846752733923495 ], [ -8530149.302750028669834, 4881024.472191189415753 ], [ -8529915.778697662055492, 4880927.743361559696496 ], [ -8529687.637077691033483, 4880818.925390842370689 ], [ -8529465.503210432827473, 4880698.316541532985866 ], [ -8529249.985949380323291, 4880566.247394101694226 ], [ -8529041.676012365147471, 4880423.079940903931856 ], [ -8528841.144362444058061, 4880269.206593975424767 ], [ -8528648.94064293242991, 4880105.04910946637392 ], [ -8528465.591670863330364, 4879931.057431629858911 ], [ -8528291.599993027746677, 4879747.708459561690688 ], [ -8528127.442508518695831, 4879555.504740050062537 ], [ -8527973.569161590188742, 4879354.973090128973126 ], [ -8527830.401708392426372, 4879146.663153113797307 ], [ -8527698.332560962066054, 4878931.145892061293125 ], [ -8527577.723711650818586, 4878709.012024804018438 ], [ -8527468.90574093349278, 4878480.870404831133783 ], [ -8527372.176911303773522, 4878247.346352466382086 ], [ -8527287.80234975926578, 4878009.079940903931856 ], [ -8527216.013321109116077, 4877766.724241816438735 ], [ -8527157.006594089791179, 4877520.943535329774022 ], [ -8527110.943902039900422, 4877272.411489275284111 ], [ -8527077.951499594375491, 4877021.809312717989087 ], [ -8527058.119816638529301, 4876769.823888801969588 ], [ -8527051.503210432827473, 4876517.145892061293125 ] ] ] } },
{ "type": "Feature", "properties": { "facility_name": "Wheelabrator Falls", "state": "PA" }, "geometry": { "type": "Polygon", "coordinates": [ [ [ -8318111.776459632441401, 4889721.145930130966008 ], [ -8318118.393065837211907, 4889468.467933390289545 ], [ -8318138.22474879398942, 4889216.482509474270046 ], [ -8318171.217151239514351, 4888965.880332916975021 ], [ -8318217.279843289405107, 4888717.348286862485111 ], [ -8318276.286570308730006, 4888471.567580375820398 ], [ -8318348.075598959811032, 4888229.211881288327277 ], [ -8318432.450160504318774, 4887990.945469725877047 ], [ -8318529.178990134038031, 4887757.42141736112535 ], [ -8318637.996960851363838, 4887529.279797388240695 ], [ -8318758.605810160748661, 4887307.145930130966008 ], [ -8318890.6749575920403, 4887091.628669078461826 ], [ -8319033.84241078980267, 4886883.318732063286006 ], [ -8319187.71575771830976, 4886682.787082142196596 ], [ -8319351.873242227360606, 4886490.583362630568445 ], [ -8319525.864920063875616, 4886307.234390562400222 ], [ -8319709.213892132043839, 4886133.242712725885212 ], [ -8319901.417611643671989, 4885969.085228216834366 ], [ -8320101.9492615647614, 4885815.211881288327277 ], [ -8320310.25919857993722, 4885672.044428090564907 ], [ -8320525.776459632441401, 4885539.975280659273267 ], [ -8320747.910326889716089, 4885419.366431349888444 ], [ -8320976.051946862600744, 4885310.548460632562637 ], [ -8321209.57599922735244, 4885213.81963100284338 ], [ -8321447.84241078980267, 4885129.445069458335638 ], [ -8321690.198109877295792, 4885057.656040807254612 ], [ -8321935.978816363960505, 4884998.649313787929714 ], [ -8322184.510862418450415, 4884952.586621738038957 ], [ -8322435.11303897574544, 4884919.594219292514026 ], [ -8322687.098462891764939, 4884899.762536335736513 ], [ -8322939.776459632441401, 4884893.145930130966008 ], [ -8323192.454456373117864, 4884899.762536335736513 ], [ -8323444.439880289137363, 4884919.594219292514026 ], [ -8323695.042056846432388, 4884952.586621738038957 ], [ -8323943.574102900922298, 4884998.649313787929714 ], [ -8324189.354809387587011, 4885057.656040807254612 ], [ -8324431.710508475080132, 4885129.445069458335638 ], [ -8324669.976920037530363, 4885213.81963100284338 ], [ -8324903.500972402282059, 4885310.548460632562637 ], [ -8325131.642592375166714, 4885419.366431349888444 ], [ -8325353.776459632441401, 4885539.975280659273267 ], [ -8325569.293720684945583, 4885672.044428090564907 ], [ -8325777.603657700121403, 4885815.211881288327277 ], [ -8325978.135307621210814, 4885969.085228216834366 ], [ -8326170.339027132838964, 4886133.242712725885212 ], [ -8326353.687999201007187, 4886307.234390562400222 ], [ -8326527.679677037522197, 4886490.583362630568445 ], [ -8326691.837161546573043, 4886682.787082142196596 ], [ -8326845.710508475080132, 4886883.318732063286006 ], [ -8326988.877961672842503, 4887091.628669078461826 ], [ -8327120.947109104134142, 4887307.145930130966008 ], [ -8327241.555958413518965, 4887529.279797388240695 ], [ -8327350.373929130844772, 4887757.42141736112535 ], [ -8327447.102758760564029, 4887990.945469725877047 ], [ -8327531.477320305071771, 4888229.211881288327277 ], [ -8327603.266348956152797, 4888471.567580375820398 ], [ -8327662.273075975477695, 4888717.348286862485111 ], [ -8327708.335768025368452, 4888965.880332916975021 ], [ -8327741.328170470893383, 4889216.482509474270046 ], [ -8327761.159853427670896, 4889468.467933390289545 ], [ -8327767.776459632441401, 4889721.145930130966008 ], [ -8327761.159853427670896, 4889973.82392687164247 ], [ -8327741.328170470893383, 4890225.809350786730647 ], [ -8327708.335768025368452, 4890476.411527344956994 ], [ -8327662.273075975477695, 4890724.943573399446905 ], [ -8327603.266348956152797, 4890970.724279886111617 ], [ -8327531.477320305071771, 4891213.079978973604739 ], [ -8327447.102758760564029, 4891451.346390536054969 ], [ -8327350.373929130844772, 4891684.870442900806665 ], [ -8327241.555958413518965, 4891913.01206287369132 ], [ -8327120.947109104134142, 4892135.145930130966008 ], [ -8326988.877961672842503, 4892350.66319118347019 ], [ -8326845.710508475080132, 4892558.973128198646009 ], [ -8326691.837161546573043, 4892759.50477811973542 ], [ -8326527.679677037522197, 4892951.708497631363571 ], [ -8326353.687999201007187, 4893135.057469699531794 ], [ -8326170.339027132838964, 4893309.049147536046803 ], [ -8325978.135307621210814, 4893473.206632045097649 ], [ -8325777.603657700121403, 4893627.079978973604739 ], [ -8325569.293720684945583, 4893770.247432171367109 ], [ -8325353.776459632441401, 4893902.316579602658749 ], [ -8325131.642592375166714, 4894022.925428912043571 ], [ -8324903.500972402282059, 4894131.743399629369378 ], [ -8324669.976920037530363, 4894228.472229259088635 ], [ -8324431.710508475080132, 4894312.846790803596377 ], [ -8324189.354809387587011, 4894384.635819454677403 ], [ -8323943.574102900922298, 4894443.642546474002302 ], [ -8323695.042056846432388, 4894489.705238523893058 ], [ -8323444.439880289137363, 4894522.697640969417989 ], [ -8323192.454456373117864, 4894542.529323926195502 ], [ -8322939.776459632441401, 4894549.145930130966008 ], [ -8322687.098462891764939, 4894542.529323926195502 ], [ -8322435.113038976676762, 4894522.697640969417989 ], [ -8322184.510862418450415, 4894489.705238523893058 ], [ -8321935.978816363960505, 4894443.642546474002302 ], [ -8321690.198109877295792, 4894384.635819454677403 ], [ -8321447.84241078980267, 4894312.846790803596377 ], [ -8321209.57599922735244, 4894228.472229259088635 ], [ -8320976.051946862600744, 4894131.743399629369378 ], [ -8320747.910326889716089, 4894022.925428912043571 ], [ -8320525.776459632441401, 4893902.316579602658749 ], [ -8320310.25919857993722, 4893770.247432171367109 ], [ -8320101.9492615647614, 4893627.079978973604739 ], [ -8319901.417611643671989, 4893473.206632045097649 ], [ -8319709.213892132043839, 4893309.049147536046803 ], [ -8319525.864920063875616, 4893135.057469699531794 ], [ -8319351.873242227360606, 4892951.708497631363571 ], [ -8319187.71575771830976, 4892759.50477811973542 ], [ -8319033.84241078980267, 4892558.973128198646009 ], [ -8318890.6749575920403, 4892350.66319118347019 ], [ -8318758.605810160748661, 4892135.145930130966008 ], [ -8318637.996960851363838, 4891913.01206287369132 ], [ -8318529.178990134038031, 4891684.870442900806665 ], [ -8318432.450160504318774, 4891451.346390536054969 ], [ -8318348.075598959811032, 4891213.079978973604739 ], [ -8318276.286570308730006, 4890970.724279886111617 ], [ -8318217.279843289405107, 4890724.943573399446905 ], [ -8318171.217151239514351, 4890476.411527344956994 ], [ -8318138.22474879398942, 4890225.80935078766197 ], [ -8318118.393065837211907, 4889973.82392687164247 ], [ -8318111.776459632441401, 4889721.145930130966008 ] ] ] } },
{ "type": "Feature", "properties": { "facility_name": "Susquehanna Resource Management Complex", "state": "PA" }, "geometry": { "type": "Polygon", "coordinates": [ [ [ -8550051.501501956954598, 4901492.6189792631194 ], [ -8550058.118108162656426, 4901239.940982522442937 ], [ -8550077.949791118502617, 4900987.955558606423438 ], [ -8550110.942193564027548, 4900737.353382049128413 ], [ -8550157.004885613918304, 4900488.821335994638503 ], [ -8550216.011612633243203, 4900243.04062950797379 ], [ -8550287.800641283392906, 4900000.684930420480669 ], [ -8550372.175202827900648, 4899762.418518858030438 ], [ -8550468.904032457619905, 4899528.894466493278742 ], [ -8550577.722003174945712, 4899300.752846520394087 ], [ -8550698.33085248619318, 4899078.6189792631194 ], [ -8550830.399999916553497, 4898863.101718210615218 ], [ -8550973.567453114315867, 4898654.791781195439398 ], [ -8551127.440800042822957, 4898454.260131274349988 ], [ -8551291.598284551873803, 4898262.056411762721837 ], [ -8551465.58996238745749, 4898078.707439694553614 ], [ -8551648.938934456557035, 4897904.715761858038604 ], [ -8551841.142653968185186, 4897740.558277348987758 ], [ -8552041.674303889274597, 4897586.684930420480669 ], [ -8552249.984240904450417, 4897443.517477222718298 ], [ -8552465.501501956954598, 4897311.448329791426659 ], [ -8552687.635369215160608, 4897190.839480482041836 ], [ -8552915.776989186182618, 4897082.021509764716029 ], [ -8553149.30104155279696, 4896985.292680134996772 ], [ -8553387.567453114315867, 4896900.91811859048903 ], [ -8553629.923152202740312, 4896829.129089939408004 ], [ -8553875.703858688473701, 4896770.122362920083106 ], [ -8554124.23590474203229, 4896724.059670870192349 ], [ -8554374.838081300258636, 4896691.067268424667418 ], [ -8554626.823505215346813, 4896671.235585467889905 ], [ -8554879.501501956954598, 4896664.6189792631194 ], [ -8555132.179498698562384, 4896671.235585467889905 ], [ -8555384.16492261365056, 4896691.067268424667418 ], [ -8555634.767099171876907, 4896724.059670870192349 ], [ -8555883.299145225435495, 4896770.122362920083106 ], [ -8556129.079851711168885, 4896829.129089939408004 ], [ -8556371.435550799593329, 4896900.91811859048903 ], [ -8556609.701962361112237, 4896985.292680134996772 ], [ -8556843.226014727726579, 4897082.021509764716029 ], [ -8557071.367634698748589, 4897190.839480482041836 ], [ -8557293.501501956954598, 4897311.448329791426659 ], [ -8557509.01876300945878, 4897443.517477222718298 ], [ -8557717.3287000246346, 4897586.684930420480669 ], [ -8557917.86034994572401, 4897740.558277348987758 ], [ -8558110.064069457352161, 4897904.715761858038604 ], [ -8558293.413041526451707, 4898078.707439694553614 ], [ -8558467.404719362035394, 4898262.056411762721837 ], [ -8558631.56220387108624, 4898454.260131274349988 ], [ -8558785.435550799593329, 4898654.791781195439398 ], [ -8558928.6030039973557, 4898863.101718210615218 ], [ -8559060.672151427716017, 4899078.6189792631194 ], [ -8559181.281000738963485, 4899300.752846520394087 ], [ -8559290.098971456289291, 4899528.894466493278742 ], [ -8559386.827801086008549, 4899762.418518858030438 ], [ -8559471.202362630516291, 4900000.684930420480669 ], [ -8559542.991391280665994, 4900243.04062950797379 ], [ -8559601.998118299990892, 4900488.821335994638503 ], [ -8559648.060810349881649, 4900737.353382049128413 ], [ -8559681.05321279540658, 4900987.955558606423438 ], [ -8559700.88489575125277, 4901239.940982522442937 ], [ -8559707.501501956954598, 4901492.6189792631194 ], [ -8559700.88489575125277, 4901745.296976003795862 ], [ -8559681.05321279540658, 4901997.282399918884039 ], [ -8559648.060810349881649, 4902247.884576477110386 ], [ -8559601.998118299990892, 4902496.416622531600296 ], [ -8559542.991391280665994, 4902742.197329018265009 ], [ -8559471.202362630516291, 4902984.553028105758131 ], [ -8559386.827801086008549, 4903222.819439668208361 ], [ -8559290.098971456289291, 4903456.343492032960057 ], [ -8559181.281000738963485, 4903684.485112005844712 ], [ -8559060.672151427716017, 4903906.6189792631194 ], [ -8558928.6030039973557, 4904122.136240315623581 ], [ -8558785.435550799593329, 4904330.446177330799401 ], [ -8558631.56220387108624, 4904530.977827251888812 ], [ -8558467.404719362035394, 4904723.181546763516963 ], [ -8558293.413041526451707, 4904906.530518831685185 ], [ -8558110.064069457352161, 4905080.522196668200195 ], [ -8557917.86034994572401, 4905244.679681177251041 ], [ -8557717.3287000246346, 4905398.553028105758131 ], [ -8557509.01876300945878, 4905541.720481303520501 ], [ -8557293.501501956954598, 4905673.78962873481214 ], [ -8557071.367634698748589, 4905794.398478044196963 ], [ -8556843.226014727726579, 4905903.21644876152277 ], [ -8556609.701962361112237, 4905999.945278391242027 ], [ -8556371.435550799593329, 4906084.319839935749769 ], [ -8556129.079851711168885, 4906156.108868586830795 ], [ -8555883.299145225435495, 4906215.115595606155694 ], [ -8555634.767099171876907, 4906261.17828765604645 ], [ -8555384.16492261365056, 4906294.170690101571381 ], [ -8555132.179498698562384, 4906314.002373058348894 ], [ -8554879.501501956954598, 4906320.6189792631194 ], [ -8554626.823505215346813, 4906314.002373058348894 ], [ -8554374.838081300258636, 4906294.170690101571381 ], [ -8554124.23590474203229, 4906261.17828765604645 ], [ -8553875.703858688473701, 4906215.115595606155694 ], [ -8553629.923152202740312, 4906156.108868586830795 ], [ -8553387.567453114315867, 4906084.319839935749769 ], [ -8553149.30104155279696, 4905999.945278391242027 ], [ -8552915.776989186182618, 4905903.21644876152277 ], [ -8552687.635369215160608, 4905794.398478044196963 ], [ -8552465.501501956954598, 4905673.78962873481214 ], [ -8552249.984240904450417, 4905541.720481303520501 ], [ -8552041.674303889274597, 4905398.553028105758131 ], [ -8551841.142653968185186, 4905244.679681177251041 ], [ -8551648.938934456557035, 4905080.522196668200195 ], [ -8551465.58996238745749, 4904906.530518831685185 ], [ -8551291.598284551873803, 4904723.181546763516963 ], [ -8551127.440800042822957, 4904530.977827251888812 ], [ -8550973.567453114315867, 4904330.446177330799401 ], [ -8550830.399999916553497, 4904122.136240315623581 ], [ -8550698.33085248619318, 4903906.6189792631194 ], [ -8550577.722003174945712, 4903684.485112005844712 ], [ -8550468.904032457619905, 4903456.343492032960057 ], [ -8550372.175202827900648, 4903222.819439668208361 ], [ -8550287.800641283392906, 4902984.553028105758131 ], [ -8550216.011612633243203, 4902742.197329018265009 ], [ -8550157.004885613918304, 4902496.416622531600296 ], [ -8550110.942193564027548, 4902247.884576477110386 ], [ -8550077.949791118502617, 4901997.282399919815361 ], [ -8550058.118108162656426, 4901745.296976003795862 ], [ -8550051.501501956954598, 4901492.6189792631194 ] ] ] } },
{ "type": "Feature", "properties": { "facility_name": "York County Resource Recovery Center", "state": "PA" }, "geometry": { "type": "Polygon", "coordinates": [ [ [ -8535184.872562108561397, 4866519.758093725889921 ], [ -8535191.489168314263225, 4866267.080096985213459 ], [ -8535211.320851270109415, 4866015.094673069193959 ], [ -8535244.313253715634346, 4865764.492496511898935 ], [ -8535290.375945765525103, 4865515.960450457409024 ], [ -8535349.382672784850001, 4865270.179743970744312 ], [ -8535421.171701434999704, 4865027.82404488325119 ], [ -8535505.546262979507446, 4864789.55763332080096 ], [ -8535602.275092609226704, 4864556.033580956049263 ], [ -8535711.09306332655251, 4864327.891960983164608 ], [ -8535831.701912637799978, 4864105.758093725889921 ], [ -8535963.771060068160295, 4863890.240832673385739 ], [ -8536106.938513265922666, 4863681.93089565820992 ], [ -8536260.811860194429755, 4863481.399245737120509 ], [ -8536424.969344703480601, 4863289.195526225492358 ], [ -8536598.961022539064288, 4863105.846554157324135 ], [ -8536782.309994608163834, 4862931.854876320809126 ], [ -8536974.513714119791985, 4862767.69739181175828 ], [ -8537175.045364040881395, 4862613.82404488325119 ], [ -8537383.355301056057215, 4862470.65659168548882 ], [ -8537598.872562108561397, 4862338.58744425419718 ], [ -8537821.006429366767406, 4862217.978594944812357 ], [ -8538049.148049337789416, 4862109.160624227486551 ], [ -8538282.672101704403758, 4862012.431794597767293 ], [ -8538520.938513265922666, 4861928.057233053259552 ], [ -8538763.29421235434711, 4861856.268204402178526 ], [ -8539009.0749188400805, 4861797.261477382853627 ], [ -8539257.606964893639088, 4861751.198785332962871 ], [ -8539508.209141451865435, 4861718.20638288743794 ], [ -8539760.194565366953611, 4861698.374699930660427 ], [ -8540012.872562108561397, 4861691.758093725889921 ], [ -8540265.550558850169182, 4861698.374699930660427 ], [ -8540517.535982765257359, 4861718.20638288743794 ], [ -8540768.138159323483706, 4861751.198785332962871 ], [ -8541016.670205377042294, 4861797.261477382853627 ], [ -8541262.450911862775683, 4861856.268204402178526 ], [ -8541504.806610951200128, 4861928.057233053259552 ], [ -8541743.073022512719035, 4862012.431794597767293 ], [ -8541976.597074879333377, 4862109.160624227486551 ], [ -8542204.738694850355387, 4862217.978594944812357 ], [ -8542426.872562108561397, 4862338.58744425419718 ], [ -8542642.389823161065578, 4862470.65659168548882 ], [ -8542850.699760176241398, 4862613.82404488325119 ], [ -8543051.231410097330809, 4862767.69739181175828 ], [ -8543243.43512960895896, 4862931.854876320809126 ], [ -8543426.784101678058505, 4863105.846554157324135 ], [ -8543600.775779513642192, 4863289.195526225492358 ], [ -8543764.933264022693038, 4863481.399245737120509 ], [ -8543918.806610951200128, 4863681.93089565820992 ], [ -8544061.974064148962498, 4863890.240832673385739 ], [ -8544194.043211579322815, 4864105.758093725889921 ], [ -8544314.652060890570283, 4864327.891960983164608 ], [ -8544423.47003160789609, 4864556.033580956049263 ], [ -8544520.198861237615347, 4864789.55763332080096 ], [ -8544604.573422782123089, 4865027.82404488325119 ], [ -8544676.362451432272792, 4865270.179743970744312 ], [ -8544735.369178451597691, 4865515.960450457409024 ], [ -8544781.431870501488447, 4865764.492496511898935 ], [ -8544814.424272947013378, 4866015.094673069193959 ], [ -8544834.255955902859569, 4866267.080096985213459 ], [ -8544840.872562108561397, 4866519.758093725889921 ], [ -8544834.255955902859569, 4866772.436090466566384 ], [ -8544814.424272947013378, 4867024.421514381654561 ], [ -8544781.431870501488447, 4867275.023690939880908 ], [ -8544735.369178451597691, 4867523.555736994370818 ], [ -8544676.362451432272792, 4867769.336443481035531 ], [ -8544604.573422782123089, 4868011.692142568528652 ], [ -8544520.198861237615347, 4868249.958554130978882 ], [ -8544423.47003160789609, 4868483.482606495730579 ], [ -8544314.652060890570283, 4868711.624226468615234 ], [ -8544194.043211579322815, 4868933.758093725889921 ], [ -8544061.974064148962498, 4869149.275354778394103 ], [ -8543918.806610951200128, 4869357.585291793569922 ], [ -8543764.933264022693038, 4869558.116941714659333 ], [ -8543600.775779513642192, 4869750.320661226287484 ], [ -8543426.784101678058505, 4869933.669633294455707 ], [ -8543243.43512960895896, 4870107.661311130970716 ], [ -8543051.231410097330809, 4870271.818795640021563 ], [ -8542850.699760176241398, 4870425.692142568528652 ], [ -8542642.389823161065578, 4870568.859595766291022 ], [ -8542426.872562108561397, 4870700.928743197582662 ], [ -8542204.738694850355387, 4870821.537592506967485 ], [ -8541976.597074879333377, 4870930.355563224293292 ], [ -8541743.073022512719035, 4871027.084392854012549 ], [ -8541504.806610951200128, 4871111.458954398520291 ], [ -8541262.450911862775683, 4871183.247983049601316 ], [ -8541016.670205377042294, 4871242.254710068926215 ], [ -8540768.138159323483706, 4871288.317402118816972 ], [ -8540517.535982765257359, 4871321.309804564341903 ], [ -8540265.550558850169182, 4871341.141487521119416 ], [ -8540012.872562108561397, 4871347.758093725889921 ], [ -8539760.194565366953611, 4871341.141487521119416 ], [ -8539508.209141451865435, 4871321.309804564341903 ], [ -8539257.606964893639088, 4871288.317402118816972 ], [ -8539009.0749188400805, 4871242.254710068926215 ], [ -8538763.29421235434711, 4871183.247983049601316 ], [ -8538520.938513265922666, 4871111.458954398520291 ], [ -8538282.672101704403758, 4871027.084392854012549 ], [ -8538049.148049337789416, 4870930.355563224293292 ], [ -8537821.006429366767406, 4870821.537592506967485 ], [ -8537598.872562108561397, 4870700.928743197582662 ], [ -8537383.355301056057215, 4870568.859595766291022 ], [ -8537175.045364040881395, 4870425.692142568528652 ], [ -8536974.513714119791985, 4870271.818795640021563 ], [ -8536782.309994608163834, 4870107.661311130970716 ], [ -8536598.961022539064288, 4869933.669633294455707 ], [ -8536424.969344703480601, 4869750.320661226287484 ], [ -8536260.811860194429755, 4869558.116941714659333 ], [ -8536106.938513265922666, 4869357.585291793569922 ], [ -8535963.771060068160295, 4869149.275354778394103 ], [ -8535831.701912637799978, 4868933.758093725889921 ], [ -8535711.09306332655251, 4868711.624226468615234 ], [ -8535602.275092609226704, 4868483.482606495730579 ], [ -8535505.546262979507446, 4868249.958554130978882 ], [ -8535421.171701434999704, 4868011.692142568528652 ], [ -8535349.382672784850001, 4867769.336443481035531 ], [ -8535290.375945765525103, 4867523.555736994370818 ], [ -8535244.313253715634346, 4867275.023690939880908 ], [ -8535211.320851270109415, 4867024.421514382585883 ], [ -8535191.489168314263225, 4866772.436090466566384 ], [ -8535184.872562108561397, 4866519.758093725889921 ] ] ] } },
{ "type": "Feature", "properties": { "facility_name": "Alexandria/Arlington Resource Recovery Facility", "state": "VA" }, "geometry": { "type": "Polygon", "coordinates": [ [ [ -8581014.18296992406249, 4693272.704918052069843 ], [ -8581020.799576129764318, 4693020.02692131139338 ], [ -8581040.631259085610509, 4692768.041497395373881 ], [ -8581073.62366153113544, 4692517.439320838078856 ], [ -8581119.686353581026196, 4692268.907274783588946 ], [ -8581178.693080600351095, 4692023.126568296924233 ], [ -8581250.482109250500798, 4691780.770869209431112 ], [ -8581334.85667079500854, 4691542.504457646980882 ], [ -8581431.585500424727798, 4691308.980405282229185 ], [ -8581540.403471142053604, 4691080.83878530934453 ], [ -8581661.012320453301072, 4690858.704918052069843 ], [ -8581793.081467883661389, 4690643.187656999565661 ], [ -8581936.248921081423759, 4690434.877719984389842 ], [ -8582090.122268009930849, 4690234.346070063300431 ], [ -8582254.279752518981695, 4690042.14235055167228 ], [ -8582428.271430354565382, 4689858.793378483504057 ], [ -8582611.620402423664927, 4689684.801700646989048 ], [ -8582803.824121935293078, 4689520.644216137938201 ], [ -8583004.355771856382489, 4689366.770869209431112 ], [ -8583212.665708871558309, 4689223.603416011668742 ], [ -8583428.18296992406249, 4689091.534268580377102 ], [ -8583650.3168371822685, 4688970.925419270992279 ], [ -8583878.45845715329051, 4688862.107448553666472 ], [ -8584111.982509519904852, 4688765.378618923947215 ], [ -8584350.248921081423759, 4688681.004057379439473 ], [ -8584592.604620169848204, 4688609.215028728358448 ], [ -8584838.385326655581594, 4688550.208301709033549 ], [ -8585086.917372709140182, 4688504.145609659142792 ], [ -8585337.519549267366529, 4688471.153207213617861 ], [ -8585589.504973182454705, 4688451.321524256840348 ], [ -8585842.18296992406249, 4688444.704918052069843 ], [ -8586094.860966665670276, 4688451.321524256840348 ], [ -8586346.846390580758452, 4688471.153207213617861 ], [ -8586597.448567138984799, 4688504.145609659142792 ], [ -8586845.980613192543387, 4688550.208301709033549 ], [ -8587091.761319678276777, 4688609.215028728358448 ], [ -8587334.117018766701221, 4688681.004057379439473 ], [ -8587572.383430328220129, 4688765.378618923947215 ], [ -8587805.907482694834471, 4688862.107448553666472 ], [ -8588034.049102665856481, 4688970.925419270992279 ], [ -8588256.18296992406249, 4689091.534268580377102 ], [ -8588471.700230976566672, 4689223.603416011668742 ], [ -8588680.010167991742492, 4689366.770869209431112 ], [ -8588880.541817912831903, 4689520.644216137938201 ], [ -8589072.745537424460053, 4689684.801700646989048 ], [ -8589256.094509493559599, 4689858.793378483504057 ], [ -8589430.086187329143286, 4690042.14235055167228 ], [ -8589594.243671838194132, 4690234.346070063300431 ], [ -8589748.117018766701221, 4690434.877719984389842 ], [ -8589891.284471964463592, 4690643.187656999565661 ], [ -8590023.353619394823909, 4690858.704918052069843 ], [ -8590143.962468706071377, 4691080.83878530934453 ], [ -8590252.780439423397183, 4691308.980405282229185 ], [ -8590349.509269053116441, 4691542.504457646980882 ], [ -8590433.883830597624183, 4691780.770869209431112 ], [ -8590505.672859247773886, 4692023.126568296924233 ], [ -8590564.679586267098784, 4692268.907274783588946 ], [ -8590610.742278316989541, 4692517.439320838078856 ], [ -8590643.734680762514472, 4692768.041497395373881 ], [ -8590663.566363718360662, 4693020.02692131139338 ], [ -8590670.18296992406249, 4693272.704918052069843 ], [ -8590663.566363718360662, 4693525.382914792746305 ], [ -8590643.734680762514472, 4693777.368338707834482 ], [ -8590610.742278316989541, 4694027.970515266060829 ], [ -8590564.679586267098784, 4694276.50256132055074 ], [ -8590505.672859247773886, 4694522.283267807215452 ], [ -8590433.883830597624183, 4694764.638966894708574 ], [ -8590349.509269053116441, 4695002.905378457158804 ], [ -8590252.780439423397183, 4695236.429430821910501 ], [ -8590143.962468706071377, 4695464.571050794795156 ], [ -8590023.353619394823909, 4695686.704918052069843 ], [ -8589891.284471964463592, 4695902.222179104574025 ], [ -8589748.117018766701221, 4696110.532116119749844 ], [ -8589594.243671838194132, 4696311.063766040839255 ], [ -8589430.086187329143286, 4696503.267485552467406 ], [ -8589256.094509493559599, 4696686.616457620635629 ], [ -8589072.745537424460053, 4696860.608135457150638 ], [ -8588880.541817912831903, 4697024.765619966201484 ], [ -8588680.010167991742492, 4697178.638966894708574 ], [ -8588471.700230976566672, 4697321.806420092470944 ], [ -8588256.18296992406249, 4697453.875567523762584 ], [ -8588034.049102665856481, 4697574.484416833147407 ], [ -8587805.907482694834471, 4697683.302387550473213 ], [ -8587572.383430328220129, 4697780.031217180192471 ], [ -8587334.117018766701221, 4697864.405778724700212 ], [ -8587091.761319678276777, 4697936.194807375781238 ], [ -8586845.980613192543387, 4697995.201534395106137 ], [ -8586597.448567138984799, 4698041.264226444996893 ], [ -8586346.846390580758452, 4698074.256628890521824 ], [ -8586094.860966665670276, 4698094.088311847299337 ], [ -8585842.18296992406249, 4698100.704918052069843 ], [ -8585589.504973182454705, 4698094.088311847299337 ], [ -8585337.519549267366529, 4698074.256628890521824 ], [ -8585086.917372709140182, 4698041.264226444996893 ], [ -8584838.385326655581594, 4697995.201534395106137 ], [ -8584592.604620169848204, 4697936.194807375781238 ], [ -8584350.248921081423759, 4697864.405778724700212 ], [ -8584111.982509519904852, 4697780.031217180192471 ], [ -8583878.45845715329051, 4697683.302387550473213 ], [ -8583650.3168371822685, 4697574.484416833147407 ], [ -8583428.18296992406249, 4697453.875567523762584 ], [ -8583212.665708871558309, 4697321.806420092470944 ], [ -8583004.355771856382489, 4697178.638966894708574 ], [ -8582803.824121935293078, 4697024.765619966201484 ], [ -8582611.620402423664927, 4696860.608135457150638 ], [ -8582428.271430354565382, 4696686.616457620635629 ], [ -8582254.279752518981695, 4696503.267485552467406 ], [ -8582090.122268009930849, 4696311.063766040839255 ], [ -8581936.248921081423759, 4696110.532116119749844 ], [ -8581793.081467883661389, 4695902.222179104574025 ], [ -8581661.012320453301072, 4695686.704918052069843 ], [ -8581540.403471142053604, 4695464.571050794795156 ], [ -8581431.585500424727798, 4695236.429430821910501 ], [ -8581334.85667079500854, 4695002.905378457158804 ], [ -8581250.482109250500798, 4694764.638966894708574 ], [ -8581178.693080600351095, 4694522.283267807215452 ], [ -8581119.686353581026196, 4694276.50256132055074 ], [ -8581073.62366153113544, 4694027.970515266060829 ], [ -8581040.631259085610509, 4693777.368338708765805 ], [ -8581020.799576129764318, 4693525.382914792746305 ], [ -8581014.18296992406249, 4693272.704918052069843 ] ] ] } },
{ "type": "Feature", "properties": { "facility_name": "Hampton/NASA Steam Plant", "state": "VA" }, "geometry": { "type": "Polygon", "coordinates": [ [ [ -8499097.108529711142182, 4453154.332943980582058 ], [ -8499103.72513591684401, 4452901.654947239905596 ], [ -8499123.556818872690201, 4452649.669523323886096 ], [ -8499156.549221318215132, 4452399.067346766591072 ], [ -8499202.611913368105888, 4452150.535300712101161 ], [ -8499261.618640387430787, 4451904.754594225436449 ], [ -8499333.40766903758049, 4451662.398895137943327 ], [ -8499417.782230582088232, 4451424.132483575493097 ], [ -8499514.511060211807489, 4451190.608431210741401 ], [ -8499623.329030929133296, 4450962.466811237856746 ], [ -8499743.937880240380764, 4450740.332943980582058 ], [ -8499876.007027670741081, 4450524.815682928077877 ], [ -8500019.174480868503451, 4450316.505745912902057 ], [ -8500173.047827797010541, 4450115.974095991812646 ], [ -8500337.205312306061387, 4449923.770376480184495 ], [ -8500511.196990141645074, 4449740.421404412016273 ], [ -8500694.545962210744619, 4449566.429726575501263 ], [ -8500886.74968172237277, 4449402.272242066450417 ], [ -8501087.281331643462181, 4449248.398895137943327 ], [ -8501295.591268658638, 4449105.231441940180957 ], [ -8501511.108529711142182, 4448973.162294508889318 ], [ -8501733.242396969348192, 4448852.553445199504495 ], [ -8501961.384016940370202, 4448743.735474482178688 ], [ -8502194.908069306984544, 4448647.006644852459431 ], [ -8502433.174480868503451, 4448562.632083307951689 ], [ -8502675.530179956927896, 4448490.843054656870663 ], [ -8502921.310886442661285, 4448431.836327637545764 ], [ -8503169.842932496219873, 4448385.773635587655008 ], [ -8503420.44510905444622, 4448352.781233142130077 ], [ -8503672.430532969534397, 4448332.949550185352564 ], [ -8503925.108529711142182, 4448326.332943980582058 ], [ -8504177.786526452749968, 4448332.949550185352564 ], [ -8504429.771950367838144, 4448352.781233142130077 ], [ -8504680.374126926064491, 4448385.773635587655008 ], [ -8504928.906172979623079, 4448431.836327637545764 ], [ -8505174.686879465356469, 4448490.843054656870663 ], [ -8505417.042578553780913, 4448562.632083307951689 ], [ -8505655.308990115299821, 4448647.006644852459431 ], [ -8505888.833042481914163, 4448743.735474482178688 ], [ -8506116.974662452936172, 4448852.553445199504495 ], [ -8506339.108529711142182, 4448973.162294508889318 ], [ -8506554.625790763646364, 4449105.231441940180957 ], [ -8506762.935727778822184, 4449248.398895137943327 ], [ -8506963.467377699911594, 4449402.272242066450417 ], [ -8507155.671097211539745, 4449566.429726575501263 ], [ -8507339.020069280639291, 4449740.421404412016273 ], [ -8507513.011747116222978, 4449923.770376480184495 ], [ -8507677.169231625273824, 4450115.974095991812646 ], [ -8507831.042578553780913, 4450316.505745912902057 ], [ -8507974.210031751543283, 4450524.815682928077877 ], [ -8508106.279179181903601, 4450740.332943980582058 ], [ -8508226.888028493151069, 4450962.466811237856746 ], [ -8508335.705999210476875, 4451190.608431210741401 ], [ -8508432.434828840196133, 4451424.132483575493097 ], [ -8508516.809390384703875, 4451662.398895137943327 ], [ -8508588.598419034853578, 4451904.754594225436449 ], [ -8508647.605146054178476, 4452150.535300712101161 ], [ -8508693.667838104069233, 4452399.067346766591072 ], [ -8508726.660240549594164, 4452649.669523323886096 ], [ -8508746.491923505440354, 4452901.654947239905596 ], [ -8508753.108529711142182, 4453154.332943980582058 ], [ -8508746.491923505440354, 4453407.010940721258521 ], [ -8508726.660240549594164, 4453658.996364636346698 ], [ -8508693.667838104069233, 4453909.598541194573045 ], [ -8508647.605146054178476, 4454158.130587249062955 ], [ -8508588.598419034853578, 4454403.911293735727668 ], [ -8508516.809390384703875, 4454646.266992823220789 ], [ -8508432.434828840196133, 4454884.53340438567102 ], [ -8508335.705999210476875, 4455118.057456750422716 ], [ -8508226.888028493151069, 4455346.199076723307371 ], [ -8508106.279179181903601, 4455568.332943980582058 ], [ -8507974.210031751543283, 4455783.85020503308624 ], [ -8507831.042578553780913, 4455992.16014204826206 ], [ -8507677.169231625273824, 4456192.69179196935147 ], [ -8507513.011747116222978, 4456384.895511480979621 ], [ -8507339.020069280639291, 4456568.244483549147844 ], [ -8507155.671097211539745, 4456742.236161385662854 ], [ -8506963.467377699911594, 4456906.3936458947137 ], [ -8506762.935727778822184, 4457060.266992823220789 ], [ -8506554.625790763646364, 4457203.43444602098316 ], [ -8506339.108529711142182, 4457335.503593452274799 ], [ -8506116.974662452936172, 4457456.112442761659622 ], [ -8505888.833042481914163, 4457564.930413478985429 ], [ -8505655.308990115299821, 4457661.659243108704686 ], [ -8505417.042578553780913, 4457746.033804653212428 ], [ -8505174.686879465356469, 4457817.822833304293454 ], [ -8504928.906172979623079, 4457876.829560323618352 ], [ -8504680.374126926064491, 4457922.892252373509109 ], [ -8504429.771950367838144, 4457955.88465481903404 ], [ -8504177.786526452749968, 4457975.716337775811553 ], [ -8503925.108529711142182, 4457982.332943980582058 ], [ -8503672.430532969534397, 4457975.716337775811553 ], [ -8503420.44510905444622, 4457955.88465481903404 ], [ -8503169.842932496219873, 4457922.892252373509109 ], [ -8502921.310886442661285, 4457876.829560323618352 ], [ -8502675.530179956927896, 4457817.822833304293454 ], [ -8502433.174480868503451, 4457746.033804653212428 ], [ -8502194.908069306984544, 4457661.659243108704686 ], [ -8501961.384016940370202, 4457564.930413478985429 ], [ -8501733.242396969348192, 4457456.112442761659622 ], [ -8501511.108529711142182, 4457335.503593452274799 ], [ -8501295.591268658638, 4457203.43444602098316 ], [ -8501087.281331643462181, 4457060.266992823220789 ], [ -8500886.74968172237277, 4456906.3936458947137 ], [ -8500694.545962210744619, 4456742.236161385662854 ], [ -8500511.196990141645074, 4456568.244483549147844 ], [ -8500337.205312306061387, 4456384.895511480979621 ], [ -8500173.047827797010541, 4456192.69179196935147 ], [ -8500019.174480868503451, 4455992.16014204826206 ], [ -8499876.007027670741081, 4455783.85020503308624 ], [ -8499743.937880240380764, 4455568.332943980582058 ], [ -8499623.329030929133296, 4455346.199076723307371 ], [ -8499514.511060211807489, 4455118.057456750422716 ], [ -8499417.782230582088232, 4454884.53340438567102 ], [ -8499333.40766903758049, 4454646.266992823220789 ], [ -8499261.618640387430787, 4454403.911293735727668 ], [ -8499202.611913368105888, 4454158.130587249062955 ], [ -8499156.549221318215132, 4453909.598541194573045 ], [ -8499123.556818872690201, 4453658.99636463727802 ], [ -8499103.72513591684401, 4453407.010940721258521 ], [ -8499097.108529711142182, 4453154.332943980582058 ] ] ] } },
{ "type": "Feature", "properties": { "facility_name": "I-95 Energy/Resource Recovery Facility (Fairfax)", "state": "VA" }, "geometry": { "type": "Polygon", "coordinates": [ [ [ -8593242.962992038577795, 4677606.949132746085525 ], [ -8593249.579598244279623, 4677354.271136005409062 ], [ -8593269.411281200125813, 4677102.285712089389563 ], [ -8593302.403683645650744, 4676851.683535532094538 ], [ -8593348.466375695541501, 4676603.151489477604628 ], [ -8593407.4731027148664, 4676357.370782990939915 ], [ -8593479.262131365016103, 4676115.015083903446794 ], [ -8593563.636692909523845, 4675876.748672340996563 ], [ -8593660.365522539243102, 4675643.224619976244867 ], [ -8593769.183493256568909, 4675415.083000003360212 ], [ -8593889.792342567816377, 4675192.949132746085525 ], [ -8594021.861489998176694, 4674977.431871693581343 ], [ -8594165.028943195939064, 4674769.121934678405523 ], [ -8594318.902290124446154, 4674568.590284757316113 ], [ -8594483.059774633497, 4674376.386565245687962 ], [ -8594657.051452469080687, 4674193.037593177519739 ], [ -8594840.400424538180232, 4674019.045915341004729 ], [ -8595032.604144049808383, 4673854.888430831953883 ], [ -8595233.135793970897794, 4673701.015083903446794 ], [ -8595441.445730986073613, 4673557.847630705684423 ], [ -8595656.962992038577795, 4673425.778483274392784 ], [ -8595879.096859296783805, 4673305.169633965007961 ], [ -8596107.238479267805815, 4673196.351663247682154 ], [ -8596340.762531634420156, 4673099.622833617962897 ], [ -8596579.028943195939064, 4673015.248272073455155 ], [ -8596821.384642284363508, 4672943.459243422374129 ], [ -8597067.165348770096898, 4672884.452516403049231 ], [ -8597315.697394823655486, 4672838.389824353158474 ], [ -8597566.299571381881833, 4672805.397421907633543 ], [ -8597818.28499529697001, 4672785.56573895085603 ], [ -8598070.962992038577795, 4672778.949132746085525 ], [ -8598323.64098878018558, 4672785.56573895085603 ], [ -8598575.626412695273757, 4672805.397421907633543 ], [ -8598826.228589253500104, 4672838.389824353158474 ], [ -8599074.760635307058692, 4672884.452516403049231 ], [ -8599320.541341792792082, 4672943.459243422374129 ], [ -8599562.897040881216526, 4673015.248272073455155 ], [ -8599801.163452442735434, 4673099.622833617962897 ], [ -8600034.687504809349775, 4673196.351663247682154 ], [ -8600262.829124780371785, 4673305.169633965007961 ], [ -8600484.962992038577795, 4673425.778483274392784 ], [ -8600700.480253091081977, 4673557.847630705684423 ], [ -8600908.790190106257796, 4673701.015083903446794 ], [ -8601109.321840027347207, 4673854.888430831953883 ], [ -8601301.525559538975358, 4674019.045915341004729 ], [ -8601484.874531608074903, 4674193.037593177519739 ], [ -8601658.86620944365859, 4674376.386565245687962 ], [ -8601823.023693952709436, 4674568.590284757316113 ], [ -8601976.897040881216526, 4674769.121934678405523 ], [ -8602120.064494078978896, 4674977.431871693581343 ], [ -8602252.133641509339213, 4675192.949132746085525 ], [ -8602372.742490820586681, 4675415.083000003360212 ], [ -8602481.560461537912488, 4675643.224619976244867 ], [ -8602578.289291167631745, 4675876.748672340996563 ], [ -8602662.663852712139487, 4676115.015083903446794 ], [ -8602734.45288136228919, 4676357.370782990939915 ], [ -8602793.459608381614089, 4676603.151489477604628 ], [ -8602839.522300431504846, 4676851.683535532094538 ], [ -8602872.514702877029777, 4677102.285712089389563 ], [ -8602892.346385832875967, 4677354.271136005409062 ], [ -8602898.962992038577795, 4677606.949132746085525 ], [ -8602892.346385832875967, 4677859.627129486761987 ], [ -8602872.514702877029777, 4678111.612553401850164 ], [ -8602839.522300431504846, 4678362.214729960076511 ], [ -8602793.459608381614089, 4678610.746776014566422 ], [ -8602734.45288136228919, 4678856.527482501231134 ], [ -8602662.663852712139487, 4679098.883181588724256 ], [ -8602578.289291167631745, 4679337.149593151174486 ], [ -8602481.560461537912488, 4679570.673645515926182 ], [ -8602372.742490820586681, 4679798.815265488810837 ], [ -8602252.133641509339213, 4680020.949132746085525 ], [ -8602120.064494078978896, 4680236.466393798589706 ], [ -8601976.897040881216526, 4680444.776330813765526 ], [ -8601823.023693952709436, 4680645.307980734854937 ], [ -8601658.86620944365859, 4680837.511700246483088 ], [ -8601484.874531608074903, 4681020.86067231465131 ], [ -8601301.525559538975358, 4681194.85235015116632 ], [ -8601109.321840027347207, 4681359.009834660217166 ], [ -8600908.790190106257796, 4681512.883181588724256 ], [ -8600700.480253091081977, 4681656.050634786486626 ], [ -8600484.962992038577795, 4681788.119782217778265 ], [ -8600262.829124780371785, 4681908.728631527163088 ], [ -8600034.687504809349775, 4682017.546602244488895 ], [ -8599801.163452442735434, 4682114.275431874208152 ], [ -8599562.897040881216526, 4682198.649993418715894 ], [ -8599320.541341792792082, 4682270.43902206979692 ], [ -8599074.760635307058692, 4682329.445749089121819 ], [ -8598826.228589253500104, 4682375.508441139012575 ], [ -8598575.626412695273757, 4682408.500843584537506 ], [ -8598323.64098878018558, 4682428.332526541315019 ], [ -8598070.962992038577795, 4682434.949132746085525 ], [ -8597818.28499529697001, 4682428.332526541315019 ], [ -8597566.299571381881833, 4682408.500843584537506 ], [ -8597315.697394823655486, 4682375.508441139012575 ], [ -8597067.165348770096898, 4682329.445749089121819 ], [ -8596821.384642284363508, 4682270.43902206979692 ], [ -8596579.028943195939064, 4682198.649993418715894 ], [ -8596340.762531634420156, 4682114.275431874208152 ], [ -8596107.238479267805815, 4682017.546602244488895 ], [ -8595879.096859296783805, 4681908.728631527163088 ], [ -8595656.962992038577795, 4681788.119782217778265 ], [ -8595441.445730986073613, 4681656.050634786486626 ], [ -8595233.135793970897794, 4681512.883181588724256 ], [ -8595032.604144049808383, 4681359.009834660217166 ], [ -8594840.400424538180232, 4681194.85235015116632 ], [ -8594657.051452469080687, 4681020.86067231465131 ], [ -8594483.059774633497, 4680837.511700246483088 ], [ -8594318.902290124446154, 4680645.307980734854937 ], [ -8594165.028943195939064, 4680444.776330813765526 ], [ -8594021.861489998176694, 4680236.466393798589706 ], [ -8593889.792342567816377, 4680020.949132746085525 ], [ -8593769.183493256568909, 4679798.815265488810837 ], [ -8593660.365522539243102, 4679570.673645515926182 ], [ -8593563.636692909523845, 4679337.149593151174486 ], [ -8593479.262131365016103, 4679098.883181588724256 ], [ -8593407.4731027148664, 4678856.527482501231134 ], [ -8593348.466375695541501, 4678610.746776014566422 ], [ -8593302.403683645650744, 4678362.214729960076511 ], [ -8593269.411281200125813, 4678111.612553402781487 ], [ -8593249.579598244279623, 4677859.627129486761987 ], [ -8593242.962992038577795, 4677606.949132746085525 ] ] ] } },
{ "type": "Feature", "properties": { "facility_name": "Wheelabrator Portsmouth", "state": "VA" }, "geometry": { "type": "Polygon", "coordinates": [ [ [ -8489528.196420611813664, 4412139.562034379690886 ], [ -8489534.813026817515492, 4411886.884037639014423 ], [ -8489554.644709773361683, 4411634.898613722994924 ], [ -8489587.637112218886614, 4411384.296437165699899 ], [ -8489633.69980426877737, 4411135.764391111209989 ], [ -8489692.706531288102269, 4410889.983684624545276 ], [ -8489764.495559938251972, 4410647.627985537052155 ], [ -8489848.870121482759714, 4410409.361573974601924 ], [ -8489945.598951112478971, 4410175.837521609850228 ], [ -8490054.416921829804778, 4409947.695901636965573 ], [ -8490175.025771141052246, 4409725.562034379690886 ], [ -8490307.094918571412563, 4409510.044773327186704 ], [ -8490450.262371769174933, 4409301.734836312010884 ], [ -8490604.135718697682023, 4409101.203186390921474 ], [ -8490768.293203206732869, 4408908.999466879293323 ], [ -8490942.284881042316556, 4408725.6504948111251 ], [ -8491125.633853111416101, 4408551.65881697461009 ], [ -8491317.837572623044252, 4408387.501332465559244 ], [ -8491518.369222544133663, 4408233.627985537052155 ], [ -8491726.679159559309483, 4408090.460532339289784 ], [ -8491942.196420611813664, 4407958.391384907998145 ], [ -8492164.330287870019674, 4407837.782535598613322 ], [ -8492392.471907841041684, 4407728.964564881287515 ], [ -8492625.995960207656026, 4407632.235735251568258 ], [ -8492864.262371769174933, 4407547.861173707060516 ], [ -8493106.618070857599378, 4407476.07214505597949 ], [ -8493352.398777343332767, 4407417.065418036654592 ], [ -8493600.930823396891356, 4407371.002725986763835 ], [ -8493851.532999955117702, 4407338.010323541238904 ], [ -8494103.518423870205879, 4407318.178640584461391 ], [ -8494356.196420611813664, 4407311.562034379690886 ], [ -8494608.87441735342145, 4407318.178640584461391 ], [ -8494860.859841268509626, 4407338.010323541238904 ], [ -8495111.462017826735973, 4407371.002725986763835 ], [ -8495359.994063880294561, 4407417.065418036654592 ], [ -8495605.774770366027951, 4407476.07214505597949 ], [ -8495848.130469454452395, 4407547.861173707060516 ], [ -8496086.396881015971303, 4407632.235735251568258 ], [ -8496319.920933382585645, 4407728.964564881287515 ], [ -8496548.062553353607655, 4407837.782535598613322 ], [ -8496770.196420611813664, 4407958.391384907998145 ], [ -8496985.713681664317846, 4408090.460532339289784 ], [ -8497194.023618679493666, 4408233.627985537052155 ], [ -8497394.555268600583076, 4408387.501332465559244 ], [ -8497586.758988112211227, 4408551.65881697461009 ], [ -8497770.107960181310773, 4408725.6504948111251 ], [ -8497944.09963801689446, 4408908.999466879293323 ], [ -8498108.257122525945306, 4409101.203186390921474 ], [ -8498262.130469454452395, 4409301.734836312010884 ], [ -8498405.297922652214766, 4409510.044773327186704 ], [ -8498537.367070082575083, 4409725.562034379690886 ], [ -8498657.975919393822551, 4409947.695901636965573 ], [ -8498766.793890111148357, 4410175.837521609850228 ], [ -8498863.522719740867615, 4410409.361573974601924 ], [ -8498947.897281285375357, 4410647.627985537052155 ], [ -8499019.68630993552506, 4410889.983684624545276 ], [ -8499078.693036954849958, 4411135.764391111209989 ], [ -8499124.755729004740715, 4411384.296437165699899 ], [ -8499157.748131450265646, 4411634.898613722994924 ], [ -8499177.579814406111836, 4411886.884037639014423 ], [ -8499184.196420611813664, 4412139.562034379690886 ], [ -8499177.579814406111836, 4412392.240031120367348 ], [ -8499157.748131450265646, 4412644.225455035455525 ], [ -8499124.755729004740715, 4412894.827631593681872 ], [ -8499078.693036954849958, 4413143.359677648171782 ], [ -8499019.68630993552506, 4413389.140384134836495 ], [ -8498947.897281285375357, 4413631.496083222329617 ], [ -8498863.522719740867615, 4413869.762494784779847 ], [ -8498766.793890111148357, 4414103.286547149531543 ], [ -8498657.975919393822551, 4414331.428167122416198 ], [ -8498537.367070082575083, 4414553.562034379690886 ], [ -8498405.297922652214766, 4414769.079295432195067 ], [ -8498262.130469454452395, 4414977.389232447370887 ], [ -8498108.257122525945306, 4415177.920882368460298 ], [ -8497944.09963801689446, 4415370.124601880088449 ], [ -8497770.107960181310773, 4415553.473573948256671 ], [ -8497586.758988112211227, 4415727.465251784771681 ], [ -8497394.555268600583076, 4415891.622736293822527 ], [ -8497194.023618679493666, 4416045.496083222329617 ], [ -8496985.713681664317846, 4416188.663536420091987 ], [ -8496770.196420611813664, 4416320.732683851383626 ], [ -8496548.062553353607655, 4416441.341533160768449 ], [ -8496319.920933382585645, 4416550.159503878094256 ], [ -8496086.396881015971303, 4416646.888333507813513 ], [ -8495848.130469454452395, 4416731.262895052321255 ], [ -8495605.774770366027951, 4416803.051923703402281 ], [ -8495359.994063880294561, 4416862.05865072272718 ], [ -8495111.462017826735973, 4416908.121342772617936 ], [ -8494860.859841268509626, 4416941.113745218142867 ], [ -8494608.87441735342145, 4416960.94542817492038 ], [ -8494356.196420611813664, 4416967.562034379690886 ], [ -8494103.518423870205879, 4416960.94542817492038 ], [ -8493851.532999955117702, 4416941.113745218142867 ], [ -8493600.930823396891356, 4416908.121342772617936 ], [ -8493352.398777343332767, 4416862.05865072272718 ], [ -8493106.618070857599378, 4416803.051923703402281 ], [ -8492864.262371769174933, 4416731.262895052321255 ], [ -8492625.995960207656026, 4416646.888333507813513 ], [ -8492392.471907841041684, 4416550.159503878094256 ], [ -8492164.330287870019674, 4416441.341533160768449 ], [ -8491942.196420611813664, 4416320.732683851383626 ], [ -8491726.679159559309483, 4416188.663536420091987 ], [ -8491518.369222544133663, 4416045.496083222329617 ], [ -8491317.837572623044252, 4415891.622736293822527 ], [ -8491125.633853111416101, 4415727.465251784771681 ], [ -8490942.284881042316556, 4415553.473573948256671 ], [ -8490768.293203206732869, 4415370.124601880088449 ], [ -8490604.135718697682023, 4415177.920882368460298 ], [ -8490450.262371769174933, 4414977.389232447370887 ], [ -8490307.094918571412563, 4414769.079295432195067 ], [ -8490175.025771141052246, 4414553.562034379690886 ], [ -8490054.416921829804778, 4414331.428167122416198 ], [ -8489945.598951112478971, 4414103.286547149531543 ], [ -8489848.870121482759714, 4413869.762494784779847 ], [ -8489764.495559938251972, 4413631.496083222329617 ], [ -8489692.706531288102269, 4413389.140384134836495 ], [ -8489633.69980426877737, 4413143.359677648171782 ], [ -8489587.637112218886614, 4412894.827631593681872 ], [ -8489554.644709773361683, 4412644.225455036386847 ], [ -8489534.813026817515492, 4412392.240031120367348 ], [ -8489528.196420611813664, 4412139.562034379690886 ] ] ] } },
{ "type": "Feature", "properties": { "facility_name": "Spokane Waste-to-Energy Facility", "state": "WA" }, "geometry": { "type": "Polygon", "coordinates": [ [ [ -13074318.484205607324839, 6046649.48835767339915 ], [ -13074325.100811813026667, 6046396.810360932722688 ], [ -13074344.932494768872857, 6046144.824937016703188 ], [ -13074377.924897214397788, 6045894.222760459408164 ], [ -13074423.987589264288545, 6045645.690714404918253 ], [ -13074482.994316283613443, 6045399.910007918253541 ], [ -13074554.783344933763146, 6045157.554308830760419 ], [ -13074639.157906478270888, 6044919.287897268310189 ], [ -13074735.886736107990146, 6044685.763844903558493 ], [ -13074844.704706825315952, 6044457.622224930673838 ], [ -13074965.31355613656342, 6044235.48835767339915 ], [ -13075097.382703566923738, 6044019.971096620894969 ], [ -13075240.550156764686108, 6043811.661159605719149 ], [ -13075394.423503693193197, 6043611.129509684629738 ], [ -13075558.580988202244043, 6043418.925790173001587 ], [ -13075732.57266603782773, 6043235.576818104833364 ], [ -13075915.921638106927276, 6043061.585140268318355 ], [ -13076108.125357618555427, 6042897.427655759267509 ], [ -13076308.657007539644837, 6042743.554308830760419 ], [ -13076516.966944554820657, 6042600.386855632998049 ], [ -13076732.484205607324839, 6042468.317708201706409 ], [ -13076954.618072865530849, 6042347.708858892321587 ], [ -13077182.759692836552858, 6042238.89088817499578 ], [ -13077416.2837452031672, 6042142.162058545276523 ], [ -13077654.550156764686108, 6042057.787497000768781 ], [ -13077896.905855853110552, 6041985.998468349687755 ], [ -13078142.686562338843942, 6041926.991741330362856 ], [ -13078391.21860839240253, 6041880.9290492804721 ], [ -13078641.820784950628877, 6041847.936646834947169 ], [ -13078893.806208865717053, 6041828.104963878169656 ], [ -13079146.484205607324839, 6041821.48835767339915 ], [ -13079399.162202348932624, 6041828.104963878169656 ], [ -13079651.147626264020801, 6041847.936646834947169 ], [ -13079901.749802822247148, 6041880.9290492804721 ], [ -13080150.281848875805736, 6041926.991741330362856 ], [ -13080396.062555361539125, 6041985.998468349687755 ], [ -13080638.41825444996357, 6042057.787497000768781 ], [ -13080876.684666011482477, 6042142.162058545276523 ], [ -13081110.208718378096819, 6042238.89088817499578 ], [ -13081338.350338349118829, 6042347.708858892321587 ], [ -13081560.484205607324839, 6042468.317708201706409 ], [ -13081776.001466659829021, 6042600.386855632998049 ], [ -13081984.31140367500484, 6042743.554308830760419 ], [ -13082184.843053596094251, 6042897.427655759267509 ], [ -13082377.046773107722402, 6043061.585140268318355 ], [ -13082560.395745176821947, 6043235.576818104833364 ], [ -13082734.387423012405634, 6043418.925790173001587 ], [ -13082898.54490752145648, 6043611.129509684629738 ], [ -13083052.41825444996357, 6043811.661159605719149 ], [ -13083195.58570764772594, 6044019.971096620894969 ], [ -13083327.654855078086257, 6044235.48835767339915 ], [ -13083448.263704389333725, 6044457.622224930673838 ], [ -13083557.081675106659532, 6044685.763844903558493 ], [ -13083653.810504736378789, 6044919.287897268310189 ], [ -13083738.185066280886531, 6045157.554308830760419 ], [ -13083809.974094931036234, 6045399.910007918253541 ], [ -13083868.980821950361133, 6045645.690714404918253 ], [ -13083915.043514, 6045894.222760459408164 ], [ -13083948.03591644577682, 6046144.824937016703188 ], [ -13083967.867599401623011, 6046396.810360932722688 ], [ -13083974.484205607324839, 6046649.48835767339915 ], [ -13083967.867599401623011, 6046902.166354414075613 ], [ -13083948.03591644577682, 6047154.15177832916379 ], [ -13083915.043514, 6047404.753954887390137 ], [ -13083868.980821950361133, 6047653.286000941880047 ], [ -13083809.974094931036234, 6047899.06670742854476 ], [ -13083738.185066280886531, 6048141.422406516037881 ], [ -13083653.810504736378789, 6048379.688818078488111 ], [ -13083557.081675106659532, 6048613.212870443239808 ], [ -13083448.263704389333725, 6048841.354490416124463 ], [ -13083327.654855078086257, 6049063.48835767339915 ], [ -13083195.58570764772594, 6049279.005618725903332 ], [ -13083052.41825444996357, 6049487.315555741079152 ], [ -13082898.54490752145648, 6049687.847205662168562 ], [ -13082734.387423012405634, 6049880.050925173796713 ], [ -13082560.395745176821947, 6050063.399897241964936 ], [ -13082377.046773107722402, 6050237.391575078479946 ], [ -13082184.843053596094251, 6050401.549059587530792 ], [ -13081984.31140367500484, 6050555.422406516037881 ], [ -13081776.001466659829021, 6050698.589859713800251 ], [ -13081560.484205607324839, 6050830.659007145091891 ], [ -13081338.350338349118829, 6050951.267856454476714 ], [ -13081110.208718378096819, 6051060.085827171802521 ], [ -13080876.684666011482477, 6051156.814656801521778 ], [ -13080638.41825444996357, 6051241.18921834602952 ], [ -13080396.062555361539125, 6051312.978246997110546 ], [ -13080150.281848875805736, 6051371.984974016435444 ], [ -13079901.749802822247148, 6051418.047666066326201 ], [ -13079651.147626264020801, 6051451.040068511851132 ], [ -13079399.162202348932624, 6051470.871751468628645 ], [ -13079146.484205607324839, 6051477.48835767339915 ], [ -13078893.806208865717053, 6051470.871751468628645 ], [ -13078641.820784950628877, 6051451.040068511851132 ], [ -13078391.21860839240253, 6051418.047666066326201 ], [ -13078142.686562338843942, 6051371.984974016435444 ], [ -13077896.905855853110552, 6051312.978246997110546 ], [ -13077654.550156764686108, 6051241.18921834602952 ], [ -13077416.2837452031672, 6051156.814656801521778 ], [ -13077182.759692836552858, 6051060.085827171802521 ], [ -13076954.618072865530849, 6050951.267856454476714 ], [ -13076732.484205607324839, 6050830.659007145091891 ], [ -13076516.966944554820657, 6050698.589859713800251 ], [ -13076308.657007539644837, 6050555.422406516037881 ], [ -13076108.125357618555427, 6050401.549059587530792 ], [ -13075915.921638106927276, 6050237.391575078479946 ], [ -13075732.57266603782773, 6050063.399897241964936 ], [ -13075558.580988202244043, 6049880.050925173796713 ], [ -13075394.423503693193197, 6049687.847205662168562 ], [ -13075240.550156764686108, 6049487.315555741079152 ], [ -13075097.382703566923738, 6049279.005618725903332 ], [ -13074965.31355613656342, 6049063.48835767339915 ], [ -13074844.704706825315952, 6048841.354490416124463 ], [ -13074735.886736107990146, 6048613.212870443239808 ], [ -13074639.157906478270888, 6048379.688818078488111 ], [ -13074554.783344933763146, 6048141.422406516037881 ], [ -13074482.994316283613443, 6047899.06670742854476 ], [ -13074423.987589264288545, 6047653.286000941880047 ], [ -13074377.924897214397788, 6047404.753954887390137 ], [ -13074344.932494768872857, 6047154.151778330095112 ], [ -13074325.100811813026667, 6046902.166354414075613 ], [ -13074318.484205607324839, 6046649.48835767339915 ] ] ] } },
{ "type": "Feature", "properties": { "facility_name": "Barron County Waste-to-Energy & Recycling Facility", "state": "WI" }, "geometry": { "type": "Polygon", "coordinates": [ [ [ -10240818.737516073510051, 5678230.252366404049098 ], [ -10240825.354122279211879, 5677977.574369663372636 ], [ -10240845.185805235058069, 5677725.588945747353137 ], [ -10240878.178207680583, 5677474.986769190058112 ], [ -10240924.240899730473757, 5677226.454723135568202 ], [ -10240983.247626749798656, 5676980.674016648903489 ], [ -10241055.036655399948359, 5676738.318317561410367 ], [ -10241139.4112169444561, 5676500.051905998960137 ], [ -10241236.140046574175358, 5676266.527853634208441 ], [ -10241344.958017291501164, 5676038.386233661323786 ], [ -10241465.566866602748632, 5675816.252366404049098 ], [ -10241597.63601403310895, 5675600.735105351544917 ], [ -10241740.80346723087132, 5675392.425168336369097 ], [ -10241894.676814159378409, 5675191.893518415279686 ], [ -10242058.834298668429255, 5674999.689798903651536 ], [ -10242232.825976504012942, 5674816.340826835483313 ], [ -10242416.174948573112488, 5674642.349148998968303 ], [ -10242608.378668084740639, 5674478.191664489917457 ], [ -10242808.91031800583005, 5674324.318317561410367 ], [ -10243017.220255021005869, 5674181.150864363647997 ], [ -10243232.737516073510051, 5674049.081716932356358 ], [ -10243454.871383331716061, 5673928.472867622971535 ], [ -10243683.01300330273807, 5673819.654896905645728 ], [ -10243916.537055669352412, 5673722.926067275926471 ], [ -10244154.80346723087132, 5673638.551505731418729 ], [ -10244397.159166319295764, 5673566.762477080337703 ], [ -10244642.939872805029154, 5673507.755750061012805 ], [ -10244891.471918858587742, 5673461.693058011122048 ], [ -10245142.074095416814089, 5673428.700655565597117 ], [ -10245394.059519331902266, 5673408.868972608819604 ], [ -10245646.737516073510051, 5673402.252366404049098 ], [ -10245899.415512815117836, 5673408.868972608819604 ], [ -10246151.400936730206013, 5673428.700655565597117 ], [ -10246402.00311328843236, 5673461.693058011122048 ], [ -10246650.535159341990948, 5673507.755750061012805 ], [ -10246896.315865827724338, 5673566.762477080337703 ], [ -10247138.671564916148782, 5673638.551505731418729 ], [ -10247376.937976477667689, 5673722.926067275926471 ], [ -10247610.462028844282031, 5673819.654896905645728 ], [ -10247838.603648815304041, 5673928.472867622971535 ], [ -10248060.737516073510051, 5674049.081716932356358 ], [ -10248276.254777126014233, 5674181.150864363647997 ], [ -10248484.564714141190052, 5674324.318317561410367 ], [ -10248685.096364062279463, 5674478.191664489917457 ], [ -10248877.300083573907614, 5674642.349148998968303 ], [ -10249060.649055643007159, 5674816.340826835483313 ], [ -10249234.640733478590846, 5674999.689798903651536 ], [ -10249398.798217987641692, 5675191.893518415279686 ], [ -10249552.671564916148782, 5675392.425168336369097 ], [ -10249695.839018113911152, 5675600.735105351544917 ], [ -10249827.908165544271469, 5675816.252366404049098 ], [ -10249948.517014855518937, 5676038.386233661323786 ], [ -10250057.334985572844744, 5676266.527853634208441 ], [ -10250154.063815202564001, 5676500.051905998960137 ], [ -10250238.438376747071743, 5676738.318317561410367 ], [ -10250310.227405397221446, 5676980.674016648903489 ], [ -10250369.234132416546345, 5677226.454723135568202 ], [ -10250415.296824466437101, 5677474.986769190058112 ], [ -10250448.289226911962032, 5677725.588945747353137 ], [ -10250468.120909867808223, 5677977.574369663372636 ], [ -10250474.737516073510051, 5678230.252366404049098 ], [ -10250468.120909867808223, 5678482.930363144725561 ], [ -10250448.289226911962032, 5678734.915787059813738 ], [ -10250415.296824466437101, 5678985.517963618040085 ], [ -10250369.234132416546345, 5679234.050009672529995 ], [ -10250310.227405397221446, 5679479.830716159194708 ], [ -10250238.438376747071743, 5679722.186415246687829 ], [ -10250154.063815202564001, 5679960.45282680913806 ], [ -10250057.334985572844744, 5680193.976879173889756 ], [ -10249948.517014855518937, 5680422.118499146774411 ], [ -10249827.908165544271469, 5680644.252366404049098 ], [ -10249695.839018113911152, 5680859.76962745655328 ], [ -10249552.671564916148782, 5681068.0795644717291 ], [ -10249398.798217987641692, 5681268.611214392818511 ], [ -10249234.640733478590846, 5681460.814933904446661 ], [ -10249060.649055643007159, 5681644.163905972614884 ], [ -10248877.300083573907614, 5681818.155583809129894 ], [ -10248685.096364062279463, 5681982.31306831818074 ], [ -10248484.564714141190052, 5682136.186415246687829 ], [ -10248276.254777126014233, 5682279.3538684444502 ], [ -10248060.737516073510051, 5682411.423015875741839 ], [ -10247838.603648815304041, 5682532.031865185126662 ], [ -10247610.462028844282031, 5682640.849835902452469 ], [ -10247376.937976477667689, 5682737.578665532171726 ], [ -10247138.671564916148782, 5682821.953227076679468 ], [ -10246896.315865827724338, 5682893.742255727760494 ], [ -10246650.535159341990948, 5682952.748982747085392 ], [ -10246402.00311328843236, 5682998.811674796976149 ], [ -10246151.400936730206013, 5683031.80407724250108 ], [ -10245899.415512815117836, 5683051.635760199278593 ], [ -10245646.737516073510051, 5683058.252366404049098 ], [ -10245394.059519331902266, 5683051.635760199278593 ], [ -10245142.074095416814089, 5683031.80407724250108 ], [ -10244891.471918858587742, 5682998.811674796976149 ], [ -10244642.939872805029154, 5682952.748982747085392 ], [ -10244397.159166319295764, 5682893.742255727760494 ], [ -10244154.80346723087132, 5682821.953227076679468 ], [ -10243916.537055669352412, 5682737.578665532171726 ], [ -10243683.01300330273807, 5682640.849835902452469 ], [ -10243454.871383331716061, 5682532.031865185126662 ], [ -10243232.737516073510051, 5682411.423015875741839 ], [ -10243017.220255021005869, 5682279.3538684444502 ], [ -10242808.91031800583005, 5682136.186415246687829 ], [ -10242608.378668084740639, 5681982.31306831818074 ], [ -10242416.174948573112488, 5681818.155583809129894 ], [ -10242232.825976504012942, 5681644.163905972614884 ], [ -10242058.834298668429255, 5681460.814933904446661 ], [ -10241894.676814159378409, 5681268.611214392818511 ], [ -10241740.80346723087132, 5681068.0795644717291 ], [ -10241597.63601403310895, 5680859.76962745655328 ], [ -10241465.566866602748632, 5680644.252366404049098 ], [ -10241344.958017291501164, 5680422.118499146774411 ], [ -10241236.140046574175358, 5680193.976879173889756 ], [ -10241139.4112169444561, 5679960.45282680913806 ], [ -10241055.036655399948359, 5679722.186415246687829 ], [ -10240983.247626749798656, 5679479.830716159194708 ], [ -10240924.240899730473757, 5679234.050009672529995 ], [ -10240878.178207680583, 5678985.517963618040085 ], [ -10240845.185805235058069, 5678734.91578706074506 ], [ -10240825.354122279211879, 5678482.930363144725561 ], [ -10240818.737516073510051, 5678230.252366404049098 ] ] ] } },
{ "type": "Feature", "properties": { "facility_name": "Xcel Energy French Island Generating Station", "state": "WI" }, "geometry": { "type": "Polygon", "coordinates": [ [ [ -10154247.005547577515244, 5439300.505341973155737 ], [ -10154253.622153783217072, 5439047.827345232479274 ], [ -10154273.453836739063263, 5438795.841921316459775 ], [ -10154306.446239184588194, 5438545.239744759164751 ], [ -10154352.508931234478951, 5438296.70769870467484 ], [ -10154411.515658253803849, 5438050.926992218010128 ], [ -10154483.304686903953552, 5437808.571293130517006 ], [ -10154567.679248448461294, 5437570.304881568066776 ], [ -10154664.408078078180552, 5437336.780829203315079 ], [ -10154773.226048795506358, 5437108.639209230430424 ], [ -10154893.834898106753826, 5436886.505341973155737 ], [ -10155025.904045537114143, 5436670.988080920651555 ], [ -10155169.071498734876513, 5436462.678143905475736 ], [ -10155322.944845663383603, 5436262.146493984386325 ], [ -10155487.102330172434449, 5436069.942774472758174 ], [ -10155661.094008008018136, 5435886.593802404589951 ], [ -10155844.442980077117682, 5435712.602124568074942 ], [ -10156036.646699588745832, 5435548.444640059024096 ], [ -10156237.178349509835243, 5435394.571293130517006 ], [ -10156445.488286525011063, 5435251.403839932754636 ], [ -10156661.005547577515244, 5435119.334692501462996 ], [ -10156883.139414835721254, 5434998.725843192078173 ], [ -10157111.281034806743264, 5434889.907872474752367 ], [ -10157344.805087173357606, 5434793.179042845033109 ], [ -10157583.071498734876513, 5434708.804481300525367 ], [ -10157825.427197823300958, 5434637.015452649444342 ], [ -10158071.207904309034348, 5434578.008725630119443 ], [ -10158319.739950362592936, 5434531.946033580228686 ], [ -10158570.342126920819283, 5434498.953631134703755 ], [ -10158822.327550835907459, 5434479.121948177926242 ], [ -10159075.005547577515244, 5434472.505341973155737 ], [ -10159327.68354431912303, 5434479.121948177926242 ], [ -10159579.668968234211206, 5434498.953631134703755 ], [ -10159830.271144792437553, 5434531.946033580228686 ], [ -10160078.803190845996141, 5434578.008725630119443 ], [ -10160324.583897331729531, 5434637.015452649444342 ], [ -10160566.939596420153975, 5434708.804481300525367 ], [ -10160805.206007981672883, 5434793.179042845033109 ], [ -10161038.730060348287225, 5434889.907872474752367 ], [ -10161266.871680319309235, 5434998.725843192078173 ], [ -10161489.005547577515244, 5435119.334692501462996 ], [ -10161704.522808630019426, 5435251.403839932754636 ], [ -10161912.832745645195246, 5435394.571293130517006 ], [ -10162113.364395566284657, 5435548.444640059024096 ], [ -10162305.568115077912807, 5435712.602124568074942 ], [ -10162488.917087147012353, 5435886.593802404589951 ], [ -10162662.90876498259604, 5436069.942774472758174 ], [ -10162827.066249491646886, 5436262.146493984386325 ], [ -10162980.939596420153975, 5436462.678143905475736 ], [ -10163124.107049617916346, 5436670.988080920651555 ], [ -10163256.176197048276663, 5436886.505341973155737 ], [ -10163376.785046359524131, 5437108.639209230430424 ], [ -10163485.603017076849937, 5437336.780829203315079 ], [ -10163582.331846706569195, 5437570.304881568066776 ], [ -10163666.706408251076937, 5437808.571293130517006 ], [ -10163738.49543690122664, 5438050.926992218010128 ], [ -10163797.502163920551538, 5438296.70769870467484 ], [ -10163843.564855970442295, 5438545.239744759164751 ], [ -10163876.557258415967226, 5438795.841921316459775 ], [ -10163896.388941371813416, 5439047.827345232479274 ], [ -10163903.005547577515244, 5439300.505341973155737 ], [ -10163896.388941371813416, 5439553.1833387138322 ], [ -10163876.557258415967226, 5439805.168762628920376 ], [ -10163843.564855970442295, 5440055.770939187146723 ], [ -10163797.502163920551538, 5440304.302985241636634 ], [ -10163738.49543690122664, 5440550.083691728301346 ], [ -10163666.706408251076937, 5440792.439390815794468 ], [ -10163582.331846706569195, 5441030.705802378244698 ], [ -10163485.603017076849937, 5441264.229854742996395 ], [ -10163376.785046359524131, 5441492.37147471588105 ], [ -10163256.176197048276663, 5441714.505341973155737 ], [ -10163124.107049617916346, 5441930.022603025659919 ], [ -10162980.939596420153975, 5442138.332540040835738 ], [ -10162827.066249491646886, 5442338.864189961925149 ], [ -10162662.90876498259604, 5442531.0679094735533 ], [ -10162488.917087147012353, 5442714.416881541721523 ], [ -10162305.568115077912807, 5442888.408559378236532 ], [ -10162113.364395566284657, 5443052.566043887287378 ], [ -10161912.832745645195246, 5443206.439390815794468 ], [ -10161704.522808630019426, 5443349.606844013556838 ], [ -10161489.005547577515244, 5443481.675991444848478 ], [ -10161266.871680319309235, 5443602.284840754233301 ], [ -10161038.730060348287225, 5443711.102811471559107 ], [ -10160805.206007981672883, 5443807.831641101278365 ], [ -10160566.939596420153975, 5443892.206202645786107 ], [ -10160324.583897331729531, 5443963.995231296867132 ], [ -10160078.803190845996141, 5444023.001958316192031 ], [ -10159830.271144792437553, 5444069.064650366082788 ], [ -10159579.668968234211206, 5444102.057052811607718 ], [ -10159327.68354431912303, 5444121.888735768385231 ], [ -10159075.005547577515244, 5444128.505341973155737 ], [ -10158822.327550835907459, 5444121.888735768385231 ], [ -10158570.342126920819283, 5444102.057052811607718 ], [ -10158319.739950362592936, 5444069.064650366082788 ], [ -10158071.207904309034348, 5444023.001958316192031 ], [ -10157825.427197823300958, 5443963.995231296867132 ], [ -10157583.071498734876513, 5443892.206202645786107 ], [ -10157344.805087173357606, 5443807.831641101278365 ], [ -10157111.281034806743264, 5443711.102811471559107 ], [ -10156883.139414835721254, 5443602.284840754233301 ], [ -10156661.005547577515244, 5443481.675991444848478 ], [ -10156445.488286525011063, 5443349.606844013556838 ], [ -10156237.178349509835243, 5443206.439390815794468 ], [ -10156036.646699588745832, 5443052.566043887287378 ], [ -10155844.442980077117682, 5442888.408559378236532 ], [ -10155661.094008008018136, 5442714.416881541721523 ], [ -10155487.102330172434449, 5442531.0679094735533 ], [ -10155322.944845663383603, 5442338.864189961925149 ], [ -10155169.071498734876513, 5442138.332540040835738 ], [ -10155025.904045537114143, 5441930.022603025659919 ], [ -10154893.834898106753826, 5441714.505341973155737 ], [ -10154773.226048795506358, 5441492.37147471588105 ], [ -10154664.408078078180552, 5441264.229854742996395 ], [ -10154567.679248448461294, 5441030.705802378244698 ], [ -10154483.304686903953552, 5440792.439390815794468 ], [ -10154411.515658253803849, 5440550.083691728301346 ], [ -10154352.508931234478951, 5440304.302985241636634 ], [ -10154306.446239184588194, 5440055.770939187146723 ], [ -10154273.453836739063263, 5439805.168762629851699 ], [ -10154253.622153783217072, 5439553.1833387138322 ], [ -10154247.005547577515244, 5439300.505341973155737 ] ] ] } },
{ "type": "Feature", "properties": { "facility_name": "Huntsville Waste to Energy Facility", "state": "AL" }, "geometry": { "type": "Polygon", "coordinates": [ [ [ -9636587.55098782479763, 4119411.94700114056468 ], [ -9636594.167594030499458, 4119159.269004399422556 ], [ -9636613.999276986345649, 4118907.283580484334379 ], [ -9636646.99167943187058, 4118656.681403926108032 ], [ -9636693.054371481761336, 4118408.149357872549444 ], [ -9636752.061098501086235, 4118162.368651385419071 ], [ -9636823.850127151235938, 4117920.01295229839161 ], [ -9636908.22468869574368, 4117681.74654073594138 ], [ -9637004.953518325462937, 4117448.222488370724022 ], [ -9637113.771489042788744, 4117220.080868397839367 ], [ -9637234.380338354036212, 4116997.94700114056468 ], [ -9637366.449485784396529, 4116782.429740088060498 ], [ -9637509.616938982158899, 4116574.119803072419018 ], [ -9637663.490285910665989, 4116373.588153151795268 ], [ -9637827.647770419716835, 4116181.384433640167117 ], [ -9638001.639448255300522, 4115998.035461571998894 ], [ -9638184.988420324400067, 4115824.043783735483885 ], [ -9638377.192139836028218, 4115659.886299226433039 ], [ -9638577.723789757117629, 4115506.01295229839161 ], [ -9638786.033726772293448, 4115362.845499100163579 ], [ -9639001.55098782479763, 4115230.7763516693376 ], [ -9639223.68485508300364, 4115110.167502359021455 ], [ -9639451.82647505402565, 4115001.34953164216131 ], [ -9639685.350527420639992, 4114904.620702011976391 ], [ -9639923.616938982158899, 4114820.246140467468649 ], [ -9640165.972638070583344, 4114748.457111816853285 ], [ -9640411.753344556316733, 4114689.450384797528386 ], [ -9640660.285390609875321, 4114643.387692747171968 ], [ -9640910.887567168101668, 4114610.39529030257836 ], [ -9641162.872991083189845, 4114590.563607345335186 ], [ -9641415.55098782479763, 4114583.94700114056468 ], [ -9641668.228984566405416, 4114590.563607345335186 ], [ -9641920.214408481493592, 4114610.39529030257836 ], [ -9642170.816585039719939, 4114643.387692747171968 ], [ -9642419.348631093278527, 4114689.450384797528386 ], [ -9642665.129337579011917, 4114748.457111816853285 ], [ -9642907.485036667436361, 4114820.246140467468649 ], [ -9643145.751448228955269, 4114904.620702011976391 ], [ -9643379.275500595569611, 4115001.34953164216131 ], [ -9643607.41712056659162, 4115110.167502359021455 ], [ -9643829.55098782479763, 4115230.7763516693376 ], [ -9644045.068248877301812, 4115362.845499100163579 ], [ -9644253.378185892477632, 4115506.01295229839161 ], [ -9644453.909835813567042, 4115659.886299226433039 ], [ -9644646.113555325195193, 4115824.043783735483885 ], [ -9644829.462527394294739, 4115998.035461571998894 ], [ -9645003.454205229878426, 4116181.384433640167117 ], [ -9645167.611689738929272, 4116373.588153151795268 ], [ -9645321.485036667436361, 4116574.119803072419018 ], [ -9645464.652489865198731, 4116782.429740088060498 ], [ -9645596.721637295559049, 4116997.94700114056468 ], [ -9645717.330486606806517, 4117220.080868397839367 ], [ -9645826.148457324132323, 4117448.222488370724022 ], [ -9645922.877286953851581, 4117681.74654073594138 ], [ -9646007.251848498359323, 4117920.01295229839161 ], [ -9646079.040877148509026, 4118162.368651385419071 ], [ -9646138.047604167833924, 4118408.149357872549444 ], [ -9646184.110296217724681, 4118656.681403926108032 ], [ -9646217.102698663249612, 4118907.283580484334379 ], [ -9646236.934381619095802, 4119159.269004399422556 ], [ -9646243.55098782479763, 4119411.94700114056468 ], [ -9646236.934381619095802, 4119664.624997881706804 ], [ -9646217.102698663249612, 4119916.610421796794981 ], [ -9646184.110296217724681, 4120167.212598355021328 ], [ -9646138.047604167833924, 4120415.744644408579916 ], [ -9646079.040877148509026, 4120661.525350895710289 ], [ -9646007.251848498359323, 4120903.88104998273775 ], [ -9645922.877286953851581, 4121142.14746154518798 ], [ -9645826.148457324132323, 4121375.671513910405338 ], [ -9645717.330486606806517, 4121603.813133883289993 ], [ -9645596.721637295559049, 4121825.94700114056468 ], [ -9645464.652489865198731, 4122041.464262193068862 ], [ -9645321.485036667436361, 4122249.774199208710343 ], [ -9645167.611689738929272, 4122450.305849129334092 ], [ -9645003.454205229878426, 4122642.509568640962243 ], [ -9644829.462527394294739, 4122825.858540709130466 ], [ -9644646.113555325195193, 4122999.850218545645475 ], [ -9644453.909835813567042, 4123164.007703054696321 ], [ -9644253.378185892477632, 4123317.88104998273775 ], [ -9644045.068248877301812, 4123461.048503180965781 ], [ -9643829.55098782479763, 4123593.11765061179176 ], [ -9643607.41712056659162, 4123713.726499922107905 ], [ -9643379.275500595569611, 4123822.54447063896805 ], [ -9643145.751448228955269, 4123919.273300269152969 ], [ -9642907.485036667436361, 4124003.647861813660711 ], [ -9642665.129337579011917, 4124075.436890464276075 ], [ -9642419.348631093278527, 4124134.443617483600974 ], [ -9642170.816585039719939, 4124180.506309533957392 ], [ -9641920.214408481493592, 4124213.498711978551 ], [ -9641668.228984566405416, 4124233.330394935794175 ], [ -9641415.55098782479763, 4124239.94700114056468 ], [ -9641162.872991083189845, 4124233.330394935794175 ], [ -9640910.887567168101668, 4124213.498711978551 ], [ -9640660.285390609875321, 4124180.506309533957392 ], [ -9640411.753344556316733, 4124134.443617483600974 ], [ -9640165.972638070583344, 4124075.436890464276075 ], [ -9639923.616938982158899, 4124003.647861813660711 ], [ -9639685.350527420639992, 4123919.273300269152969 ], [ -9639451.82647505402565, 4123822.54447063896805 ], [ -9639223.68485508300364, 4123713.726499922107905 ], [ -9639001.55098782479763, 4123593.11765061179176 ], [ -9638786.033726772293448, 4123461.048503180965781 ], [ -9638577.723789757117629, 4123317.88104998273775 ], [ -9638377.192139836028218, 4123164.007703054696321 ], [ -9638184.988420324400067, 4122999.850218545645475 ], [ -9638001.639448255300522, 4122825.858540709130466 ], [ -9637827.647770419716835, 4122642.509568640962243 ], [ -9637663.490285910665989, 4122450.305849129334092 ], [ -9637509.616938982158899, 4122249.774199208710343 ], [ -9637366.449485784396529, 4122041.464262193068862 ], [ -9637234.380338354036212, 4121825.94700114056468 ], [ -9637113.771489042788744, 4121603.813133883289993 ], [ -9637004.953518325462937, 4121375.671513910405338 ], [ -9636908.22468869574368, 4121142.14746154518798 ], [ -9636823.850127151235938, 4120903.88104998273775 ], [ -9636752.061098501086235, 4120661.525350895710289 ], [ -9636693.054371481761336, 4120415.744644408579916 ], [ -9636646.99167943187058, 4120167.212598355021328 ], [ -9636613.999276986345649, 4119916.610421796794981 ], [ -9636594.167594030499458, 4119664.624997881706804 ], [ -9636587.55098782479763, 4119411.94700114056468 ] ] ] } },
{ "type": "Feature", "properties": { "facility_name": "Southeast Resource Recovery Facility (SERRF) ", "state": "CA" }, "geometry": { "type": "Polygon", "coordinates": [ [ [ -13157655.561202326789498, 3996522.138035211246461 ], [ -13157662.177808532491326, 3996269.460038470104337 ], [ -13157682.009491488337517, 3996017.47461455501616 ], [ -13157715.001893933862448, 3995766.872437996789813 ], [ -13157761.064585983753204, 3995518.340391943231225 ], [ -13157820.071313003078103, 3995272.559685456100851 ], [ -13157891.860341653227806, 3995030.203986369073391 ], [ -13157976.234903197735548, 3994791.937574806623161 ], [ -13158072.963732827454805, 3994558.413522441405803 ], [ -13158181.781703544780612, 3994330.271902468521148 ], [ -13158302.39055285602808, 3994108.138035211246461 ], [ -13158434.459700286388397, 3993892.620774158742279 ], [ -13158577.627153484150767, 3993684.310837143100798 ], [ -13158731.500500412657857, 3993483.779187222477049 ], [ -13158895.657984921708703, 3993291.575467710848898 ], [ -13159069.64966275729239, 3993108.226495642680675 ], [ -13159252.998634826391935, 3992934.234817806165665 ], [ -13159445.202354338020086, 3992770.077333297114819 ], [ -13159645.734004259109497, 3992616.203986369073391 ], [ -13159854.043941274285316, 3992473.03653317084536 ], [ -13160069.561202326789498, 3992340.967385740019381 ], [ -13160291.695069584995508, 3992220.358536429703236 ], [ -13160519.836689556017518, 3992111.54056571284309 ], [ -13160753.36074192263186, 3992014.811736082658172 ], [ -13160991.627153484150767, 3991930.43717453815043 ], [ -13161233.982852572575212, 3991858.648145887535065 ], [ -13161479.763559058308601, 3991799.641418868210167 ], [ -13161728.295605111867189, 3991753.578726817853749 ], [ -13161978.897781670093536, 3991720.58632437326014 ], [ -13162230.883205585181713, 3991700.754641416016966 ], [ -13162483.561202326789498, 3991694.138035211246461 ], [ -13162736.239199068397284, 3991700.754641416016966 ], [ -13162988.22462298348546, 3991720.58632437326014 ], [ -13163238.826799541711807, 3991753.578726817853749 ], [ -13163487.358845595270395, 3991799.641418868210167 ], [ -13163733.139552081003785, 3991858.648145887535065 ], [ -13163975.495251169428229, 3991930.43717453815043 ], [ -13164213.761662730947137, 3992014.811736082658172 ], [ -13164447.285715097561479, 3992111.54056571284309 ], [ -13164675.427335068583488, 3992220.358536429703236 ], [ -13164897.561202326789498, 3992340.967385740019381 ], [ -13165113.07846337929368, 3992473.03653317084536 ], [ -13165321.3884003944695, 3992616.203986369073391 ], [ -13165521.92005031555891, 3992770.077333297114819 ], [ -13165714.123769827187061, 3992934.234817806165665 ], [ -13165897.472741896286607, 3993108.226495642680675 ], [ -13166071.464419731870294, 3993291.575467710848898 ], [ -13166235.62190424092114, 3993483.779187222477049 ], [ -13166389.495251169428229, 3993684.310837143100798 ], [ -13166532.662704367190599, 3993892.620774158742279 ], [ -13166664.731851797550917, 3994108.138035211246461 ], [ -13166785.340701108798385, 3994330.271902468521148 ], [ -13166894.158671826124191, 3994558.413522441405803 ], [ -13166990.887501455843449, 3994791.937574806623161 ], [ -13167075.262063, 3995030.203986369073391 ], [ -13167147.051091650500894, 3995272.559685456100851 ], [ -13167206.057818669825792, 3995518.340391943231225 ], [ -13167252.120510719716549, 3995766.872437996789813 ], [ -13167285.11291316524148, 3996017.47461455501616 ], [ -13167304.94459612108767, 3996269.460038470104337 ], [ -13167311.561202326789498, 3996522.138035211246461 ], [ -13167304.94459612108767, 3996774.816031952388585 ], [ -13167285.11291316524148, 3997026.801455867476761 ], [ -13167252.120510719716549, 3997277.403632425703108 ], [ -13167206.057818669825792, 3997525.935678479261696 ], [ -13167147.051091650500894, 3997771.71638496639207 ], [ -13167075.262063, 3998014.07208405341953 ], [ -13166990.887501455843449, 3998252.338495615869761 ], [ -13166894.158671826124191, 3998485.862547981087118 ], [ -13166785.340701108798385, 3998714.004167953971773 ], [ -13166664.731851797550917, 3998936.138035211246461 ], [ -13166532.662704367190599, 3999151.655296263750643 ], [ -13166389.495251169428229, 3999359.965233279392123 ], [ -13166235.62190424092114, 3999560.496883200015873 ], [ -13166071.464419731870294, 3999752.700602711644024 ], [ -13165897.472741896286607, 3999936.049574779812247 ], [ -13165714.123769827187061, 4000110.041252616327256 ], [ -13165521.92005031555891, 4000274.198737125378102 ], [ -13165321.3884003944695, 4000428.07208405341953 ], [ -13165113.07846337929368, 4000571.239537251647562 ], [ -13164897.561202326789498, 4000703.30868468247354 ], [ -13164675.427335068583488, 4000823.917533992789686 ], [ -13164447.285715097561479, 4000932.735504709649831 ], [ -13164213.761662730947137, 4001029.46433433983475 ], [ -13163975.495251169428229, 4001113.838895884342492 ], [ -13163733.139552081003785, 4001185.627924534957856 ], [ -13163487.358845595270395, 4001244.634651554282755 ], [ -13163238.826799541711807, 4001290.697343604639173 ], [ -13162988.22462298348546, 4001323.689746049232781 ], [ -13162736.239199068397284, 4001343.521429006475955 ], [ -13162483.561202326789498, 4001350.138035211246461 ], [ -13162230.883205585181713, 4001343.521429006475955 ], [ -13161978.897781670093536, 4001323.689746049232781 ], [ -13161728.295605111867189, 4001290.697343604639173 ], [ -13161479.763559058308601, 4001244.634651554282755 ], [ -13161233.982852572575212, 4001185.627924534957856 ], [ -13160991.627153484150767, 4001113.838895884342492 ], [ -13160753.36074192263186, 4001029.46433433983475 ], [ -13160519.836689556017518, 4000932.735504709649831 ], [ -13160291.695069584995508, 4000823.917533992789686 ], [ -13160069.561202326789498, 4000703.30868468247354 ], [ -13159854.043941274285316, 4000571.239537251647562 ], [ -13159645.734004259109497, 4000428.07208405341953 ], [ -13159445.202354338020086, 4000274.198737125378102 ], [ -13159252.998634826391935, 4000110.041252616327256 ], [ -13159069.64966275729239, 3999936.049574779812247 ], [ -13158895.657984921708703, 3999752.700602711644024 ], [ -13158731.500500412657857, 3999560.496883200015873 ], [ -13158577.627153484150767, 3999359.965233279392123 ], [ -13158434.459700286388397, 3999151.655296263750643 ], [ -13158302.39055285602808, 3998936.138035211246461 ], [ -13158181.781703544780612, 3998714.004167953971773 ], [ -13158072.963732827454805, 3998485.862547981087118 ], [ -13157976.234903197735548, 3998252.338495615869761 ], [ -13157891.860341653227806, 3998014.07208405341953 ], [ -13157820.071313003078103, 3997771.71638496639207 ], [ -13157761.064585983753204, 3997525.935678479261696 ], [ -13157715.001893933862448, 3997277.403632425703108 ], [ -13157682.009491488337517, 3997026.801455867476761 ], [ -13157662.177808532491326, 3996774.816031952388585 ], [ -13157655.561202326789498, 3996522.138035211246461 ] ] ] } },
{ "type": "Feature", "properties": { "facility_name": "Stanislaus County Resource Recovery Facility ", "state": "CA" }, "geometry": { "type": "Polygon", "coordinates": [ [ [ -13480144.051737077534199, 4493491.645204388536513 ], [ -13480150.668343283236027, 4493238.96720764786005 ], [ -13480170.500026239082217, 4492986.981783731840551 ], [ -13480203.492428684607148, 4492736.379607174545527 ], [ -13480249.555120734497905, 4492487.847561120055616 ], [ -13480308.561847753822803, 4492242.066854633390903 ], [ -13480380.350876403972507, 4491999.711155545897782 ], [ -13480464.725437948480248, 4491761.444743983447552 ], [ -13480561.454267578199506, 4491527.920691618695855 ], [ -13480670.272238295525312, 4491299.7790716458112 ], [ -13480790.88108760677278, 4491077.645204388536513 ], [ -13480922.950235037133098, 4490862.127943336032331 ], [ -13481066.117688234895468, 4490653.818006320856512 ], [ -13481219.991035163402557, 4490453.286356399767101 ], [ -13481384.148519672453403, 4490261.08263688813895 ], [ -13481558.14019750803709, 4490077.733664819970727 ], [ -13481741.489169577136636, 4489903.741986983455718 ], [ -13481933.692889088764787, 4489739.584502474404871 ], [ -13482134.224539009854198, 4489585.711155545897782 ], [ -13482342.534476025030017, 4489442.543702348135412 ], [ -13482558.051737077534199, 4489310.474554916843772 ], [ -13482780.185604335740209, 4489189.865705607458949 ], [ -13483008.327224306762218, 4489081.047734890133142 ], [ -13483241.85127667337656, 4488984.318905260413885 ], [ -13483480.117688234895468, 4488899.944343715906143 ], [ -13483722.473387323319912, 4488828.155315064825118 ], [ -13483968.254093809053302, 4488769.148588045500219 ], [ -13484216.78613986261189, 4488723.085895995609462 ], [ -13484467.388316420838237, 4488690.093493550084531 ], [ -13484719.373740335926414, 4488670.261810593307018 ], [ -13484972.051737077534199, 4488663.645204388536513 ], [ -13485224.729733819141984, 4488670.261810593307018 ], [ -13485476.715157734230161, 4488690.093493550084531 ], [ -13485727.317334292456508, 4488723.085895995609462 ], [ -13485975.849380346015096, 4488769.148588045500219 ], [ -13486221.630086831748486, 4488828.155315064825118 ], [ -13486463.98578592017293, 4488899.944343715906143 ], [ -13486702.252197481691837, 4488984.318905260413885 ], [ -13486935.776249848306179, 4489081.047734890133142 ], [ -13487163.917869819328189, 4489189.865705607458949 ], [ -13487386.051737077534199, 4489310.474554916843772 ], [ -13487601.568998130038381, 4489442.543702348135412 ], [ -13487809.8789351452142, 4489585.711155545897782 ], [ -13488010.410585066303611, 4489739.584502474404871 ], [ -13488202.614304577931762, 4489903.741986983455718 ], [ -13488385.963276647031307, 4490077.733664819970727 ], [ -13488559.954954482614994, 4490261.08263688813895 ], [ -13488724.11243899166584, 4490453.286356399767101 ], [ -13488877.98578592017293, 4490653.818006320856512 ], [ -13489021.1532391179353, 4490862.127943336032331 ], [ -13489153.222386548295617, 4491077.645204388536513 ], [ -13489273.831235859543085, 4491299.7790716458112 ], [ -13489382.649206576868892, 4491527.920691618695855 ], [ -13489479.378036206588149, 4491761.444743983447552 ], [ -13489563.752597751095891, 4491999.711155545897782 ], [ -13489635.541626401245594, 4492242.066854633390903 ], [ -13489694.548353420570493, 4492487.847561120055616 ], [ -13489740.611045470461249, 4492736.379607174545527 ], [ -13489773.60344791598618, 4492986.981783731840551 ], [ -13489793.435130871832371, 4493238.96720764786005 ], [ -13489800.051737077534199, 4493491.645204388536513 ], [ -13489793.435130871832371, 4493744.323201129212976 ], [ -13489773.60344791598618, 4493996.308625044301152 ], [ -13489740.611045470461249, 4494246.910801602527499 ], [ -13489694.548353420570493, 4494495.44284765701741 ], [ -13489635.541626401245594, 4494741.223554143682122 ], [ -13489563.752597751095891, 4494983.579253231175244 ], [ -13489479.378036206588149, 4495221.845664793625474 ], [ -13489382.649206576868892, 4495455.369717158377171 ], [ -13489273.831235859543085, 4495683.511337131261826 ], [ -13489153.222386548295617, 4495905.645204388536513 ], [ -13489021.1532391179353, 4496121.162465441040695 ], [ -13488877.98578592017293, 4496329.472402456216514 ], [ -13488724.11243899166584, 4496530.004052377305925 ], [ -13488559.954954482614994, 4496722.207771888934076 ], [ -13488385.963276647031307, 4496905.556743957102299 ], [ -13488202.614304577931762, 4497079.548421793617308 ], [ -13488010.410585066303611, 4497243.705906302668154 ], [ -13487809.8789351452142, 4497397.579253231175244 ], [ -13487601.568998130038381, 4497540.746706428937614 ], [ -13487386.051737077534199, 4497672.815853860229254 ], [ -13487163.917869819328189, 4497793.424703169614077 ], [ -13486935.776249848306179, 4497902.242673886939883 ], [ -13486702.252197481691837, 4497998.971503516659141 ], [ -13486463.98578592017293, 4498083.346065061166883 ], [ -13486221.630086831748486, 4498155.135093712247908 ], [ -13485975.849380346015096, 4498214.141820731572807 ], [ -13485727.317334292456508, 4498260.204512781463563 ], [ -13485476.715157734230161, 4498293.196915226988494 ], [ -13485224.729733819141984, 4498313.028598183766007 ], [ -13484972.051737077534199, 4498319.645204388536513 ], [ -13484719.373740335926414, 4498313.028598183766007 ], [ -13484467.388316420838237, 4498293.196915226988494 ], [ -13484216.78613986261189, 4498260.204512781463563 ], [ -13483968.254093809053302, 4498214.141820731572807 ], [ -13483722.473387323319912, 4498155.135093712247908 ], [ -13483480.117688234895468, 4498083.346065061166883 ], [ -13483241.85127667337656, 4497998.971503516659141 ], [ -13483008.327224306762218, 4497902.242673886939883 ], [ -13482780.185604335740209, 4497793.424703169614077 ], [ -13482558.051737077534199, 4497672.815853860229254 ], [ -13482342.534476025030017, 4497540.746706428937614 ], [ -13482134.224539009854198, 4497397.579253231175244 ], [ -13481933.692889088764787, 4497243.705906302668154 ], [ -13481741.489169577136636, 4497079.548421793617308 ], [ -13481558.14019750803709, 4496905.556743957102299 ], [ -13481384.148519672453403, 4496722.207771888934076 ], [ -13481219.991035163402557, 4496530.004052377305925 ], [ -13481066.117688234895468, 4496329.472402456216514 ], [ -13480922.950235037133098, 4496121.162465441040695 ], [ -13480790.88108760677278, 4495905.645204388536513 ], [ -13480670.272238295525312, 4495683.511337131261826 ], [ -13480561.454267578199506, 4495455.369717158377171 ], [ -13480464.725437948480248, 4495221.845664793625474 ], [ -13480380.350876403972507, 4494983.579253231175244 ], [ -13480308.561847753822803, 4494741.223554143682122 ], [ -13480249.555120734497905, 4494495.44284765701741 ], [ -13480203.492428684607148, 4494246.910801602527499 ], [ -13480170.500026239082217, 4493996.308625045232475 ], [ -13480150.668343283236027, 4493744.323201129212976 ], [ -13480144.051737077534199, 4493491.645204388536513 ] ] ] } },
{ "type": "Feature", "properties": { "facility_name": "Bristol Resource Recovery Facility", "state": "CT" }, "geometry": { "type": "Polygon", "coordinates": [ [ [ -8112072.634888737462461, 5108613.878576792776585 ], [ -8112079.251494942232966, 5108361.200580052100122 ], [ -8112099.083177899010479, 5108109.215156136080623 ], [ -8112132.07558034453541, 5107858.612979578785598 ], [ -8112178.138272394426167, 5107610.080933524295688 ], [ -8112237.144999413751066, 5107364.300227037630975 ], [ -8112308.934028064832091, 5107121.944527950137854 ], [ -8112393.308589609339833, 5106883.678116387687624 ], [ -8112490.037419239059091, 5106650.154064022935927 ], [ -8112598.855389956384897, 5106422.012444050051272 ], [ -8112719.46423926576972, 5106199.878576792776585 ], [ -8112851.53338669706136, 5105984.361315740272403 ], [ -8112994.70083989482373, 5105776.051378725096583 ], [ -8113148.57418682333082, 5105575.519728804007173 ], [ -8113312.731671332381666, 5105383.316009292379022 ], [ -8113486.723349168896675, 5105199.967037224210799 ], [ -8113670.072321237064898, 5105025.975359387695789 ], [ -8113862.276040748693049, 5104861.817874878644943 ], [ -8114062.80769066978246, 5104707.944527950137854 ], [ -8114271.117627684958279, 5104564.777074752375484 ], [ -8114486.634888737462461, 5104432.707927321083844 ], [ -8114708.768755994737148, 5104312.099078011699021 ], [ -8114936.910375967621803, 5104203.281107294373214 ], [ -8115170.4344283323735, 5104106.552277664653957 ], [ -8115408.70083989482373, 5104022.177716120146215 ], [ -8115651.056538982316852, 5103950.388687469065189 ], [ -8115896.837245468981564, 5103891.381960449740291 ], [ -8116145.369291523471475, 5103845.319268399849534 ], [ -8116395.971468080766499, 5103812.326865954324603 ], [ -8116647.956891996785998, 5103792.49518299754709 ], [ -8116900.634888737462461, 5103785.878576792776585 ], [ -8117153.312885478138924, 5103792.49518299754709 ], [ -8117405.2983093932271, 5103812.326865954324603 ], [ -8117655.900485951453447, 5103845.319268399849534 ], [ -8117904.432532005943358, 5103891.381960449740291 ], [ -8118150.21323849260807, 5103950.388687469065189 ], [ -8118392.568937580101192, 5104022.177716120146215 ], [ -8118630.835349142551422, 5104106.552277664653957 ], [ -8118864.359401507303119, 5104203.281107294373214 ], [ -8119092.501021480187774, 5104312.099078011699021 ], [ -8119314.634888737462461, 5104432.707927321083844 ], [ -8119530.152149789966643, 5104564.777074752375484 ], [ -8119738.462086805142462, 5104707.944527950137854 ], [ -8119938.993736726231873, 5104861.817874878644943 ], [ -8120131.197456237860024, 5105025.975359387695789 ], [ -8120314.546428306028247, 5105199.967037224210799 ], [ -8120488.538106142543256, 5105383.316009292379022 ], [ -8120652.695590651594102, 5105575.519728804007173 ], [ -8120806.568937580101192, 5105776.051378725096583 ], [ -8120949.736390777863562, 5105984.361315740272403 ], [ -8121081.805538209155202, 5106199.878576792776585 ], [ -8121202.414387518540025, 5106422.012444050051272 ], [ -8121311.232358235865831, 5106650.154064022935927 ], [ -8121407.961187865585089, 5106883.678116387687624 ], [ -8121492.335749410092831, 5107121.944527950137854 ], [ -8121564.124778061173856, 5107364.300227037630975 ], [ -8121623.131505080498755, 5107610.080933524295688 ], [ -8121669.194197130389512, 5107858.612979578785598 ], [ -8121702.186599575914443, 5108109.215156136080623 ], [ -8121722.018282532691956, 5108361.200580052100122 ], [ -8121728.634888737462461, 5108613.878576792776585 ], [ -8121722.018282532691956, 5108866.556573533453047 ], [ -8121702.186599575914443, 5109118.541997448541224 ], [ -8121669.194197130389512, 5109369.144174006767571 ], [ -8121623.131505080498755, 5109617.676220061257482 ], [ -8121564.124778061173856, 5109863.456926547922194 ], [ -8121492.335749410092831, 5110105.812625635415316 ], [ -8121407.961187865585089, 5110344.079037197865546 ], [ -8121311.232358235865831, 5110577.603089562617242 ], [ -8121202.414387518540025, 5110805.744709535501897 ], [ -8121081.805538209155202, 5111027.878576792776585 ], [ -8120949.736390777863562, 5111243.395837845280766 ], [ -8120806.568937580101192, 5111451.705774860456586 ], [ -8120652.695590651594102, 5111652.237424781545997 ], [ -8120488.538106142543256, 5111844.441144293174148 ], [ -8120314.546428306028247, 5112027.790116361342371 ], [ -8120131.197456237860024, 5112201.78179419785738 ], [ -8119938.993736726231873, 5112365.939278706908226 ], [ -8119738.462086805142462, 5112519.812625635415316 ], [ -8119530.152149789966643, 5112662.980078833177686 ], [ -8119314.634888737462461, 5112795.049226264469326 ], [ -8119092.501021480187774, 5112915.658075573854148 ], [ -8118864.359401507303119, 5113024.476046291179955 ], [ -8118630.835349142551422, 5113121.204875920899212 ], [ -8118392.568937580101192, 5113205.579437465406954 ], [ -8118150.21323849260807, 5113277.36846611648798 ], [ -8117904.432532005943358, 5113336.375193135812879 ], [ -8117655.900485951453447, 5113382.437885185703635 ], [ -8117405.298309394158423, 5113415.430287631228566 ], [ -8117153.312885478138924, 5113435.261970588006079 ], [ -8116900.634888737462461, 5113441.878576792776585 ], [ -8116647.956891996785998, 5113435.261970588006079 ], [ -8116395.971468081697822, 5113415.430287631228566 ], [ -8116145.369291523471475, 5113382.437885185703635 ], [ -8115896.837245468981564, 5113336.375193135812879 ], [ -8115651.056538982316852, 5113277.36846611648798 ], [ -8115408.70083989482373, 5113205.579437465406954 ], [ -8115170.4344283323735, 5113121.204875920899212 ], [ -8114936.910375967621803, 5113024.476046291179955 ], [ -8114708.768755994737148, 5112915.658075573854148 ], [ -8114486.634888737462461, 5112795.049226264469326 ], [ -8114271.117627684958279, 5112662.980078833177686 ], [ -8114062.80769066978246, 5112519.812625635415316 ], [ -8113862.276040748693049, 5112365.939278706908226 ], [ -8113670.072321237064898, 5112201.78179419785738 ], [ -8113486.723349168896675, 5112027.790116361342371 ], [ -8113312.731671332381666, 5111844.441144293174148 ], [ -8113148.57418682333082, 5111652.237424781545997 ], [ -8112994.70083989482373, 5111451.705774860456586 ], [ -8112851.53338669706136, 5111243.395837845280766 ], [ -8112719.46423926576972, 5111027.878576792776585 ], [ -8112598.855389956384897, 5110805.744709535501897 ], [ -8112490.037419239059091, 5110577.603089562617242 ], [ -8112393.308589609339833, 5110344.079037197865546 ], [ -8112308.934028064832091, 5110105.812625635415316 ], [ -8112237.144999413751066, 5109863.456926547922194 ], [ -8112178.138272394426167, 5109617.676220061257482 ], [ -8112132.07558034453541, 5109369.144174006767571 ], [ -8112099.083177899010479, 5109118.541997449472547 ], [ -8112079.251494942232966, 5108866.556573533453047 ], [ -8112072.634888737462461, 5108613.878576792776585 ] ] ] } },
{ "type": "Feature", "properties": { "facility_name": "Mid-Connecticut Resource Recovery Facility ", "state": "CT" }, "geometry": { "type": "Polygon", "coordinates": [ [ [ -8083017.524215003475547, 5122786.40605459548533 ], [ -8083024.140821208246052, 5122533.728057854808867 ], [ -8083043.972504165023565, 5122281.742633938789368 ], [ -8083076.964906610548496, 5122031.140457381494343 ], [ -8083123.027598660439253, 5121782.608411327004433 ], [ -8083182.034325679764152, 5121536.82770484033972 ], [ -8083253.823354330845177, 5121294.472005752846599 ], [ -8083338.197915875352919, 5121056.205594190396369 ], [ -8083434.926745505072176, 5120822.681541825644672 ], [ -8083543.744716222397983, 5120594.539921852760017 ], [ -8083664.353565531782806, 5120372.40605459548533 ], [ -8083796.422712963074446, 5120156.888793542981148 ], [ -8083939.590166160836816, 5119948.578856527805328 ], [ -8084093.463513089343905, 5119748.047206606715918 ], [ -8084257.620997598394752, 5119555.843487095087767 ], [ -8084431.612675434909761, 5119372.494515026919544 ], [ -8084614.961647503077984, 5119198.502837190404534 ], [ -8084807.165367014706135, 5119034.345352681353688 ], [ -8085007.697016935795546, 5118880.472005752846599 ], [ -8085216.006953950971365, 5118737.304552555084229 ], [ -8085431.524215003475547, 5118605.235405123792589 ], [ -8085653.658082260750234, 5118484.626555814407766 ], [ -8085881.799702233634889, 5118375.808585097081959 ], [ -8086115.323754598386586, 5118279.079755467362702 ], [ -8086353.590166160836816, 5118194.70519392285496 ], [ -8086595.945865248329937, 5118122.916165271773934 ], [ -8086841.72657173499465, 5118063.909438252449036 ], [ -8087090.25861778948456, 5118017.846746202558279 ], [ -8087340.860794346779585, 5117984.854343757033348 ], [ -8087592.846218262799084, 5117965.022660800255835 ], [ -8087845.524215003475547, 5117958.40605459548533 ], [ -8088098.202211744152009, 5117965.022660800255835 ], [ -8088350.187635660171509, 5117984.854343757033348 ], [ -8088600.789812217466533, 5118017.846746202558279 ], [ -8088849.321858271956444, 5118063.909438252449036 ], [ -8089095.102564758621156, 5118122.916165271773934 ], [ -8089337.458263846114278, 5118194.70519392285496 ], [ -8089575.724675408564508, 5118279.079755467362702 ], [ -8089809.248727773316205, 5118375.808585097081959 ], [ -8090037.39034774620086, 5118484.626555814407766 ], [ -8090259.524215003475547, 5118605.235405123792589 ], [ -8090475.041476055979729, 5118737.304552555084229 ], [ -8090683.351413071155548, 5118880.472005752846599 ], [ -8090883.883062992244959, 5119034.345352681353688 ], [ -8091076.08678250387311, 5119198.502837190404534 ], [ -8091259.435754572041333, 5119372.494515026919544 ], [ -8091433.427432408556342, 5119555.843487095087767 ], [ -8091597.584916917607188, 5119748.047206606715918 ], [ -8091751.458263846114278, 5119948.578856527805328 ], [ -8091894.625717043876648, 5120156.888793542981148 ], [ -8092026.694864475168288, 5120372.40605459548533 ], [ -8092147.303713784553111, 5120594.539921852760017 ], [ -8092256.121684501878917, 5120822.681541825644672 ], [ -8092352.850514131598175, 5121056.205594190396369 ], [ -8092437.225075676105917, 5121294.472005752846599 ], [ -8092509.014104327186942, 5121536.82770484033972 ], [ -8092568.020831346511841, 5121782.608411327004433 ], [ -8092614.083523396402597, 5122031.140457381494343 ], [ -8092647.075925841927528, 5122281.742633938789368 ], [ -8092666.907608798705041, 5122533.728057854808867 ], [ -8092673.524215003475547, 5122786.40605459548533 ], [ -8092666.907608798705041, 5123039.084051336161792 ], [ -8092647.075925841927528, 5123291.069475251249969 ], [ -8092614.083523396402597, 5123541.671651809476316 ], [ -8092568.020831346511841, 5123790.203697863966227 ], [ -8092509.014104327186942, 5124035.984404350630939 ], [ -8092437.225075676105917, 5124278.340103438124061 ], [ -8092352.850514131598175, 5124516.606515000574291 ], [ -8092256.121684501878917, 5124750.130567365325987 ], [ -8092147.303713784553111, 5124978.272187338210642 ], [ -8092026.694864475168288, 5125200.40605459548533 ], [ -8091894.625717043876648, 5125415.923315647989511 ], [ -8091751.458263846114278, 5125624.233252663165331 ], [ -8091597.584916917607188, 5125824.764902584254742 ], [ -8091433.427432408556342, 5126016.968622095882893 ], [ -8091259.435754572041333, 5126200.317594164051116 ], [ -8091076.08678250387311, 5126374.309272000566125 ], [ -8090883.883062992244959, 5126538.466756509616971 ], [ -8090683.351413071155548, 5126692.340103438124061 ], [ -8090475.041476055979729, 5126835.507556635886431 ], [ -8090259.524215003475547, 5126967.576704067178071 ], [ -8090037.39034774620086, 5127088.185553376562893 ], [ -8089809.248727773316205, 5127197.0035240938887 ], [ -8089575.724675408564508, 5127293.732353723607957 ], [ -8089337.458263846114278, 5127378.106915268115699 ], [ -8089095.102564758621156, 5127449.895943919196725 ], [ -8088849.321858271956444, 5127508.902670938521624 ], [ -8088600.789812217466533, 5127554.96536298841238 ], [ -8088350.187635660171509, 5127587.957765433937311 ], [ -8088098.202211744152009, 5127607.789448390714824 ], [ -8087845.524215003475547, 5127614.40605459548533 ], [ -8087592.846218262799084, 5127607.789448390714824 ], [ -8087340.860794347710907, 5127587.957765433937311 ], [ -8087090.25861778948456, 5127554.96536298841238 ], [ -8086841.72657173499465, 5127508.902670938521624 ], [ -8086595.945865248329937, 5127449.895943919196725 ], [ -8086353.590166160836816, 5127378.106915268115699 ], [ -8086115.323754598386586, 5127293.732353723607957 ], [ -8085881.799702233634889, 5127197.0035240938887 ], [ -8085653.658082260750234, 5127088.185553376562893 ], [ -8085431.524215003475547, 5126967.576704067178071 ], [ -8085216.006953950971365, 5126835.507556635886431 ], [ -8085007.697016935795546, 5126692.340103438124061 ], [ -8084807.165367014706135, 5126538.466756509616971 ], [ -8084614.961647503077984, 5126374.309272000566125 ], [ -8084431.612675434909761, 5126200.317594164051116 ], [ -8084257.620997598394752, 5126016.968622095882893 ], [ -8084093.463513089343905, 5125824.764902584254742 ], [ -8083939.590166160836816, 5125624.233252663165331 ], [ -8083796.422712963074446, 5125415.923315647989511 ], [ -8083664.353565531782806, 5125200.40605459548533 ], [ -8083543.744716222397983, 5124978.272187338210642 ], [ -8083434.926745505072176, 5124750.130567365325987 ], [ -8083338.197915875352919, 5124516.606515000574291 ], [ -8083253.823354330845177, 5124278.340103438124061 ], [ -8083182.034325679764152, 5124035.984404350630939 ], [ -8083123.027598660439253, 5123790.203697863966227 ], [ -8083076.964906610548496, 5123541.671651809476316 ], [ -8083043.972504165023565, 5123291.069475252181292 ], [ -8083024.140821208246052, 5123039.084051336161792 ], [ -8083017.524215003475547, 5122786.40605459548533 ] ] ] } },
{ "type": "Feature", "properties": { "facility_name": "Southeastern Connecticut Resource Recovery Center", "state": "CT" }, "geometry": { "type": "Polygon", "coordinates": [ [ [ -8019605.233444693498313, 5067170.578196451999247 ], [ -8019611.850050898268819, 5066917.900199711322784 ], [ -8019631.681733855046332, 5066665.914775795303285 ], [ -8019664.674136300571263, 5066415.312599238008261 ], [ -8019710.736828350462019, 5066166.78055318351835 ], [ -8019769.743555369786918, 5065920.999846696853638 ], [ -8019841.532584020867944, 5065678.644147609360516 ], [ -8019925.907145565375686, 5065440.377736046910286 ], [ -8020022.635975195094943, 5065206.853683682158589 ], [ -8020131.45394591242075, 5064978.712063709273934 ], [ -8020252.062795221805573, 5064756.578196451999247 ], [ -8020384.131942653097212, 5064541.060935399495065 ], [ -8020527.299395850859582, 5064332.750998384319246 ], [ -8020681.172742779366672, 5064132.219348463229835 ], [ -8020845.330227288417518, 5063940.015628951601684 ], [ -8021019.321905124932528, 5063756.666656883433461 ], [ -8021202.67087719310075, 5063582.674979046918452 ], [ -8021394.874596704728901, 5063418.517494537867606 ], [ -8021595.406246625818312, 5063264.644147609360516 ], [ -8021803.716183640994132, 5063121.476694411598146 ], [ -8022019.233444693498313, 5062989.407546980306506 ], [ -8022241.367311950773001, 5062868.798697670921683 ], [ -8022469.508931923657656, 5062759.980726953595877 ], [ -8022703.032984288409352, 5062663.251897323876619 ], [ -8022941.299395850859582, 5062578.877335779368877 ], [ -8023183.655094938352704, 5062507.088307128287852 ], [ -8023429.435801425017416, 5062448.081580108962953 ], [ -8023677.967847479507327, 5062402.018888059072196 ], [ -8023928.570024036802351, 5062369.026485613547266 ], [ -8024180.555447952821851, 5062349.194802656769753 ], [ -8024433.233444693498313, 5062342.578196451999247 ], [ -8024685.911441434174776, 5062349.194802656769753 ], [ -8024937.896865349262953, 5062369.026485613547266 ], [ -8025188.4990419074893, 5062402.018888059072196 ], [ -8025437.03108796197921, 5062448.081580108962953 ], [ -8025682.811794448643923, 5062507.088307128287852 ], [ -8025925.167493536137044, 5062578.877335779368877 ], [ -8026163.433905098587275, 5062663.251897323876619 ], [ -8026396.957957463338971, 5062759.980726953595877 ], [ -8026625.099577436223626, 5062868.798697670921683 ], [ -8026847.233444693498313, 5062989.407546980306506 ], [ -8027062.750705746002495, 5063121.476694411598146 ], [ -8027271.060642761178315, 5063264.644147609360516 ], [ -8027471.592292682267725, 5063418.517494537867606 ], [ -8027663.796012193895876, 5063582.674979046918452 ], [ -8027847.144984262064099, 5063756.666656883433461 ], [ -8028021.136662098579109, 5063940.015628951601684 ], [ -8028185.294146607629955, 5064132.219348463229835 ], [ -8028339.167493536137044, 5064332.750998384319246 ], [ -8028482.334946733899415, 5064541.060935399495065 ], [ -8028614.404094165191054, 5064756.578196451999247 ], [ -8028735.012943474575877, 5064978.712063709273934 ], [ -8028843.830914191901684, 5065206.853683682158589 ], [ -8028940.559743821620941, 5065440.377736046910286 ], [ -8029024.934305366128683, 5065678.644147609360516 ], [ -8029096.723334017209709, 5065920.999846696853638 ], [ -8029155.730061036534607, 5066166.78055318351835 ], [ -8029201.792753086425364, 5066415.312599238008261 ], [ -8029234.785155531950295, 5066665.914775795303285 ], [ -8029254.616838488727808, 5066917.900199711322784 ], [ -8029261.233444693498313, 5067170.578196451999247 ], [ -8029254.616838488727808, 5067423.25619319267571 ], [ -8029234.785155531950295, 5067675.241617107763886 ], [ -8029201.792753086425364, 5067925.843793665990233 ], [ -8029155.730061036534607, 5068174.375839720480144 ], [ -8029096.723334017209709, 5068420.156546207144856 ], [ -8029024.934305366128683, 5068662.512245294637978 ], [ -8028940.559743821620941, 5068900.778656857088208 ], [ -8028843.830914191901684, 5069134.302709221839905 ], [ -8028735.012943474575877, 5069362.44432919472456 ], [ -8028614.404094165191054, 5069584.578196451999247 ], [ -8028482.334946733899415, 5069800.095457504503429 ], [ -8028339.167493536137044, 5070008.405394519679248 ], [ -8028185.294146607629955, 5070208.937044440768659 ], [ -8028021.136662098579109, 5070401.14076395239681 ], [ -8027847.144984262064099, 5070584.489736020565033 ], [ -8027663.796012193895876, 5070758.481413857080042 ], [ -8027471.592292682267725, 5070922.638898366130888 ], [ -8027271.060642761178315, 5071076.512245294637978 ], [ -8027062.750705746002495, 5071219.679698492400348 ], [ -8026847.233444693498313, 5071351.748845923691988 ], [ -8026625.099577436223626, 5071472.357695233076811 ], [ -8026396.957957463338971, 5071581.175665950402617 ], [ -8026163.433905098587275, 5071677.904495580121875 ], [ -8025925.167493536137044, 5071762.279057124629617 ], [ -8025682.811794448643923, 5071834.068085775710642 ], [ -8025437.03108796197921, 5071893.074812795035541 ], [ -8025188.4990419074893, 5071939.137504844926298 ], [ -8024937.896865350194275, 5071972.129907290451229 ], [ -8024685.911441434174776, 5071991.961590247228742 ], [ -8024433.233444693498313, 5071998.578196451999247 ], [ -8024180.555447952821851, 5071991.961590247228742 ], [ -8023928.570024037733674, 5071972.129907290451229 ], [ -8023677.967847479507327, 5071939.137504844926298 ], [ -8023429.435801425017416, 5071893.074812795035541 ], [ -8023183.655094938352704, 5071834.068085775710642 ], [ -8022941.299395850859582, 5071762.279057124629617 ], [ -8022703.032984288409352, 5071677.904495580121875 ], [ -8022469.508931923657656, 5071581.175665950402617 ], [ -8022241.367311950773001, 5071472.357695233076811 ], [ -8022019.233444693498313, 5071351.748845923691988 ], [ -8021803.716183640994132, 5071219.679698492400348 ], [ -8021595.406246625818312, 5071076.512245294637978 ], [ -8021394.874596704728901, 5070922.638898366130888 ], [ -8021202.67087719310075, 5070758.481413857080042 ], [ -8021019.321905124932528, 5070584.489736020565033 ], [ -8020845.330227288417518, 5070401.14076395239681 ], [ -8020681.172742779366672, 5070208.937044440768659 ], [ -8020527.299395850859582, 5070008.405394519679248 ], [ -8020384.131942653097212, 5069800.095457504503429 ], [ -8020252.062795221805573, 5069584.578196451999247 ], [ -8020131.45394591242075, 5069362.44432919472456 ], [ -8020022.635975195094943, 5069134.302709221839905 ], [ -8019925.907145565375686, 5068900.778656857088208 ], [ -8019841.532584020867944, 5068662.512245294637978 ], [ -8019769.743555369786918, 5068420.156546207144856 ], [ -8019710.736828350462019, 5068174.375839720480144 ], [ -8019664.674136300571263, 5067925.843793665990233 ], [ -8019631.681733855046332, 5067675.241617108695209 ], [ -8019611.850050898268819, 5067423.25619319267571 ], [ -8019605.233444693498313, 5067170.578196451999247 ] ] ] } },
{ "type": "Feature", "properties": { "facility_name": "Wheelabrator Bridgeport", "state": "CT" }, "geometry": { "type": "Polygon", "coordinates": [ [ [ -8144706.210781564004719, 5036390.781250451691449 ], [ -8144712.827387768775225, 5036138.103253711014986 ], [ -8144732.659070725552738, 5035886.117829794995487 ], [ -8144765.651473171077669, 5035635.515653237700462 ], [ -8144811.714165220968425, 5035386.983607183210552 ], [ -8144870.720892240293324, 5035141.202900696545839 ], [ -8144942.50992089137435, 5034898.847201609052718 ], [ -8145026.884482435882092, 5034660.580790046602488 ], [ -8145123.613312065601349, 5034427.056737681850791 ], [ -8145232.431282782927155, 5034198.915117708966136 ], [ -8145353.040132092311978, 5033976.781250451691449 ], [ -8145485.109279523603618, 5033761.263989399187267 ], [ -8145628.276732721365988, 5033552.954052384011447 ], [ -8145782.150079649873078, 5033352.422402462922037 ], [ -8145946.307564158923924, 5033160.218682951293886 ], [ -8146120.299241995438933, 5032976.869710883125663 ], [ -8146303.648214063607156, 5032802.878033046610653 ], [ -8146495.851933575235307, 5032638.720548537559807 ], [ -8146696.383583496324718, 5032484.847201609052718 ], [ -8146904.693520511500537, 5032341.679748411290348 ], [ -8147120.210781564004719, 5032209.610600979998708 ], [ -8147342.344648821279407, 5032089.001751670613885 ], [ -8147570.486268794164062, 5031980.183780953288078 ], [ -8147804.010321158915758, 5031883.454951323568821 ], [ -8148042.276732721365988, 5031799.080389779061079 ], [ -8148284.63243180885911, 5031727.291361127980053 ], [ -8148530.413138295523822, 5031668.284634108655155 ], [ -8148778.945184350013733, 5031622.221942058764398 ], [ -8149029.547360907308757, 5031589.229539613239467 ], [ -8149281.532784823328257, 5031569.397856656461954 ], [ -8149534.210781564004719, 5031562.781250451691449 ], [ -8149786.888778304681182, 5031569.397856656461954 ], [ -8150038.874202219769359, 5031589.229539613239467 ], [ -8150289.476378777995706, 5031622.221942058764398 ], [ -8150538.008424832485616, 5031668.284634108655155 ], [ -8150783.789131319150329, 5031727.291361127980053 ], [ -8151026.14483040664345, 5031799.080389779061079 ], [ -8151264.41124196909368, 5031883.454951323568821 ], [ -8151497.935294333845377, 5031980.183780953288078 ], [ -8151726.076914306730032, 5032089.001751670613885 ], [ -8151948.210781564004719, 5032209.610600979998708 ], [ -8152163.728042616508901, 5032341.679748411290348 ], [ -8152372.037979631684721, 5032484.847201609052718 ], [ -8152572.569629552774131, 5032638.720548537559807 ], [ -8152764.773349064402282, 5032802.878033046610653 ], [ -8152948.122321132570505, 5032976.869710883125663 ], [ -8153122.113998969085515, 5033160.218682951293886 ], [ -8153286.271483478136361, 5033352.422402462922037 ], [ -8153440.14483040664345, 5033552.954052384011447 ], [ -8153583.31228360440582, 5033761.263989399187267 ], [ -8153715.38143103569746, 5033976.781250451691449 ], [ -8153835.990280345082283, 5034198.915117708966136 ], [ -8153944.80825106240809, 5034427.056737681850791 ], [ -8154041.537080692127347, 5034660.580790046602488 ], [ -8154125.911642236635089, 5034898.847201609052718 ], [ -8154197.700670887716115, 5035141.202900696545839 ], [ -8154256.707397907041013, 5035386.983607183210552 ], [ -8154302.77008995693177, 5035635.515653237700462 ], [ -8154335.762492402456701, 5035886.117829794995487 ], [ -8154355.594175359234214, 5036138.103253711014986 ], [ -8154362.210781564004719, 5036390.781250451691449 ], [ -8154355.594175359234214, 5036643.459247192367911 ], [ -8154335.762492402456701, 5036895.444671107456088 ], [ -8154302.77008995693177, 5037146.046847665682435 ], [ -8154256.707397907041013, 5037394.578893720172346 ], [ -8154197.700670887716115, 5037640.359600206837058 ], [ -8154125.911642236635089, 5037882.71529929433018 ], [ -8154041.537080692127347, 5038120.98171085678041 ], [ -8153944.80825106240809, 5038354.505763221532106 ], [ -8153835.990280345082283, 5038582.647383194416761 ], [ -8153715.38143103569746, 5038804.781250451691449 ], [ -8153583.31228360440582, 5039020.298511504195631 ], [ -8153440.14483040664345, 5039228.60844851937145 ], [ -8153286.271483478136361, 5039429.140098440460861 ], [ -8153122.113998969085515, 5039621.343817952089012 ], [ -8152948.122321132570505, 5039804.692790020257235 ], [ -8152764.773349064402282, 5039978.684467856772244 ], [ -8152572.569629552774131, 5040142.84195236582309 ], [ -8152372.037979631684721, 5040296.71529929433018 ], [ -8152163.728042616508901, 5040439.88275249209255 ], [ -8151948.210781564004719, 5040571.95189992338419 ], [ -8151726.076914306730032, 5040692.560749232769012 ], [ -8151497.935294333845377, 5040801.378719950094819 ], [ -8151264.41124196909368, 5040898.107549579814076 ], [ -8151026.14483040664345, 5040982.482111124321818 ], [ -8150783.789131319150329, 5041054.271139775402844 ], [ -8150538.008424832485616, 5041113.277866794727743 ], [ -8150289.476378777995706, 5041159.340558844618499 ], [ -8150038.874202220700681, 5041192.33296129014343 ], [ -8149786.888778304681182, 5041212.164644246920943 ], [ -8149534.210781564004719, 5041218.781250451691449 ], [ -8149281.532784823328257, 5041212.164644246920943 ], [ -8149029.54736090824008, 5041192.33296129014343 ], [ -8148778.945184350013733, 5041159.340558844618499 ], [ -8148530.413138295523822, 5041113.277866794727743 ], [ -8148284.63243180885911, 5041054.271139775402844 ], [ -8148042.276732721365988, 5040982.482111124321818 ], [ -8147804.010321158915758, 5040898.107549579814076 ], [ -8147570.486268794164062, 5040801.378719950094819 ], [ -8147342.344648821279407, 5040692.560749232769012 ], [ -8147120.210781564004719, 5040571.95189992338419 ], [ -8146904.693520511500537, 5040439.88275249209255 ], [ -8146696.383583496324718, 5040296.71529929433018 ], [ -8146495.851933575235307, 5040142.84195236582309 ], [ -8146303.648214063607156, 5039978.684467856772244 ], [ -8146120.299241995438933, 5039804.692790020257235 ], [ -8145946.307564158923924, 5039621.343817952089012 ], [ -8145782.150079649873078, 5039429.140098440460861 ], [ -8145628.276732721365988, 5039228.60844851937145 ], [ -8145485.109279523603618, 5039020.298511504195631 ], [ -8145353.040132092311978, 5038804.781250451691449 ], [ -8145232.431282782927155, 5038582.647383194416761 ], [ -8145123.613312065601349, 5038354.505763221532106 ], [ -8145026.884482435882092, 5038120.98171085678041 ], [ -8144942.50992089137435, 5037882.71529929433018 ], [ -8144870.720892240293324, 5037640.359600206837058 ], [ -8144811.714165220968425, 5037394.578893720172346 ], [ -8144765.651473171077669, 5037146.046847665682435 ], [ -8144732.659070725552738, 5036895.444671108387411 ], [ -8144712.827387768775225, 5036643.459247192367911 ], [ -8144706.210781564004719, 5036390.781250451691449 ] ] ] } },
{ "type": "Feature", "properties": { "facility_name": "Wheelabrator Lisbon", "state": "CT" }, "geometry": { "type": "Polygon", "coordinates": [ [ [ -8014840.636787300929427, 5098918.552770010195673 ], [ -8014847.253393505699933, 5098665.87477326951921 ], [ -8014867.085076462477446, 5098413.889349353499711 ], [ -8014900.077478908002377, 5098163.287172796204686 ], [ -8014946.140170957893133, 5097914.755126741714776 ], [ -8015005.146897977218032, 5097668.974420255050063 ], [ -8015076.935926628299057, 5097426.618721167556942 ], [ -8015161.310488172806799, 5097188.352309605106711 ], [ -8015258.039317802526057, 5096954.828257240355015 ], [ -8015366.857288519851863, 5096726.68663726747036 ], [ -8015487.466137829236686, 5096504.552770010195673 ], [ -8015619.535285260528326, 5096289.035508957691491 ], [ -8015762.702738458290696, 5096080.725571942515671 ], [ -8015916.576085386797786, 5095880.19392202142626 ], [ -8016080.733569895848632, 5095687.99020250979811 ], [ -8016254.725247732363641, 5095504.641230441629887 ], [ -8016438.074219800531864, 5095330.649552605114877 ], [ -8016630.277939312160015, 5095166.492068096064031 ], [ -8016830.809589233249426, 5095012.618721167556942 ], [ -8017039.119526248425245, 5094869.451267969794571 ], [ -8017254.636787300929427, 5094737.382120538502932 ], [ -8017476.770654558204114, 5094616.773271229118109 ], [ -8017704.912274531088769, 5094507.955300511792302 ], [ -8017938.436326895840466, 5094411.226470882073045 ], [ -8018176.702738458290696, 5094326.851909337565303 ], [ -8018419.058437545783818, 5094255.062880686484277 ], [ -8018664.83914403244853, 5094196.056153667159379 ], [ -8018913.371190086938441, 5094149.993461617268622 ], [ -8019163.973366644233465, 5094117.001059171743691 ], [ -8019415.958790560252964, 5094097.169376214966178 ], [ -8019668.636787300929427, 5094090.552770010195673 ], [ -8019921.31478404160589, 5094097.169376214966178 ], [ -8020173.300207957625389, 5094117.001059171743691 ], [ -8020423.902384514920413, 5094149.993461617268622 ], [ -8020672.434430569410324, 5094196.056153667159379 ], [ -8020918.215137056075037, 5094255.062880686484277 ], [ -8021160.570836143568158, 5094326.851909337565303 ], [ -8021398.837247706018388, 5094411.226470882073045 ], [ -8021632.361300070770085, 5094507.955300511792302 ], [ -8021860.50292004365474, 5094616.773271229118109 ], [ -8022082.636787300929427, 5094737.382120538502932 ], [ -8022298.154048353433609, 5094869.451267969794571 ], [ -8022506.463985368609428, 5095012.618721167556942 ], [ -8022706.995635289698839, 5095166.492068096064031 ], [ -8022899.19935480132699, 5095330.649552605114877 ], [ -8023082.548326869495213, 5095504.641230441629887 ], [ -8023256.540004706010222, 5095687.99020250979811 ], [ -8023420.697489215061069, 5095880.19392202142626 ], [ -8023574.570836143568158, 5096080.725571942515671 ], [ -8023717.738289341330528, 5096289.035508957691491 ], [ -8023849.807436772622168, 5096504.552770010195673 ], [ -8023970.416286082006991, 5096726.68663726747036 ], [ -8024079.234256799332798, 5096954.828257240355015 ], [ -8024175.963086429052055, 5097188.352309605106711 ], [ -8024260.337647973559797, 5097426.618721167556942 ], [ -8024332.126676624640822, 5097668.974420255050063 ], [ -8024391.133403643965721, 5097914.755126741714776 ], [ -8024437.196095693856478, 5098163.287172796204686 ], [ -8024470.188498139381409, 5098413.889349353499711 ], [ -8024490.020181096158922, 5098665.87477326951921 ], [ -8024496.636787300929427, 5098918.552770010195673 ], [ -8024490.020181096158922, 5099171.230766750872135 ], [ -8024470.188498139381409, 5099423.216190665960312 ], [ -8024437.196095693856478, 5099673.818367224186659 ], [ -8024391.133403643965721, 5099922.350413278676569 ], [ -8024332.126676624640822, 5100168.131119765341282 ], [ -8024260.337647973559797, 5100410.486818852834404 ], [ -8024175.963086429052055, 5100648.753230415284634 ], [ -8024079.234256799332798, 5100882.27728278003633 ], [ -8023970.416286082006991, 5101110.418902752920985 ], [ -8023849.807436772622168, 5101332.552770010195673 ], [ -8023717.738289341330528, 5101548.070031062699854 ], [ -8023574.570836143568158, 5101756.379968077875674 ], [ -8023420.697489215061069, 5101956.911617998965085 ], [ -8023256.540004706010222, 5102149.115337510593235 ], [ -8023082.548326869495213, 5102332.464309578761458 ], [ -8022899.19935480132699, 5102506.455987415276468 ], [ -8022706.995635289698839, 5102670.613471924327314 ], [ -8022506.463985368609428, 5102824.486818852834404 ], [ -8022298.154048353433609, 5102967.654272050596774 ], [ -8022082.636787300929427, 5103099.723419481888413 ], [ -8021860.50292004365474, 5103220.332268791273236 ], [ -8021632.361300070770085, 5103329.150239508599043 ], [ -8021398.837247706018388, 5103425.8790691383183 ], [ -8021160.570836143568158, 5103510.253630682826042 ], [ -8020918.215137056075037, 5103582.042659333907068 ], [ -8020672.434430569410324, 5103641.049386353231966 ], [ -8020423.902384514920413, 5103687.112078403122723 ], [ -8020173.300207957625389, 5103720.104480848647654 ], [ -8019921.31478404160589, 5103739.936163805425167 ], [ -8019668.636787300929427, 5103746.552770010195673 ], [ -8019415.958790560252964, 5103739.936163805425167 ], [ -8019163.973366645164788, 5103720.104480848647654 ], [ -8018913.371190086938441, 5103687.112078403122723 ], [ -8018664.83914403244853, 5103641.049386353231966 ], [ -8018419.058437545783818, 5103582.042659333907068 ], [ -8018176.702738458290696, 5103510.253630682826042 ], [ -8017938.436326895840466, 5103425.8790691383183 ], [ -8017704.912274531088769, 5103329.150239508599043 ], [ -8017476.770654558204114, 5103220.332268791273236 ], [ -8017254.636787300929427, 5103099.723419481888413 ], [ -8017039.119526248425245, 5102967.654272050596774 ], [ -8016830.809589233249426, 5102824.486818852834404 ], [ -8016630.277939312160015, 5102670.613471924327314 ], [ -8016438.074219800531864, 5102506.455987415276468 ], [ -8016254.725247732363641, 5102332.464309578761458 ], [ -8016080.733569895848632, 5102149.115337510593235 ], [ -8015916.576085386797786, 5101956.911617998965085 ], [ -8015762.702738458290696, 5101756.379968077875674 ], [ -8015619.535285260528326, 5101548.070031062699854 ], [ -8015487.466137829236686, 5101332.552770010195673 ], [ -8015366.857288519851863, 5101110.418902752920985 ], [ -8015258.039317802526057, 5100882.27728278003633 ], [ -8015161.310488172806799, 5100648.753230415284634 ], [ -8015076.935926628299057, 5100410.486818852834404 ], [ -8015005.146897977218032, 5100168.131119765341282 ], [ -8014946.140170957893133, 5099922.350413278676569 ], [ -8014900.077478908002377, 5099673.818367224186659 ], [ -8014867.085076462477446, 5099423.216190666891634 ], [ -8014847.253393505699933, 5099171.230766750872135 ], [ -8014840.636787300929427, 5098918.552770010195673 ] ] ] } },
{ "type": "Feature", "properties": { "facility_name": "Bay County Waste Facility", "state": "FL" }, "geometry": { "type": "Polygon", "coordinates": [ [ [ -9515193.835520895197988, 3537796.147366978693753 ], [ -9515200.452127100899816, 3537543.46937023755163 ], [ -9515220.283810056746006, 3537291.483946322463453 ], [ -9515253.276212502270937, 3537040.881769764237106 ], [ -9515299.338904552161694, 3536792.349723710678518 ], [ -9515358.345631571486592, 3536546.569017223548144 ], [ -9515430.134660221636295, 3536304.213318136520684 ], [ -9515514.509221766144037, 3536065.946906574070454 ], [ -9515611.238051395863295, 3535832.422854208853096 ], [ -9515720.056022113189101, 3535604.281234235968441 ], [ -9515840.664871424436569, 3535382.147366978693753 ], [ -9515972.734018854796886, 3535166.630105926189572 ], [ -9516115.901472052559257, 3534958.320168910548091 ], [ -9516269.774818981066346, 3534757.788518989924341 ], [ -9516433.932303490117192, 3534565.584799478296191 ], [ -9516607.923981325700879, 3534382.235827410127968 ], [ -9516791.272953394800425, 3534208.244149573612958 ], [ -9516983.476672906428576, 3534044.086665064562112 ], [ -9517184.008322827517986, 3533890.213318136520684 ], [ -9517392.318259842693806, 3533747.045864938292652 ], [ -9517607.835520895197988, 3533614.976717507466674 ], [ -9517829.969388153403997, 3533494.367868197150528 ], [ -9518058.111008124426007, 3533385.549897480290383 ], [ -9518291.635060491040349, 3533288.821067850105464 ], [ -9518529.901472052559257, 3533204.446506305597723 ], [ -9518772.257171140983701, 3533132.657477654982358 ], [ -9519018.037877626717091, 3533073.650750635657459 ], [ -9519266.569923680275679, 3533027.588058585301042 ], [ -9519517.172100238502026, 3532994.595656140707433 ], [ -9519769.157524153590202, 3532974.763973183464259 ], [ -9520021.835520895197988, 3532968.147366978693753 ], [ -9520274.513517636805773, 3532974.763973183464259 ], [ -9520526.49894155189395, 3532994.595656140707433 ], [ -9520777.101118110120296, 3533027.588058585301042 ], [ -9521025.633164163678885, 3533073.650750635657459 ], [ -9521271.413870649412274, 3533132.657477654982358 ], [ -9521513.769569737836719, 3533204.446506305597723 ], [ -9521752.035981299355626, 3533288.821067850105464 ], [ -9521985.560033665969968, 3533385.549897480290383 ], [ -9522213.701653636991978, 3533494.367868197150528 ], [ -9522435.835520895197988, 3533614.976717507466674 ], [ -9522651.352781947702169, 3533747.045864938292652 ], [ -9522859.662718962877989, 3533890.213318136520684 ], [ -9523060.1943688839674, 3534044.086665064562112 ], [ -9523252.398088395595551, 3534208.244149573612958 ], [ -9523435.747060464695096, 3534382.235827410127968 ], [ -9523609.738738300278783, 3534565.584799478296191 ], [ -9523773.896222809329629, 3534757.788518989924341 ], [ -9523927.769569737836719, 3534958.320168910548091 ], [ -9524070.937022935599089, 3535166.630105926189572 ], [ -9524203.006170365959406, 3535382.147366978693753 ], [ -9524323.615019677206874, 3535604.281234235968441 ], [ -9524432.432990394532681, 3535832.422854208853096 ], [ -9524529.161820024251938, 3536065.946906574070454 ], [ -9524613.53638156875968, 3536304.213318136520684 ], [ -9524685.325410218909383, 3536546.569017223548144 ], [ -9524744.332137238234282, 3536792.349723710678518 ], [ -9524790.394829288125038, 3537040.881769764237106 ], [ -9524823.387231733649969, 3537291.483946322463453 ], [ -9524843.21891468949616, 3537543.46937023755163 ], [ -9524849.835520895197988, 3537796.147366978693753 ], [ -9524843.21891468949616, 3538048.825363719835877 ], [ -9524823.387231733649969, 3538300.810787634924054 ], [ -9524790.394829288125038, 3538551.412964193150401 ], [ -9524744.332137238234282, 3538799.945010246708989 ], [ -9524685.325410218909383, 3539045.725716733839363 ], [ -9524613.53638156875968, 3539288.081415820866823 ], [ -9524529.161820024251938, 3539526.347827383317053 ], [ -9524432.432990394532681, 3539759.871879748534411 ], [ -9524323.615019677206874, 3539988.013499721419066 ], [ -9524203.006170365959406, 3540210.147366978693753 ], [ -9524070.937022935599089, 3540425.664628031197935 ], [ -9523927.769569737836719, 3540633.974565046839416 ], [ -9523773.896222809329629, 3540834.506214967463166 ], [ -9523609.738738300278783, 3541026.709934479091316 ], [ -9523435.747060464695096, 3541210.058906547259539 ], [ -9523252.398088395595551, 3541384.050584383774549 ], [ -9523060.1943688839674, 3541548.208068892825395 ], [ -9522859.662718962877989, 3541702.081415820866823 ], [ -9522651.352781947702169, 3541845.248869019094855 ], [ -9522435.835520895197988, 3541977.318016449920833 ], [ -9522213.701653636991978, 3542097.926865760236979 ], [ -9521985.560033665969968, 3542206.744836477097124 ], [ -9521752.035981299355626, 3542303.473666107282043 ], [ -9521513.769569737836719, 3542387.848227651789784 ], [ -9521271.413870649412274, 3542459.637256302405149 ], [ -9521025.633164163678885, 3542518.643983321730047 ], [ -9520777.101118110120296, 3542564.706675372086465 ], [ -9520526.49894155189395, 3542597.699077816680074 ], [ -9520274.513517636805773, 3542617.530760773923248 ], [ -9520021.835520895197988, 3542624.147366978693753 ], [ -9519769.157524153590202, 3542617.530760773923248 ], [ -9519517.172100238502026, 3542597.699077816680074 ], [ -9519266.569923680275679, 3542564.706675372086465 ], [ -9519018.037877626717091, 3542518.643983321730047 ], [ -9518772.257171140983701, 3542459.637256302405149 ], [ -9518529.901472052559257, 3542387.848227651789784 ], [ -9518291.635060491040349, 3542303.473666107282043 ], [ -9518058.111008124426007, 3542206.744836477097124 ], [ -9517829.969388153403997, 3542097.926865760236979 ], [ -9517607.835520895197988, 3541977.318016449920833 ], [ -9517392.318259842693806, 3541845.248869019094855 ], [ -9517184.008322827517986, 3541702.081415820866823 ], [ -9516983.476672906428576, 3541548.208068892825395 ], [ -9516791.272953394800425, 3541384.050584383774549 ], [ -9516607.923981325700879, 3541210.058906547259539 ], [ -9516433.932303490117192, 3541026.709934479091316 ], [ -9516269.774818981066346, 3540834.506214967463166 ], [ -9516115.901472052559257, 3540633.974565046839416 ], [ -9515972.734018854796886, 3540425.664628031197935 ], [ -9515840.664871424436569, 3540210.147366978693753 ], [ -9515720.056022113189101, 3539988.013499721419066 ], [ -9515611.238051395863295, 3539759.871879748534411 ], [ -9515514.509221766144037, 3539526.347827383317053 ], [ -9515430.134660221636295, 3539288.081415820866823 ], [ -9515358.345631571486592, 3539045.725716733839363 ], [ -9515299.338904552161694, 3538799.945010246708989 ], [ -9515253.276212502270937, 3538551.412964193150401 ], [ -9515220.283810056746006, 3538300.810787634924054 ], [ -9515200.452127100899816, 3538048.825363719835877 ], [ -9515193.835520895197988, 3537796.147366978693753 ] ] ] } },
{ "type": "Feature", "properties": { "facility_name": "Hillsborough County Resource Recovery Facility ", "state": "FL" }, "geometry": { "type": "Polygon", "coordinates": [ [ [ -9160697.117464797571301, 3243374.824179530143738 ], [ -9160703.734071003273129, 3243122.146182789001614 ], [ -9160723.56575395911932, 3242870.160758873913437 ], [ -9160756.558156404644251, 3242619.55858231568709 ], [ -9160802.620848454535007, 3242371.026536262128502 ], [ -9160861.627575473859906, 3242125.245829774998128 ], [ -9160933.416604124009609, 3241882.890130687970668 ], [ -9161017.791165668517351, 3241644.623719125520438 ], [ -9161114.519995298236609, 3241411.09966676030308 ], [ -9161223.337966015562415, 3241182.958046787418425 ], [ -9161343.946815326809883, 3240960.824179530143738 ], [ -9161476.0159627571702, 3240745.306918477639556 ], [ -9161619.18341595493257, 3240536.996981461998075 ], [ -9161773.05676288343966, 3240336.465331541374326 ], [ -9161937.214247392490506, 3240144.261612029746175 ], [ -9162111.205925228074193, 3239960.912639961577952 ], [ -9162294.554897297173738, 3239786.920962125062943 ], [ -9162486.758616808801889, 3239622.763477616012096 ], [ -9162687.2902667298913, 3239468.890130687970668 ], [ -9162895.60020374506712, 3239325.722677489742637 ], [ -9163111.117464797571301, 3239193.653530058916658 ], [ -9163333.251332055777311, 3239073.044680748600513 ], [ -9163561.392952026799321, 3238964.226710031740367 ], [ -9163794.917004393413663, 3238867.497880401555449 ], [ -9164033.18341595493257, 3238783.123318857047707 ], [ -9164275.539115043357015, 3238711.334290206432343 ], [ -9164521.319821529090405, 3238652.327563187107444 ], [ -9164769.851867582648993, 3238606.264871136751026 ], [ -9165020.45404414087534, 3238573.272468692157418 ], [ -9165272.439468055963516, 3238553.440785734914243 ], [ -9165525.117464797571301, 3238546.824179530143738 ], [ -9165777.795461539179087, 3238553.440785734914243 ], [ -9166029.780885454267263, 3238573.272468692157418 ], [ -9166280.38306201249361, 3238606.264871136751026 ], [ -9166528.915108066052198, 3238652.327563187107444 ], [ -9166774.695814551785588, 3238711.334290206432343 ], [ -9167017.051513640210032, 3238783.123318857047707 ], [ -9167255.31792520172894, 3238867.497880401555449 ], [ -9167488.841977568343282, 3238964.226710031740367 ], [ -9167716.983597539365292, 3239073.044680748600513 ], [ -9167939.117464797571301, 3239193.653530058916658 ], [ -9168154.634725850075483, 3239325.722677489742637 ], [ -9168362.944662865251303, 3239468.890130687970668 ], [ -9168563.476312786340714, 3239622.763477616012096 ], [ -9168755.680032297968864, 3239786.920962125062943 ], [ -9168939.02900436706841, 3239960.912639961577952 ], [ -9169113.020682202652097, 3240144.261612029746175 ], [ -9169277.178166711702943, 3240336.465331541374326 ], [ -9169431.051513640210032, 3240536.996981461998075 ], [ -9169574.218966837972403, 3240745.306918477639556 ], [ -9169706.28811426833272, 3240960.824179530143738 ], [ -9169826.896963579580188, 3241182.958046787418425 ], [ -9169935.714934296905994, 3241411.09966676030308 ], [ -9170032.443763926625252, 3241644.623719125520438 ], [ -9170116.818325471132994, 3241882.890130687970668 ], [ -9170188.607354121282697, 3242125.245829774998128 ], [ -9170247.614081140607595, 3242371.026536262128502 ], [ -9170293.676773190498352, 3242619.55858231568709 ], [ -9170326.669175636023283, 3242870.160758873913437 ], [ -9170346.500858591869473, 3243122.146182789001614 ], [ -9170353.117464797571301, 3243374.824179530143738 ], [ -9170346.500858591869473, 3243627.502176271285862 ], [ -9170326.669175636023283, 3243879.487600186374038 ], [ -9170293.676773190498352, 3244130.089776744600385 ], [ -9170247.614081140607595, 3244378.621822798158973 ], [ -9170188.607354121282697, 3244624.402529285289347 ], [ -9170116.818325471132994, 3244866.758228372316808 ], [ -9170032.443763926625252, 3245105.024639934767038 ], [ -9169935.714934296905994, 3245338.548692299984396 ], [ -9169826.896963579580188, 3245566.690312272869051 ], [ -9169706.28811426833272, 3245788.824179530143738 ], [ -9169574.218966837972403, 3246004.34144058264792 ], [ -9169431.051513640210032, 3246212.6513775982894 ], [ -9169277.178166711702943, 3246413.18302751891315 ], [ -9169113.020682202652097, 3246605.386747030541301 ], [ -9168939.02900436706841, 3246788.735719098709524 ], [ -9168755.680032297968864, 3246962.727396935224533 ], [ -9168563.476312786340714, 3247126.884881444275379 ], [ -9168362.944662865251303, 3247280.758228372316808 ], [ -9168154.634725850075483, 3247423.925681570544839 ], [ -9167939.117464797571301, 3247555.994829001370817 ], [ -9167716.983597539365292, 3247676.603678311686963 ], [ -9167488.841977568343282, 3247785.421649028547108 ], [ -9167255.31792520172894, 3247882.150478658732027 ], [ -9167017.051513640210032, 3247966.525040203239769 ], [ -9166774.695814551785588, 3248038.314068853855133 ], [ -9166528.915108066052198, 3248097.320795873180032 ], [ -9166280.38306201249361, 3248143.38348792353645 ], [ -9166029.780885454267263, 3248176.375890368130058 ], [ -9165777.795461539179087, 3248196.207573325373232 ], [ -9165525.117464797571301, 3248202.824179530143738 ], [ -9165272.439468055963516, 3248196.207573325373232 ], [ -9165020.45404414087534, 3248176.375890368130058 ], [ -9164769.851867582648993, 3248143.38348792353645 ], [ -9164521.319821529090405, 3248097.320795873180032 ], [ -9164275.539115043357015, 3248038.314068853855133 ], [ -9164033.18341595493257, 3247966.525040203239769 ], [ -9163794.917004393413663, 3247882.150478658732027 ], [ -9163561.392952026799321, 3247785.421649028547108 ], [ -9163333.251332055777311, 3247676.603678311686963 ], [ -9163111.117464797571301, 3247555.994829001370817 ], [ -9162895.60020374506712, 3247423.925681570544839 ], [ -9162687.2902667298913, 3247280.758228372316808 ], [ -9162486.758616808801889, 3247126.884881444275379 ], [ -9162294.554897297173738, 3246962.727396935224533 ], [ -9162111.205925228074193, 3246788.735719098709524 ], [ -9161937.214247392490506, 3246605.386747030541301 ], [ -9161773.05676288343966, 3246413.18302751891315 ], [ -9161619.18341595493257, 3246212.6513775982894 ], [ -9161476.0159627571702, 3246004.34144058264792 ], [ -9161343.946815326809883, 3245788.824179530143738 ], [ -9161223.337966015562415, 3245566.690312272869051 ], [ -9161114.519995298236609, 3245338.548692299984396 ], [ -9161017.791165668517351, 3245105.024639934767038 ], [ -9160933.416604124009609, 3244866.758228372316808 ], [ -9160861.627575473859906, 3244624.402529285289347 ], [ -9160802.620848454535007, 3244378.621822798158973 ], [ -9160756.558156404644251, 3244130.089776744600385 ], [ -9160723.56575395911932, 3243879.487600186374038 ], [ -9160703.734071003273129, 3243627.502176271285862 ], [ -9160697.117464797571301, 3243374.824179530143738 ] ] ] } },
{ "type": "Feature", "properties": { "facility_name": "Lake County Resource Recovery Facility", "state": "FL" }, "geometry": { "type": "Polygon", "coordinates": [ [ [ -9111062.751014379784465, 3342700.928330917377025 ], [ -9111069.367620585486293, 3342448.250334176234901 ], [ -9111089.199303541332483, 3342196.264910261146724 ], [ -9111122.191705986857414, 3341945.662733702920377 ], [ -9111168.254398036748171, 3341697.130687649361789 ], [ -9111227.26112505607307, 3341451.349981162231416 ], [ -9111299.050153706222773, 3341208.994282075203955 ], [ -9111383.424715250730515, 3340970.727870512753725 ], [ -9111480.153544880449772, 3340737.203818147536367 ], [ -9111588.971515597775578, 3340509.062198174651712 ], [ -9111709.580364909023046, 3340286.928330917377025 ], [ -9111841.649512339383364, 3340071.411069864872843 ], [ -9111984.816965537145734, 3339863.101132849231362 ], [ -9112138.690312465652823, 3339662.569482928607613 ], [ -9112302.84779697470367, 3339470.365763416979462 ], [ -9112476.839474810287356, 3339287.016791348811239 ], [ -9112660.188446879386902, 3339113.02511351229623 ], [ -9112852.392166391015053, 3338948.867629003245384 ], [ -9113052.923816312104464, 3338794.994282075203955 ], [ -9113261.233753327280283, 3338651.826828876975924 ], [ -9113476.751014379784465, 3338519.757681446149945 ], [ -9113698.884881637990475, 3338399.1488321358338 ], [ -9113927.026501609012485, 3338290.330861418973655 ], [ -9114160.550553975626826, 3338193.602031788788736 ], [ -9114398.816965537145734, 3338109.227470244280994 ], [ -9114641.172664625570178, 3338037.43844159366563 ], [ -9114886.953371111303568, 3337978.431714574340731 ], [ -9115135.485417164862156, 3337932.369022523984313 ], [ -9115386.087593723088503, 3337899.376620079390705 ], [ -9115638.07301763817668, 3337879.54493712214753 ], [ -9115890.751014379784465, 3337872.928330917377025 ], [ -9116143.42901112139225, 3337879.54493712214753 ], [ -9116395.414435036480427, 3337899.376620079390705 ], [ -9116646.016611594706774, 3337932.369022523984313 ], [ -9116894.548657648265362, 3337978.431714574340731 ], [ -9117140.329364133998752, 3338037.43844159366563 ], [ -9117382.685063222423196, 3338109.227470244280994 ], [ -9117620.951474783942103, 3338193.602031788788736 ], [ -9117854.475527150556445, 3338290.330861418973655 ], [ -9118082.617147121578455, 3338399.1488321358338 ], [ -9118304.751014379784465, 3338519.757681446149945 ], [ -9118520.268275432288647, 3338651.826828876975924 ], [ -9118728.578212447464466, 3338794.994282075203955 ], [ -9118929.109862368553877, 3338948.867629003245384 ], [ -9119121.313581880182028, 3339113.02511351229623 ], [ -9119304.662553949281573, 3339287.016791348811239 ], [ -9119478.65423178486526, 3339470.365763416979462 ], [ -9119642.811716293916106, 3339662.569482928607613 ], [ -9119796.685063222423196, 3339863.101132849231362 ], [ -9119939.852516420185566, 3340071.411069864872843 ], [ -9120071.921663850545883, 3340286.928330917377025 ], [ -9120192.530513161793351, 3340509.062198174651712 ], [ -9120301.348483879119158, 3340737.203818147536367 ], [ -9120398.077313508838415, 3340970.727870512753725 ], [ -9120482.451875053346157, 3341208.994282075203955 ], [ -9120554.24090370349586, 3341451.349981162231416 ], [ -9120613.247630722820759, 3341697.130687649361789 ], [ -9120659.310322772711515, 3341945.662733702920377 ], [ -9120692.302725218236446, 3342196.264910261146724 ], [ -9120712.134408174082637, 3342448.250334176234901 ], [ -9120718.751014379784465, 3342700.928330917377025 ], [ -9120712.134408174082637, 3342953.606327658519149 ], [ -9120692.302725218236446, 3343205.591751573607326 ], [ -9120659.310322772711515, 3343456.193928131833673 ], [ -9120613.247630722820759, 3343704.725974185392261 ], [ -9120554.24090370349586, 3343950.506680672522634 ], [ -9120482.451875053346157, 3344192.862379759550095 ], [ -9120398.077313508838415, 3344431.128791322000325 ], [ -9120301.348483879119158, 3344664.652843687217683 ], [ -9120192.530513161793351, 3344892.794463660102338 ], [ -9120071.921663850545883, 3345114.928330917377025 ], [ -9119939.852516420185566, 3345330.445591969881207 ], [ -9119796.685063222423196, 3345538.755528985522687 ], [ -9119642.811716293916106, 3345739.287178906146437 ], [ -9119478.65423178486526, 3345931.490898417774588 ], [ -9119304.662553949281573, 3346114.839870485942811 ], [ -9119121.313581880182028, 3346288.83154832245782 ], [ -9118929.109862368553877, 3346452.989032831508666 ], [ -9118728.578212447464466, 3346606.862379759550095 ], [ -9118520.268275432288647, 3346750.029832957778126 ], [ -9118304.751014379784465, 3346882.098980388604105 ], [ -9118082.617147121578455, 3347002.70782969892025 ], [ -9117854.475527150556445, 3347111.525800415780395 ], [ -9117620.951474783942103, 3347208.254630045965314 ], [ -9117382.685063222423196, 3347292.629191590473056 ], [ -9117140.329364133998752, 3347364.41822024108842 ], [ -9116894.548657648265362, 3347423.424947260413319 ], [ -9116646.016611594706774, 3347469.487639310769737 ], [ -9116395.414435036480427, 3347502.480041755363345 ], [ -9116143.42901112139225, 3347522.311724712606519 ], [ -9115890.751014379784465, 3347528.928330917377025 ], [ -9115638.07301763817668, 3347522.311724712606519 ], [ -9115386.087593723088503, 3347502.480041755363345 ], [ -9115135.485417164862156, 3347469.487639310769737 ], [ -9114886.953371111303568, 3347423.424947260413319 ], [ -9114641.172664625570178, 3347364.41822024108842 ], [ -9114398.816965537145734, 3347292.629191590473056 ], [ -9114160.550553975626826, 3347208.254630045965314 ], [ -9113927.026501609012485, 3347111.525800415780395 ], [ -9113698.884881637990475, 3347002.70782969892025 ], [ -9113476.751014379784465, 3346882.098980388604105 ], [ -9113261.233753327280283, 3346750.029832957778126 ], [ -9113052.923816312104464, 3346606.862379759550095 ], [ -9112852.392166391015053, 3346452.989032831508666 ], [ -9112660.188446879386902, 3346288.83154832245782 ], [ -9112476.839474810287356, 3346114.839870485942811 ], [ -9112302.84779697470367, 3345931.490898417774588 ], [ -9112138.690312465652823, 3345739.287178906146437 ], [ -9111984.816965537145734, 3345538.755528985522687 ], [ -9111841.649512339383364, 3345330.445591969881207 ], [ -9111709.580364909023046, 3345114.928330917377025 ], [ -9111588.971515597775578, 3344892.794463660102338 ], [ -9111480.153544880449772, 3344664.652843687217683 ], [ -9111383.424715250730515, 3344431.128791322000325 ], [ -9111299.050153706222773, 3344192.862379759550095 ], [ -9111227.26112505607307, 3343950.506680672522634 ], [ -9111168.254398036748171, 3343704.725974185392261 ], [ -9111122.191705986857414, 3343456.193928131833673 ], [ -9111089.199303541332483, 3343205.591751573607326 ], [ -9111069.367620585486293, 3342953.606327658519149 ], [ -9111062.751014379784465, 3342700.928330917377025 ] ] ] } },
{ "type": "Feature", "properties": { "facility_name": "Lee County Resource Recovery Facility ", "state": "FL" }, "geometry": { "type": "Polygon", "coordinates": [ [ [ -9097009.956607820466161, 3077002.359526901505888 ], [ -9097016.573214026167989, 3076749.681530160363764 ], [ -9097036.404896982014179, 3076497.696106245275587 ], [ -9097069.39729942753911, 3076247.09392968704924 ], [ -9097115.459991477429867, 3075998.561883633490652 ], [ -9097174.466718496754766, 3075752.781177146360278 ], [ -9097246.255747146904469, 3075510.425478059332818 ], [ -9097330.63030869141221, 3075272.159066496882588 ], [ -9097427.359138321131468, 3075038.63501413166523 ], [ -9097536.177109038457274, 3074810.493394158780575 ], [ -9097656.785958349704742, 3074588.359526901505888 ], [ -9097788.85510578006506, 3074372.842265849001706 ], [ -9097932.02255897782743, 3074164.532328833360225 ], [ -9098085.895905906334519, 3073964.000678912736475 ], [ -9098250.053390415385365, 3073771.796959401108325 ], [ -9098424.045068250969052, 3073588.447987332940102 ], [ -9098607.394040320068598, 3073414.456309496425092 ], [ -9098799.597759831696749, 3073250.298824987374246 ], [ -9099000.12940975278616, 3073096.425478059332818 ], [ -9099208.439346767961979, 3072953.258024861104786 ], [ -9099423.956607820466161, 3072821.188877430278808 ], [ -9099646.090475078672171, 3072700.580028119962662 ], [ -9099874.23209504969418, 3072591.762057403102517 ], [ -9100107.756147416308522, 3072495.033227772917598 ], [ -9100346.02255897782743, 3072410.658666228409857 ], [ -9100588.378258066251874, 3072338.869637577794492 ], [ -9100834.158964551985264, 3072279.862910558469594 ], [ -9101082.691010605543852, 3072233.800218508113176 ], [ -9101333.293187163770199, 3072200.807816063519567 ], [ -9101585.278611078858376, 3072180.976133106276393 ], [ -9101837.956607820466161, 3072174.359526901505888 ], [ -9102090.634604562073946, 3072180.976133106276393 ], [ -9102342.620028477162123, 3072200.807816063519567 ], [ -9102593.22220503538847, 3072233.800218508113176 ], [ -9102841.754251088947058, 3072279.862910558469594 ], [ -9103087.534957574680448, 3072338.869637577794492 ], [ -9103329.890656663104892, 3072410.658666228409857 ], [ -9103568.157068224623799, 3072495.033227772917598 ], [ -9103801.681120591238141, 3072591.762057403102517 ], [ -9104029.822740562260151, 3072700.580028119962662 ], [ -9104251.956607820466161, 3072821.188877430278808 ], [ -9104467.473868872970343, 3072953.258024861104786 ], [ -9104675.783805888146162, 3073096.425478059332818 ], [ -9104876.315455809235573, 3073250.298824987374246 ], [ -9105068.519175320863724, 3073414.456309496425092 ], [ -9105251.868147389963269, 3073588.447987332940102 ], [ -9105425.859825225546956, 3073771.796959401108325 ], [ -9105590.017309734597802, 3073964.000678912736475 ], [ -9105743.890656663104892, 3074164.532328833360225 ], [ -9105887.058109860867262, 3074372.842265849001706 ], [ -9106019.127257291227579, 3074588.359526901505888 ], [ -9106139.736106602475047, 3074810.493394158780575 ], [ -9106248.554077319800854, 3075038.63501413166523 ], [ -9106345.282906949520111, 3075272.159066496882588 ], [ -9106429.657468494027853, 3075510.425478059332818 ], [ -9106501.446497144177556, 3075752.781177146360278 ], [ -9106560.453224163502455, 3075998.561883633490652 ], [ -9106606.515916213393211, 3076247.09392968704924 ], [ -9106639.508318658918142, 3076497.696106245275587 ], [ -9106659.340001614764333, 3076749.681530160363764 ], [ -9106665.956607820466161, 3077002.359526901505888 ], [ -9106659.340001614764333, 3077255.037523642648011 ], [ -9106639.508318658918142, 3077507.022947557736188 ], [ -9106606.515916213393211, 3077757.625124115962535 ], [ -9106560.453224163502455, 3078006.157170169521123 ], [ -9106501.446497144177556, 3078251.937876656651497 ], [ -9106429.657468494027853, 3078494.293575743678957 ], [ -9106345.282906949520111, 3078732.559987306129187 ], [ -9106248.554077319800854, 3078966.084039671346545 ], [ -9106139.736106602475047, 3079194.2256596442312 ], [ -9106019.127257291227579, 3079416.359526901505888 ], [ -9105887.058109860867262, 3079631.876787954010069 ], [ -9105743.890656663104892, 3079840.18672496965155 ], [ -9105590.017309734597802, 3080040.7183748902753 ], [ -9105425.859825225546956, 3080232.92209440190345 ], [ -9105251.868147389963269, 3080416.271066470071673 ], [ -9105068.519175320863724, 3080590.262744306586683 ], [ -9104876.315455809235573, 3080754.420228815637529 ], [ -9104675.783805888146162, 3080908.293575743678957 ], [ -9104467.473868872970343, 3081051.461028941906989 ], [ -9104251.956607820466161, 3081183.530176372732967 ], [ -9104029.822740562260151, 3081304.139025683049113 ], [ -9103801.681120591238141, 3081412.956996399909258 ], [ -9103568.157068224623799, 3081509.685826030094177 ], [ -9103329.890656663104892, 3081594.060387574601918 ], [ -9103087.534957574680448, 3081665.849416225217283 ], [ -9102841.754251088947058, 3081724.856143244542181 ], [ -9102593.22220503538847, 3081770.918835294898599 ], [ -9102342.620028477162123, 3081803.911237739492208 ], [ -9102090.634604562073946, 3081823.742920696735382 ], [ -9101837.956607820466161, 3081830.359526901505888 ], [ -9101585.278611078858376, 3081823.742920696735382 ], [ -9101333.293187163770199, 3081803.911237739492208 ], [ -9101082.691010605543852, 3081770.918835294898599 ], [ -9100834.158964551985264, 3081724.856143244542181 ], [ -9100588.378258066251874, 3081665.849416225217283 ], [ -9100346.02255897782743, 3081594.060387574601918 ], [ -9100107.756147416308522, 3081509.685826030094177 ], [ -9099874.23209504969418, 3081412.956996399909258 ], [ -9099646.090475078672171, 3081304.139025683049113 ], [ -9099423.956607820466161, 3081183.530176372732967 ], [ -9099208.439346767961979, 3081051.461028941906989 ], [ -9099000.12940975278616, 3080908.293575743678957 ], [ -9098799.597759831696749, 3080754.420228815637529 ], [ -9098607.394040320068598, 3080590.262744306586683 ], [ -9098424.045068250969052, 3080416.271066470071673 ], [ -9098250.053390415385365, 3080232.92209440190345 ], [ -9098085.895905906334519, 3080040.7183748902753 ], [ -9097932.02255897782743, 3079840.18672496965155 ], [ -9097788.85510578006506, 3079631.876787954010069 ], [ -9097656.785958349704742, 3079416.359526901505888 ], [ -9097536.177109038457274, 3079194.2256596442312 ], [ -9097427.359138321131468, 3078966.084039671346545 ], [ -9097330.63030869141221, 3078732.559987306129187 ], [ -9097246.255747146904469, 3078494.293575743678957 ], [ -9097174.466718496754766, 3078251.937876656651497 ], [ -9097115.459991477429867, 3078006.157170169521123 ], [ -9097069.39729942753911, 3077757.625124115962535 ], [ -9097036.404896982014179, 3077507.022947557736188 ], [ -9097016.573214026167989, 3077255.037523642648011 ], [ -9097009.956607820466161, 3077002.359526901505888 ] ] ] } },
{ "type": "Feature", "properties": { "facility_name": "McKay Bay Refuse to Energy Facility", "state": "FL" }, "geometry": { "type": "Polygon", "coordinates": [ [ [ -9170284.864831740036607, 3242589.432526671793312 ], [ -9170291.481437945738435, 3242336.754529930651188 ], [ -9170311.313120901584625, 3242084.769106015563011 ], [ -9170344.305523347109556, 3241834.166929457336664 ], [ -9170390.368215397000313, 3241585.634883403778076 ], [ -9170449.374942416325212, 3241339.854176916647702 ], [ -9170521.163971066474915, 3241097.498477829620242 ], [ -9170605.538532610982656, 3240859.232066267170012 ], [ -9170702.267362240701914, 3240625.708013901952654 ], [ -9170811.08533295802772, 3240397.566393929067999 ], [ -9170931.694182269275188, 3240175.432526671793312 ], [ -9171063.763329699635506, 3239959.91526561928913 ], [ -9171206.930782897397876, 3239751.605328603647649 ], [ -9171360.804129825904965, 3239551.0736786830239 ], [ -9171524.961614334955812, 3239358.869959171395749 ], [ -9171698.953292170539498, 3239175.520987103227526 ], [ -9171882.302264239639044, 3239001.529309266712517 ], [ -9172074.505983751267195, 3238837.37182475766167 ], [ -9172275.037633672356606, 3238683.498477829620242 ], [ -9172483.347570687532425, 3238540.331024631392211 ], [ -9172698.864831740036607, 3238408.261877200566232 ], [ -9172920.998698998242617, 3238287.653027890250087 ], [ -9173149.140318969264627, 3238178.835057173389941 ], [ -9173382.664371335878968, 3238082.106227543205023 ], [ -9173620.930782897397876, 3237997.731665998697281 ], [ -9173863.28648198582232, 3237925.942637348081917 ], [ -9174109.06718847155571, 3237866.935910328757018 ], [ -9174357.599234525114298, 3237820.8732182784006 ], [ -9174608.201411083340645, 3237787.880815833806992 ], [ -9174860.186834998428822, 3237768.049132876563817 ], [ -9175112.864831740036607, 3237761.432526671793312 ], [ -9175365.542828481644392, 3237768.049132876563817 ], [ -9175617.528252396732569, 3237787.880815833806992 ], [ -9175868.130428954958916, 3237820.8732182784006 ], [ -9176116.662475008517504, 3237866.935910328757018 ], [ -9176362.443181494250894, 3237925.942637348081917 ], [ -9176604.798880582675338, 3237997.731665998697281 ], [ -9176843.065292144194245, 3238082.106227543205023 ], [ -9177076.589344510808587, 3238178.835057173389941 ], [ -9177304.730964481830597, 3238287.653027890250087 ], [ -9177526.864831740036607, 3238408.261877200566232 ], [ -9177742.382092792540789, 3238540.331024631392211 ], [ -9177950.692029807716608, 3238683.498477829620242 ], [ -9178151.223679728806019, 3238837.37182475766167 ], [ -9178343.42739924043417, 3239001.529309266712517 ], [ -9178526.776371309533715, 3239175.520987103227526 ], [ -9178700.768049145117402, 3239358.869959171395749 ], [ -9178864.925533654168248, 3239551.0736786830239 ], [ -9179018.798880582675338, 3239751.605328603647649 ], [ -9179161.966333780437708, 3239959.91526561928913 ], [ -9179294.035481210798025, 3240175.432526671793312 ], [ -9179414.644330522045493, 3240397.566393929067999 ], [ -9179523.4623012393713, 3240625.708013901952654 ], [ -9179620.191130869090557, 3240859.232066267170012 ], [ -9179704.565692413598299, 3241097.498477829620242 ], [ -9179776.354721063748002, 3241339.854176916647702 ], [ -9179835.361448083072901, 3241585.634883403778076 ], [ -9179881.424140132963657, 3241834.166929457336664 ], [ -9179914.416542578488588, 3242084.769106015563011 ], [ -9179934.248225534334779, 3242336.754529930651188 ], [ -9179940.864831740036607, 3242589.432526671793312 ], [ -9179934.248225534334779, 3242842.110523412935436 ], [ -9179914.416542578488588, 3243094.095947328023612 ], [ -9179881.424140132963657, 3243344.698123886249959 ], [ -9179835.361448083072901, 3243593.230169939808547 ], [ -9179776.354721063748002, 3243839.010876426938921 ], [ -9179704.565692413598299, 3244081.366575513966382 ], [ -9179620.191130869090557, 3244319.632987076416612 ], [ -9179523.4623012393713, 3244553.15703944163397 ], [ -9179414.644330522045493, 3244781.298659414518625 ], [ -9179294.035481210798025, 3245003.432526671793312 ], [ -9179161.966333780437708, 3245218.949787724297494 ], [ -9179018.798880582675338, 3245427.259724739938974 ], [ -9178864.925533654168248, 3245627.791374660562724 ], [ -9178700.768049145117402, 3245819.995094172190875 ], [ -9178526.776371309533715, 3246003.344066240359098 ], [ -9178343.42739924043417, 3246177.335744076874107 ], [ -9178151.223679728806019, 3246341.493228585924953 ], [ -9177950.692029807716608, 3246495.366575513966382 ], [ -9177742.382092792540789, 3246638.534028712194413 ], [ -9177526.864831740036607, 3246770.603176143020391 ], [ -9177304.730964481830597, 3246891.212025453336537 ], [ -9177076.589344510808587, 3247000.029996170196682 ], [ -9176843.065292144194245, 3247096.758825800381601 ], [ -9176604.798880582675338, 3247181.133387344889343 ], [ -9176362.443181494250894, 3247252.922415995504707 ], [ -9176116.662475008517504, 3247311.929143014829606 ], [ -9175868.130428954958916, 3247357.991835065186024 ], [ -9175617.528252396732569, 3247390.984237509779632 ], [ -9175365.542828481644392, 3247410.815920467022806 ], [ -9175112.864831740036607, 3247417.432526671793312 ], [ -9174860.186834998428822, 3247410.815920467022806 ], [ -9174608.201411083340645, 3247390.984237509779632 ], [ -9174357.599234525114298, 3247357.991835065186024 ], [ -9174109.06718847155571, 3247311.929143014829606 ], [ -9173863.28648198582232, 3247252.922415995504707 ], [ -9173620.930782897397876, 3247181.133387344889343 ], [ -9173382.664371335878968, 3247096.758825800381601 ], [ -9173149.140318969264627, 3247000.029996170196682 ], [ -9172920.998698998242617, 3246891.212025453336537 ], [ -9172698.864831740036607, 3246770.603176143020391 ], [ -9172483.347570687532425, 3246638.534028712194413 ], [ -9172275.037633672356606, 3246495.366575513966382 ], [ -9172074.505983751267195, 3246341.493228585924953 ], [ -9171882.302264239639044, 3246177.335744076874107 ], [ -9171698.953292170539498, 3246003.344066240359098 ], [ -9171524.961614334955812, 3245819.995094172190875 ], [ -9171360.804129825904965, 3245627.791374660562724 ], [ -9171206.930782897397876, 3245427.259724739938974 ], [ -9171063.763329699635506, 3245218.949787724297494 ], [ -9170931.694182269275188, 3245003.432526671793312 ], [ -9170811.08533295802772, 3244781.298659414518625 ], [ -9170702.267362240701914, 3244553.15703944163397 ], [ -9170605.538532610982656, 3244319.632987076416612 ], [ -9170521.163971066474915, 3244081.366575513966382 ], [ -9170449.374942416325212, 3243839.010876426938921 ], [ -9170390.368215397000313, 3243593.230169939808547 ], [ -9170344.305523347109556, 3243344.698123886249959 ], [ -9170311.313120901584625, 3243094.095947328023612 ], [ -9170291.481437945738435, 3242842.110523412935436 ], [ -9170284.864831740036607, 3242589.432526671793312 ] ] ] } },
{ "type": "Feature", "properties": { "facility_name": "Miami-Dade County Resource Recovery Facility ", "state": "FL" }, "geometry": { "type": "Polygon", "coordinates": [ [ [ -8940323.888266062363982, 2978694.323784732725471 ], [ -8940330.50487226806581, 2978441.645787991583347 ], [ -8940350.336555223912001, 2978189.660364076495171 ], [ -8940383.328957669436932, 2977939.058187518268824 ], [ -8940429.391649719327688, 2977690.526141464710236 ], [ -8940488.398376738652587, 2977444.745434977579862 ], [ -8940560.18740538880229, 2977202.389735890552402 ], [ -8940644.561966933310032, 2976964.123324328102171 ], [ -8940741.290796563029289, 2976730.599271962884814 ], [ -8940850.108767280355096, 2976502.457651990000159 ], [ -8940970.717616591602564, 2976280.323784732725471 ], [ -8941102.786764021962881, 2976064.806523680221289 ], [ -8941245.954217219725251, 2975856.496586664579809 ], [ -8941399.827564148232341, 2975655.964936743956059 ], [ -8941563.985048657283187, 2975463.761217232327908 ], [ -8941737.976726492866874, 2975280.412245164159685 ], [ -8941921.325698561966419, 2975106.420567327644676 ], [ -8942113.52941807359457, 2974942.26308281859383 ], [ -8942314.061067994683981, 2974788.389735890552402 ], [ -8942522.3710050098598, 2974645.22228269232437 ], [ -8942737.888266062363982, 2974513.153135261498392 ], [ -8942960.022133320569992, 2974392.544285951182246 ], [ -8943188.163753291592002, 2974283.726315234322101 ], [ -8943421.687805658206344, 2974186.997485604137182 ], [ -8943659.954217219725251, 2974102.62292405962944 ], [ -8943902.309916308149695, 2974030.833895409014076 ], [ -8944148.090622793883085, 2973971.827168389689177 ], [ -8944396.622668847441673, 2973925.764476339332759 ], [ -8944647.22484540566802, 2973892.772073894739151 ], [ -8944899.210269320756197, 2973872.940390937495977 ], [ -8945151.888266062363982, 2973866.323784732725471 ], [ -8945404.566262803971767, 2973872.940390937495977 ], [ -8945656.551686719059944, 2973892.772073894739151 ], [ -8945907.153863277286291, 2973925.764476339332759 ], [ -8946155.685909330844879, 2973971.827168389689177 ], [ -8946401.466615816578269, 2974030.833895409014076 ], [ -8946643.822314905002713, 2974102.62292405962944 ], [ -8946882.088726466521621, 2974186.997485604137182 ], [ -8947115.612778833135962, 2974283.726315234322101 ], [ -8947343.754398804157972, 2974392.544285951182246 ], [ -8947565.888266062363982, 2974513.153135261498392 ], [ -8947781.405527114868164, 2974645.22228269232437 ], [ -8947989.715464130043983, 2974788.389735890552402 ], [ -8948190.247114051133394, 2974942.26308281859383 ], [ -8948382.450833562761545, 2975106.420567327644676 ], [ -8948565.799805631861091, 2975280.412245164159685 ], [ -8948739.791483467444777, 2975463.761217232327908 ], [ -8948903.948967976495624, 2975655.964936743956059 ], [ -8949057.822314905002713, 2975856.496586664579809 ], [ -8949200.989768102765083, 2976064.806523680221289 ], [ -8949333.058915533125401, 2976280.323784732725471 ], [ -8949453.667764844372869, 2976502.457651990000159 ], [ -8949562.485735561698675, 2976730.599271962884814 ], [ -8949659.214565191417933, 2976964.123324328102171 ], [ -8949743.589126735925674, 2977202.389735890552402 ], [ -8949815.378155386075377, 2977444.745434977579862 ], [ -8949874.384882405400276, 2977690.526141464710236 ], [ -8949920.447574455291033, 2977939.058187518268824 ], [ -8949953.439976900815964, 2978189.660364076495171 ], [ -8949973.271659856662154, 2978441.645787991583347 ], [ -8949979.888266062363982, 2978694.323784732725471 ], [ -8949973.271659856662154, 2978947.001781473867595 ], [ -8949953.439976900815964, 2979198.987205388955772 ], [ -8949920.447574455291033, 2979449.589381947182119 ], [ -8949874.384882405400276, 2979698.121428000740707 ], [ -8949815.378155386075377, 2979943.902134487871081 ], [ -8949743.589126735925674, 2980186.257833574898541 ], [ -8949659.214565191417933, 2980424.524245137348771 ], [ -8949562.485735561698675, 2980658.048297502566129 ], [ -8949453.667764844372869, 2980886.189917475450784 ], [ -8949333.058915533125401, 2981108.323784732725471 ], [ -8949200.989768102765083, 2981323.841045785229653 ], [ -8949057.822314905002713, 2981532.150982800871134 ], [ -8948903.948967976495624, 2981732.682632721494883 ], [ -8948739.791483467444777, 2981924.886352233123034 ], [ -8948565.799805631861091, 2982108.235324301291257 ], [ -8948382.450833562761545, 2982282.227002137806267 ], [ -8948190.247114051133394, 2982446.384486646857113 ], [ -8947989.715464130043983, 2982600.257833574898541 ], [ -8947781.405527114868164, 2982743.425286773126572 ], [ -8947565.888266062363982, 2982875.494434203952551 ], [ -8947343.754398804157972, 2982996.103283514268696 ], [ -8947115.612778833135962, 2983104.921254231128842 ], [ -8946882.088726466521621, 2983201.65008386131376 ], [ -8946643.822314905002713, 2983286.024645405821502 ], [ -8946401.466615816578269, 2983357.813674056436867 ], [ -8946155.685909330844879, 2983416.820401075761765 ], [ -8945907.153863277286291, 2983462.883093126118183 ], [ -8945656.551686719059944, 2983495.875495570711792 ], [ -8945404.566262803971767, 2983515.707178527954966 ], [ -8945151.888266062363982, 2983522.323784732725471 ], [ -8944899.210269320756197, 2983515.707178527954966 ], [ -8944647.22484540566802, 2983495.875495570711792 ], [ -8944396.622668847441673, 2983462.883093126118183 ], [ -8944148.090622793883085, 2983416.820401075761765 ], [ -8943902.309916308149695, 2983357.813674056436867 ], [ -8943659.954217219725251, 2983286.024645405821502 ], [ -8943421.687805658206344, 2983201.65008386131376 ], [ -8943188.163753291592002, 2983104.921254231128842 ], [ -8942960.022133320569992, 2982996.103283514268696 ], [ -8942737.888266062363982, 2982875.494434203952551 ], [ -8942522.3710050098598, 2982743.425286773126572 ], [ -8942314.061067994683981, 2982600.257833574898541 ], [ -8942113.52941807359457, 2982446.384486646857113 ], [ -8941921.325698561966419, 2982282.227002137806267 ], [ -8941737.976726492866874, 2982108.235324301291257 ], [ -8941563.985048657283187, 2981924.886352233123034 ], [ -8941399.827564148232341, 2981732.682632721494883 ], [ -8941245.954217219725251, 2981532.150982800871134 ], [ -8941102.786764021962881, 2981323.841045785229653 ], [ -8940970.717616591602564, 2981108.323784732725471 ], [ -8940850.108767280355096, 2980886.189917475450784 ], [ -8940741.290796563029289, 2980658.048297502566129 ], [ -8940644.561966933310032, 2980424.524245137348771 ], [ -8940560.18740538880229, 2980186.257833574898541 ], [ -8940488.398376738652587, 2979943.902134487871081 ], [ -8940429.391649719327688, 2979698.121428000740707 ], [ -8940383.328957669436932, 2979449.589381947182119 ], [ -8940350.336555223912001, 2979198.987205388955772 ], [ -8940330.50487226806581, 2978947.001781473867595 ], [ -8940323.888266062363982, 2978694.323784732725471 ] ] ] } },
{ "type": "Feature", "properties": { "facility_name": "Palm Beach Renewable Energy Facility 1", "state": "FL" }, "geometry": { "type": "Polygon", "coordinates": [ [ [ -8916954.787938911467791, 3084930.117669674102217 ], [ -8916961.404545117169619, 3084677.439672932960093 ], [ -8916981.236228073015809, 3084425.454249017871916 ], [ -8917014.22863051854074, 3084174.852072459645569 ], [ -8917060.291322568431497, 3083926.320026406086981 ], [ -8917119.298049587756395, 3083680.539319918956608 ], [ -8917191.087078237906098, 3083438.183620831929147 ], [ -8917275.46163978241384, 3083199.917209269478917 ], [ -8917372.190469412133098, 3082966.393156904261559 ], [ -8917481.008440129458904, 3082738.251536931376904 ], [ -8917601.617289440706372, 3082516.117669674102217 ], [ -8917733.686436871066689, 3082300.600408621598035 ], [ -8917876.85389006882906, 3082092.290471605956554 ], [ -8918030.727236997336149, 3081891.758821685332805 ], [ -8918194.884721506386995, 3081699.555102173704654 ], [ -8918368.876399341970682, 3081516.206130105536431 ], [ -8918552.225371411070228, 3081342.214452269021422 ], [ -8918744.429090922698379, 3081178.056967759970576 ], [ -8918944.960740843787789, 3081024.183620831929147 ], [ -8919153.270677858963609, 3080881.016167633701116 ], [ -8919368.787938911467791, 3080748.947020202875137 ], [ -8919590.9218061696738, 3080628.338170892558992 ], [ -8919819.06342614069581, 3080519.520200175698847 ], [ -8920052.587478507310152, 3080422.791370545513928 ], [ -8920290.85389006882906, 3080338.416809001006186 ], [ -8920533.209589157253504, 3080266.627780350390822 ], [ -8920778.990295642986894, 3080207.621053331065923 ], [ -8921027.522341696545482, 3080161.558361280709505 ], [ -8921278.124518254771829, 3080128.565958836115897 ], [ -8921530.109942169860005, 3080108.734275878872722 ], [ -8921782.787938911467791, 3080102.117669674102217 ], [ -8922035.465935653075576, 3080108.734275878872722 ], [ -8922287.451359568163753, 3080128.565958836115897 ], [ -8922538.0535361263901, 3080161.558361280709505 ], [ -8922786.585582179948688, 3080207.621053331065923 ], [ -8923032.366288665682077, 3080266.627780350390822 ], [ -8923274.721987754106522, 3080338.416809001006186 ], [ -8923512.988399315625429, 3080422.791370545513928 ], [ -8923746.512451682239771, 3080519.520200175698847 ], [ -8923974.654071653261781, 3080628.338170892558992 ], [ -8924196.787938911467791, 3080748.947020202875137 ], [ -8924412.305199963971972, 3080881.016167633701116 ], [ -8924620.615136979147792, 3081024.183620831929147 ], [ -8924821.146786900237203, 3081178.056967759970576 ], [ -8925013.350506411865354, 3081342.214452269021422 ], [ -8925196.699478480964899, 3081516.206130105536431 ], [ -8925370.691156316548586, 3081699.555102173704654 ], [ -8925534.848640825599432, 3081891.758821685332805 ], [ -8925688.721987754106522, 3082092.290471605956554 ], [ -8925831.889440951868892, 3082300.600408621598035 ], [ -8925963.958588382229209, 3082516.117669674102217 ], [ -8926084.567437693476677, 3082738.251536931376904 ], [ -8926193.385408410802484, 3082966.393156904261559 ], [ -8926290.114238040521741, 3083199.917209269478917 ], [ -8926374.488799585029483, 3083438.183620831929147 ], [ -8926446.277828235179186, 3083680.539319918956608 ], [ -8926505.284555254504085, 3083926.320026406086981 ], [ -8926551.347247304394841, 3084174.852072459645569 ], [ -8926584.339649749919772, 3084425.454249017871916 ], [ -8926604.171332705765963, 3084677.439672932960093 ], [ -8926610.787938911467791, 3084930.117669674102217 ], [ -8926604.171332705765963, 3085182.795666415244341 ], [ -8926584.339649749919772, 3085434.781090330332518 ], [ -8926551.347247304394841, 3085685.383266888558865 ], [ -8926505.284555254504085, 3085933.915312942117453 ], [ -8926446.277828235179186, 3086179.696019429247826 ], [ -8926374.488799585029483, 3086422.051718516275287 ], [ -8926290.114238040521741, 3086660.318130078725517 ], [ -8926193.385408410802484, 3086893.842182443942875 ], [ -8926084.567437693476677, 3087121.98380241682753 ], [ -8925963.958588382229209, 3087344.117669674102217 ], [ -8925831.889440951868892, 3087559.634930726606399 ], [ -8925688.721987754106522, 3087767.94486774224788 ], [ -8925534.848640825599432, 3087968.476517662871629 ], [ -8925370.691156316548586, 3088160.68023717449978 ], [ -8925196.699478480964899, 3088344.029209242668003 ], [ -8925013.350506411865354, 3088518.020887079183012 ], [ -8924821.146786900237203, 3088682.178371588233858 ], [ -8924620.615136979147792, 3088836.051718516275287 ], [ -8924412.305199963971972, 3088979.219171714503318 ], [ -8924196.787938911467791, 3089111.288319145329297 ], [ -8923974.654071653261781, 3089231.897168455645442 ], [ -8923746.512451682239771, 3089340.715139172505587 ], [ -8923512.988399315625429, 3089437.443968802690506 ], [ -8923274.721987754106522, 3089521.818530347198248 ], [ -8923032.366288665682077, 3089593.607558997813612 ], [ -8922786.585582179948688, 3089652.614286017138511 ], [ -8922538.0535361263901, 3089698.676978067494929 ], [ -8922287.451359568163753, 3089731.669380512088537 ], [ -8922035.465935653075576, 3089751.501063469331712 ], [ -8921782.787938911467791, 3089758.117669674102217 ], [ -8921530.109942169860005, 3089751.501063469331712 ], [ -8921278.124518254771829, 3089731.669380512088537 ], [ -8921027.522341696545482, 3089698.676978067494929 ], [ -8920778.990295642986894, 3089652.614286017138511 ], [ -8920533.209589157253504, 3089593.607558997813612 ], [ -8920290.85389006882906, 3089521.818530347198248 ], [ -8920052.587478507310152, 3089437.443968802690506 ], [ -8919819.06342614069581, 3089340.715139172505587 ], [ -8919590.9218061696738, 3089231.897168455645442 ], [ -8919368.787938911467791, 3089111.288319145329297 ], [ -8919153.270677858963609, 3088979.219171714503318 ], [ -8918944.960740843787789, 3088836.051718516275287 ], [ -8918744.429090922698379, 3088682.178371588233858 ], [ -8918552.225371411070228, 3088518.020887079183012 ], [ -8918368.876399341970682, 3088344.029209242668003 ], [ -8918194.884721506386995, 3088160.68023717449978 ], [ -8918030.727236997336149, 3087968.476517662871629 ], [ -8917876.85389006882906, 3087767.94486774224788 ], [ -8917733.686436871066689, 3087559.634930726606399 ], [ -8917601.617289440706372, 3087344.117669674102217 ], [ -8917481.008440129458904, 3087121.98380241682753 ], [ -8917372.190469412133098, 3086893.842182443942875 ], [ -8917275.46163978241384, 3086660.318130078725517 ], [ -8917191.087078237906098, 3086422.051718516275287 ], [ -8917119.298049587756395, 3086179.696019429247826 ], [ -8917060.291322568431497, 3085933.915312942117453 ], [ -8917014.22863051854074, 3085685.383266888558865 ], [ -8916981.236228073015809, 3085434.781090330332518 ], [ -8916961.404545117169619, 3085182.795666415244341 ], [ -8916954.787938911467791, 3084930.117669674102217 ] ] ] } },
{ "type": "Feature", "properties": { "facility_name": "Palm Beach Renewable Energy Facility 2", "state": "FL" }, "geometry": { "type": "Polygon", "coordinates": [ [ [ -8916370.304952502250671, 3095483.076411685440689 ], [ -8916376.921558707952499, 3095230.398414944298565 ], [ -8916396.75324166379869, 3094978.412991029210389 ], [ -8916429.745644109323621, 3094727.810814470984042 ], [ -8916475.808336159214377, 3094479.278768417425454 ], [ -8916534.815063178539276, 3094233.49806193029508 ], [ -8916606.604091828688979, 3093991.14236284326762 ], [ -8916690.978653373196721, 3093752.875951280817389 ], [ -8916787.707483002915978, 3093519.351898915600032 ], [ -8916896.525453720241785, 3093291.210278942715377 ], [ -8917017.134303031489253, 3093069.076411685440689 ], [ -8917149.20345046184957, 3092853.559150632936507 ], [ -8917292.37090365961194, 3092645.249213617295027 ], [ -8917446.24425058811903, 3092444.717563696671277 ], [ -8917610.401735097169876, 3092252.513844185043126 ], [ -8917784.393412932753563, 3092069.164872116874903 ], [ -8917967.742385001853108, 3091895.173194280359894 ], [ -8918159.946104513481259, 3091731.015709771309048 ], [ -8918360.47775443457067, 3091577.14236284326762 ], [ -8918568.78769144974649, 3091433.974909645039588 ], [ -8918784.304952502250671, 3091301.90576221421361 ], [ -8919006.438819760456681, 3091181.296912903897464 ], [ -8919234.580439731478691, 3091072.478942187037319 ], [ -8919468.104492098093033, 3090975.7501125568524 ], [ -8919706.37090365961194, 3090891.375551012344658 ], [ -8919948.726602748036385, 3090819.586522361729294 ], [ -8920194.507309233769774, 3090760.579795342404395 ], [ -8920443.039355287328362, 3090714.517103292047977 ], [ -8920693.641531845554709, 3090681.524700847454369 ], [ -8920945.626955760642886, 3090661.693017890211195 ], [ -8921198.304952502250671, 3090655.076411685440689 ], [ -8921450.982949243858457, 3090661.693017890211195 ], [ -8921702.968373158946633, 3090681.524700847454369 ], [ -8921953.57054971717298, 3090714.517103292047977 ], [ -8922202.102595770731568, 3090760.579795342404395 ], [ -8922447.883302256464958, 3090819.586522361729294 ], [ -8922690.239001344889402, 3090891.375551012344658 ], [ -8922928.50541290640831, 3090975.7501125568524 ], [ -8923162.029465273022652, 3091072.478942187037319 ], [ -8923390.171085244044662, 3091181.296912903897464 ], [ -8923612.304952502250671, 3091301.90576221421361 ], [ -8923827.822213554754853, 3091433.974909645039588 ], [ -8924036.132150569930673, 3091577.14236284326762 ], [ -8924236.663800491020083, 3091731.015709771309048 ], [ -8924428.867520002648234, 3091895.173194280359894 ], [ -8924612.21649207174778, 3092069.164872116874903 ], [ -8924786.208169907331467, 3092252.513844185043126 ], [ -8924950.365654416382313, 3092444.717563696671277 ], [ -8925104.239001344889402, 3092645.249213617295027 ], [ -8925247.406454542651772, 3092853.559150632936507 ], [ -8925379.47560197301209, 3093069.076411685440689 ], [ -8925500.084451284259558, 3093291.210278942715377 ], [ -8925608.902422001585364, 3093519.351898915600032 ], [ -8925705.631251631304622, 3093752.875951280817389 ], [ -8925790.005813175812364, 3093991.14236284326762 ], [ -8925861.794841825962067, 3094233.49806193029508 ], [ -8925920.801568845286965, 3094479.278768417425454 ], [ -8925966.864260895177722, 3094727.810814470984042 ], [ -8925999.856663340702653, 3094978.412991029210389 ], [ -8926019.688346296548843, 3095230.398414944298565 ], [ -8926026.304952502250671, 3095483.076411685440689 ], [ -8926019.688346296548843, 3095735.754408426582813 ], [ -8925999.856663340702653, 3095987.73983234167099 ], [ -8925966.864260895177722, 3096238.342008899897337 ], [ -8925920.801568845286965, 3096486.874054953455925 ], [ -8925861.794841825962067, 3096732.654761440586299 ], [ -8925790.005813175812364, 3096975.010460527613759 ], [ -8925705.631251631304622, 3097213.276872090063989 ], [ -8925608.902422001585364, 3097446.800924455281347 ], [ -8925500.084451284259558, 3097674.942544428166002 ], [ -8925379.47560197301209, 3097897.076411685440689 ], [ -8925247.406454542651772, 3098112.593672737944871 ], [ -8925104.239001344889402, 3098320.903609753586352 ], [ -8924950.365654416382313, 3098521.435259674210101 ], [ -8924786.208169907331467, 3098713.638979185838252 ], [ -8924612.21649207174778, 3098896.987951254006475 ], [ -8924428.867520002648234, 3099070.979629090521485 ], [ -8924236.663800491020083, 3099235.137113599572331 ], [ -8924036.132150569930673, 3099389.010460527613759 ], [ -8923827.822213554754853, 3099532.17791372584179 ], [ -8923612.304952502250671, 3099664.247061156667769 ], [ -8923390.171085244044662, 3099784.855910466983914 ], [ -8923162.029465273022652, 3099893.67388118384406 ], [ -8922928.50541290640831, 3099990.402710814028978 ], [ -8922690.239001344889402, 3100074.77727235853672 ], [ -8922447.883302256464958, 3100146.566301009152085 ], [ -8922202.102595770731568, 3100205.573028028476983 ], [ -8921953.57054971717298, 3100251.635720078833401 ], [ -8921702.968373158946633, 3100284.62812252342701 ], [ -8921450.982949243858457, 3100304.459805480670184 ], [ -8921198.304952502250671, 3100311.076411685440689 ], [ -8920945.626955760642886, 3100304.459805480670184 ], [ -8920693.641531845554709, 3100284.62812252342701 ], [ -8920443.039355287328362, 3100251.635720078833401 ], [ -8920194.507309233769774, 3100205.573028028476983 ], [ -8919948.726602748036385, 3100146.566301009152085 ], [ -8919706.37090365961194, 3100074.77727235853672 ], [ -8919468.104492098093033, 3099990.402710814028978 ], [ -8919234.580439731478691, 3099893.67388118384406 ], [ -8919006.438819760456681, 3099784.855910466983914 ], [ -8918784.304952502250671, 3099664.247061156667769 ], [ -8918568.78769144974649, 3099532.17791372584179 ], [ -8918360.47775443457067, 3099389.010460527613759 ], [ -8918159.946104513481259, 3099235.137113599572331 ], [ -8917967.742385001853108, 3099070.979629090521485 ], [ -8917784.393412932753563, 3098896.987951254006475 ], [ -8917610.401735097169876, 3098713.638979185838252 ], [ -8917446.24425058811903, 3098521.435259674210101 ], [ -8917292.37090365961194, 3098320.903609753586352 ], [ -8917149.20345046184957, 3098112.593672737944871 ], [ -8917017.134303031489253, 3097897.076411685440689 ], [ -8916896.525453720241785, 3097674.942544428166002 ], [ -8916787.707483002915978, 3097446.800924455281347 ], [ -8916690.978653373196721, 3097213.276872090063989 ], [ -8916606.604091828688979, 3096975.010460527613759 ], [ -8916534.815063178539276, 3096732.654761440586299 ], [ -8916475.808336159214377, 3096486.874054953455925 ], [ -8916429.745644109323621, 3096238.342008899897337 ], [ -8916396.75324166379869, 3095987.73983234167099 ], [ -8916376.921558707952499, 3095735.754408426582813 ], [ -8916370.304952502250671, 3095483.076411685440689 ] ] ] } },
{ "type": "Feature", "properties": { "facility_name": "Pasco County Solid Waste Resource Recovery Facility ", "state": "FL" }, "geometry": { "type": "Polygon", "coordinates": [ [ [ -9185710.829685028642416, 3295606.934914619661868 ], [ -9185717.446291234344244, 3295354.256917878519744 ], [ -9185737.277974190190434, 3295102.271493963431567 ], [ -9185770.270376635715365, 3294851.66931740520522 ], [ -9185816.333068685606122, 3294603.137271351646632 ], [ -9185875.339795704931021, 3294357.356564864516258 ], [ -9185947.128824355080724, 3294115.000865777488798 ], [ -9186031.503385899588466, 3293876.734454215038568 ], [ -9186128.232215529307723, 3293643.21040184982121 ], [ -9186237.05018624663353, 3293415.068781876936555 ], [ -9186357.659035557880998, 3293192.934914619661868 ], [ -9186489.728182988241315, 3292977.417653567157686 ], [ -9186632.895636186003685, 3292769.107716551516205 ], [ -9186786.768983114510775, 3292568.576066630892456 ], [ -9186950.926467623561621, 3292376.372347119264305 ], [ -9187124.918145459145308, 3292193.023375051096082 ], [ -9187308.267117528244853, 3292019.031697214581072 ], [ -9187500.470837039873004, 3291854.874212705530226 ], [ -9187701.002486960962415, 3291701.000865777488798 ], [ -9187909.312423976138234, 3291557.833412579260767 ], [ -9188124.829685028642416, 3291425.764265148434788 ], [ -9188346.963552286848426, 3291305.155415838118643 ], [ -9188575.105172257870436, 3291196.337445121258497 ], [ -9188808.629224624484777, 3291099.608615491073579 ], [ -9189046.895636186003685, 3291015.234053946565837 ], [ -9189289.251335274428129, 3290943.445025295950472 ], [ -9189535.032041760161519, 3290884.438298276625574 ], [ -9189783.564087813720107, 3290838.375606226269156 ], [ -9190034.166264371946454, 3290805.383203781675547 ], [ -9190286.151688287034631, 3290785.551520824432373 ], [ -9190538.829685028642416, 3290778.934914619661868 ], [ -9190791.507681770250201, 3290785.551520824432373 ], [ -9191043.493105685338378, 3290805.383203781675547 ], [ -9191294.095282243564725, 3290838.375606226269156 ], [ -9191542.627328297123313, 3290884.438298276625574 ], [ -9191788.408034782856703, 3290943.445025295950472 ], [ -9192030.763733871281147, 3291015.234053946565837 ], [ -9192269.030145432800055, 3291099.608615491073579 ], [ -9192502.554197799414396, 3291196.337445121258497 ], [ -9192730.695817770436406, 3291305.155415838118643 ], [ -9192952.829685028642416, 3291425.764265148434788 ], [ -9193168.346946081146598, 3291557.833412579260767 ], [ -9193376.656883096322417, 3291701.000865777488798 ], [ -9193577.188533017411828, 3291854.874212705530226 ], [ -9193769.392252529039979, 3292019.031697214581072 ], [ -9193952.741224598139524, 3292193.023375051096082 ], [ -9194126.732902433723211, 3292376.372347119264305 ], [ -9194290.890386942774057, 3292568.576066630892456 ], [ -9194444.763733871281147, 3292769.107716551516205 ], [ -9194587.931187069043517, 3292977.417653567157686 ], [ -9194720.000334499403834, 3293192.934914619661868 ], [ -9194840.609183810651302, 3293415.068781876936555 ], [ -9194949.427154527977109, 3293643.21040184982121 ], [ -9195046.155984157696366, 3293876.734454215038568 ], [ -9195130.530545702204108, 3294115.000865777488798 ], [ -9195202.319574352353811, 3294357.356564864516258 ], [ -9195261.32630137167871, 3294603.137271351646632 ], [ -9195307.388993421569467, 3294851.66931740520522 ], [ -9195340.381395867094398, 3295102.271493963431567 ], [ -9195360.213078822940588, 3295354.256917878519744 ], [ -9195366.829685028642416, 3295606.934914619661868 ], [ -9195360.213078822940588, 3295859.612911360803992 ], [ -9195340.381395867094398, 3296111.598335275892168 ], [ -9195307.388993421569467, 3296362.200511834118515 ], [ -9195261.32630137167871, 3296610.732557887677103 ], [ -9195202.319574352353811, 3296856.513264374807477 ], [ -9195130.530545702204108, 3297098.868963461834937 ], [ -9195046.155984157696366, 3297337.135375024285167 ], [ -9194949.427154527977109, 3297570.659427389502525 ], [ -9194840.609183810651302, 3297798.80104736238718 ], [ -9194720.000334499403834, 3298020.934914619661868 ], [ -9194587.931187069043517, 3298236.452175672166049 ], [ -9194444.763733871281147, 3298444.76211268780753 ], [ -9194290.890386942774057, 3298645.29376260843128 ], [ -9194126.732902433723211, 3298837.497482120059431 ], [ -9193952.741224598139524, 3299020.846454188227654 ], [ -9193769.392252529039979, 3299194.838132024742663 ], [ -9193577.188533017411828, 3299358.995616533793509 ], [ -9193376.656883096322417, 3299512.868963461834937 ], [ -9193168.346946081146598, 3299656.036416660062969 ], [ -9192952.829685028642416, 3299788.105564090888947 ], [ -9192730.695817770436406, 3299908.714413401205093 ], [ -9192502.554197799414396, 3300017.532384118065238 ], [ -9192269.030145432800055, 3300114.261213748250157 ], [ -9192030.763733871281147, 3300198.635775292757899 ], [ -9191788.408034782856703, 3300270.424803943373263 ], [ -9191542.627328297123313, 3300329.431530962698162 ], [ -9191294.095282243564725, 3300375.494223013054579 ], [ -9191043.493105685338378, 3300408.486625457648188 ], [ -9190791.507681770250201, 3300428.318308414891362 ], [ -9190538.829685028642416, 3300434.934914619661868 ], [ -9190286.151688287034631, 3300428.318308414891362 ], [ -9190034.166264371946454, 3300408.486625457648188 ], [ -9189783.564087813720107, 3300375.494223013054579 ], [ -9189535.032041760161519, 3300329.431530962698162 ], [ -9189289.251335274428129, 3300270.424803943373263 ], [ -9189046.895636186003685, 3300198.635775292757899 ], [ -9188808.629224624484777, 3300114.261213748250157 ], [ -9188575.105172257870436, 3300017.532384118065238 ], [ -9188346.963552286848426, 3299908.714413401205093 ], [ -9188124.829685028642416, 3299788.105564090888947 ], [ -9187909.312423976138234, 3299656.036416660062969 ], [ -9187701.002486960962415, 3299512.868963461834937 ], [ -9187500.470837039873004, 3299358.995616533793509 ], [ -9187308.267117528244853, 3299194.838132024742663 ], [ -9187124.918145459145308, 3299020.846454188227654 ], [ -9186950.926467623561621, 3298837.497482120059431 ], [ -9186786.768983114510775, 3298645.29376260843128 ], [ -9186632.895636186003685, 3298444.76211268780753 ], [ -9186489.728182988241315, 3298236.452175672166049 ], [ -9186357.659035557880998, 3298020.934914619661868 ], [ -9186237.05018624663353, 3297798.80104736238718 ], [ -9186128.232215529307723, 3297570.659427389502525 ], [ -9186031.503385899588466, 3297337.135375024285167 ], [ -9185947.128824355080724, 3297098.868963461834937 ], [ -9185875.339795704931021, 3296856.513264374807477 ], [ -9185816.333068685606122, 3296610.732557887677103 ], [ -9185770.270376635715365, 3296362.200511834118515 ], [ -9185737.277974190190434, 3296111.598335275892168 ], [ -9185717.446291234344244, 3295859.612911360803992 ], [ -9185710.829685028642416, 3295606.934914619661868 ] ] ] } },
{ "type": "Feature", "properties": { "facility_name": "Pinellas County Resource Recovery Facility", "state": "FL" }, "geometry": { "type": "Polygon", "coordinates": [ [ [ -9198699.754850024357438, 3233277.244887571781874 ], [ -9198706.371456230059266, 3233024.56689083063975 ], [ -9198726.203139185905457, 3232772.581466915551573 ], [ -9198759.195541631430387, 3232521.979290357325226 ], [ -9198805.258233681321144, 3232273.447244303766638 ], [ -9198864.264960700646043, 3232027.666537816636264 ], [ -9198936.053989350795746, 3231785.310838729608804 ], [ -9199020.428550895303488, 3231547.044427167158574 ], [ -9199117.157380525022745, 3231313.520374801941216 ], [ -9199225.975351242348552, 3231085.378754829056561 ], [ -9199346.58420055359602, 3230863.244887571781874 ], [ -9199478.653347983956337, 3230647.727626519277692 ], [ -9199621.820801181718707, 3230439.417689503636211 ], [ -9199775.694148110225797, 3230238.886039583012462 ], [ -9199939.851632619276643, 3230046.682320071384311 ], [ -9200113.84331045486033, 3229863.333348003216088 ], [ -9200297.192282523959875, 3229689.341670166701078 ], [ -9200489.396002035588026, 3229525.184185657650232 ], [ -9200689.927651956677437, 3229371.310838729608804 ], [ -9200898.237588971853256, 3229228.143385531380773 ], [ -9201113.754850024357438, 3229096.074238100554794 ], [ -9201335.888717282563448, 3228975.465388790238649 ], [ -9201564.030337253585458, 3228866.647418073378503 ], [ -9201797.5543896201998, 3228769.918588443193585 ], [ -9202035.820801181718707, 3228685.544026898685843 ], [ -9202278.176500270143151, 3228613.754998248070478 ], [ -9202523.957206755876541, 3228554.74827122874558 ], [ -9202772.489252809435129, 3228508.685579178389162 ], [ -9203023.091429367661476, 3228475.693176733795553 ], [ -9203275.076853282749653, 3228455.861493776552379 ], [ -9203527.754850024357438, 3228449.244887571781874 ], [ -9203780.432846765965223, 3228455.861493776552379 ], [ -9204032.4182706810534, 3228475.693176733795553 ], [ -9204283.020447239279747, 3228508.685579178389162 ], [ -9204531.552493292838335, 3228554.74827122874558 ], [ -9204777.333199778571725, 3228613.754998248070478 ], [ -9205019.688898866996169, 3228685.544026898685843 ], [ -9205257.955310428515077, 3228769.918588443193585 ], [ -9205491.479362795129418, 3228866.647418073378503 ], [ -9205719.620982766151428, 3228975.465388790238649 ], [ -9205941.754850024357438, 3229096.074238100554794 ], [ -9206157.27211107686162, 3229228.143385531380773 ], [ -9206365.582048092037439, 3229371.310838729608804 ], [ -9206566.11369801312685, 3229525.184185657650232 ], [ -9206758.317417524755001, 3229689.341670166701078 ], [ -9206941.666389593854547, 3229863.333348003216088 ], [ -9207115.658067429438233, 3230046.682320071384311 ], [ -9207279.815551938489079, 3230238.886039583012462 ], [ -9207433.688898866996169, 3230439.417689503636211 ], [ -9207576.856352064758539, 3230647.727626519277692 ], [ -9207708.925499495118856, 3230863.244887571781874 ], [ -9207829.534348806366324, 3231085.378754829056561 ], [ -9207938.352319523692131, 3231313.520374801941216 ], [ -9208035.081149153411388, 3231547.044427167158574 ], [ -9208119.45571069791913, 3231785.310838729608804 ], [ -9208191.244739348068833, 3232027.666537816636264 ], [ -9208250.251466367393732, 3232273.447244303766638 ], [ -9208296.314158417284489, 3232521.979290357325226 ], [ -9208329.30656086280942, 3232772.581466915551573 ], [ -9208349.13824381865561, 3233024.56689083063975 ], [ -9208355.754850024357438, 3233277.244887571781874 ], [ -9208349.13824381865561, 3233529.922884312923998 ], [ -9208329.30656086280942, 3233781.908308228012174 ], [ -9208296.314158417284489, 3234032.510484786238521 ], [ -9208250.251466367393732, 3234281.042530839797109 ], [ -9208191.244739348068833, 3234526.823237326927483 ], [ -9208119.45571069791913, 3234769.178936413954943 ], [ -9208035.081149153411388, 3235007.445347976405174 ], [ -9207938.352319523692131, 3235240.969400341622531 ], [ -9207829.534348806366324, 3235469.111020314507186 ], [ -9207708.925499495118856, 3235691.244887571781874 ], [ -9207576.856352064758539, 3235906.762148624286056 ], [ -9207433.688898866996169, 3236115.072085639927536 ], [ -9207279.815551938489079, 3236315.603735560551286 ], [ -9207115.658067429438233, 3236507.807455072179437 ], [ -9206941.666389593854547, 3236691.15642714034766 ], [ -9206758.317417524755001, 3236865.148104976862669 ], [ -9206566.11369801312685, 3237029.305589485913515 ], [ -9206365.582048092037439, 3237183.178936413954943 ], [ -9206157.27211107686162, 3237326.346389612182975 ], [ -9205941.754850024357438, 3237458.415537043008953 ], [ -9205719.620982766151428, 3237579.024386353325099 ], [ -9205491.479362795129418, 3237687.842357070185244 ], [ -9205257.955310428515077, 3237784.571186700370163 ], [ -9205019.688898866996169, 3237868.945748244877905 ], [ -9204777.333199778571725, 3237940.734776895493269 ], [ -9204531.552493292838335, 3237999.741503914818168 ], [ -9204283.020447239279747, 3238045.804195965174586 ], [ -9204032.4182706810534, 3238078.796598409768194 ], [ -9203780.432846765965223, 3238098.628281367011368 ], [ -9203527.754850024357438, 3238105.244887571781874 ], [ -9203275.076853282749653, 3238098.628281367011368 ], [ -9203023.091429367661476, 3238078.796598409768194 ], [ -9202772.489252809435129, 3238045.804195965174586 ], [ -9202523.957206755876541, 3237999.741503914818168 ], [ -9202278.176500270143151, 3237940.734776895493269 ], [ -9202035.820801181718707, 3237868.945748244877905 ], [ -9201797.5543896201998, 3237784.571186700370163 ], [ -9201564.030337253585458, 3237687.842357070185244 ], [ -9201335.888717282563448, 3237579.024386353325099 ], [ -9201113.754850024357438, 3237458.415537043008953 ], [ -9200898.237588971853256, 3237326.346389612182975 ], [ -9200689.927651956677437, 3237183.178936413954943 ], [ -9200489.396002035588026, 3237029.305589485913515 ], [ -9200297.192282523959875, 3236865.148104976862669 ], [ -9200113.84331045486033, 3236691.15642714034766 ], [ -9199939.851632619276643, 3236507.807455072179437 ], [ -9199775.694148110225797, 3236315.603735560551286 ], [ -9199621.820801181718707, 3236115.072085639927536 ], [ -9199478.653347983956337, 3235906.762148624286056 ], [ -9199346.58420055359602, 3235691.244887571781874 ], [ -9199225.975351242348552, 3235469.111020314507186 ], [ -9199117.157380525022745, 3235240.969400341622531 ], [ -9199020.428550895303488, 3235007.445347976405174 ], [ -9198936.053989350795746, 3234769.178936413954943 ], [ -9198864.264960700646043, 3234526.823237326927483 ], [ -9198805.258233681321144, 3234281.042530839797109 ], [ -9198759.195541631430387, 3234032.510484786238521 ], [ -9198726.203139185905457, 3233781.908308228012174 ], [ -9198706.371456230059266, 3233529.922884312923998 ], [ -9198699.754850024357438, 3233277.244887571781874 ] ] ] } },
{ "type": "Feature", "properties": { "facility_name": "Wheelabrator South Broward Inc. ", "state": "FL" }, "geometry": { "type": "Polygon", "coordinates": [ [ [ -8923247.08876015432179, 3013829.451714921742678 ], [ -8923253.705366360023618, 3013576.773718180600554 ], [ -8923273.537049315869808, 3013324.788294265512377 ], [ -8923306.529451761394739, 3013074.18611770728603 ], [ -8923352.592143811285496, 3012825.654071653727442 ], [ -8923411.598870830610394, 3012579.873365166597068 ], [ -8923483.387899480760098, 3012337.517666079569608 ], [ -8923567.762461025267839, 3012099.251254517119378 ], [ -8923664.491290654987097, 3011865.72720215190202 ], [ -8923773.309261372312903, 3011637.585582179017365 ], [ -8923893.918110683560371, 3011415.451714921742678 ], [ -8924025.987258113920689, 3011199.934453869238496 ], [ -8924169.154711311683059, 3010991.624516853597015 ], [ -8924323.028058240190148, 3010791.092866932973266 ], [ -8924487.185542749240994, 3010598.889147421345115 ], [ -8924661.177220584824681, 3010415.540175353176892 ], [ -8924844.526192653924227, 3010241.548497516661882 ], [ -8925036.729912165552378, 3010077.391013007611036 ], [ -8925237.261562086641788, 3009923.517666079569608 ], [ -8925445.571499101817608, 3009780.350212881341577 ], [ -8925661.08876015432179, 3009648.281065450515598 ], [ -8925883.2226274125278, 3009527.672216140199453 ], [ -8926111.364247383549809, 3009418.854245423339307 ], [ -8926344.888299750164151, 3009322.125415793154389 ], [ -8926583.154711311683059, 3009237.750854248646647 ], [ -8926825.510410400107503, 3009165.961825598031282 ], [ -8927071.291116885840893, 3009106.955098578706384 ], [ -8927319.823162939399481, 3009060.892406528349966 ], [ -8927570.425339497625828, 3009027.900004083756357 ], [ -8927822.410763412714005, 3009008.068321126513183 ], [ -8928075.08876015432179, 3009001.451714921742678 ], [ -8928327.766756895929575, 3009008.068321126513183 ], [ -8928579.752180811017752, 3009027.900004083756357 ], [ -8928830.354357369244099, 3009060.892406528349966 ], [ -8929078.886403422802687, 3009106.955098578706384 ], [ -8929324.667109908536077, 3009165.961825598031282 ], [ -8929567.022808996960521, 3009237.750854248646647 ], [ -8929805.289220558479428, 3009322.125415793154389 ], [ -8930038.81327292509377, 3009418.854245423339307 ], [ -8930266.95489289611578, 3009527.672216140199453 ], [ -8930489.08876015432179, 3009648.281065450515598 ], [ -8930704.606021206825972, 3009780.350212881341577 ], [ -8930912.915958222001791, 3009923.517666079569608 ], [ -8931113.447608143091202, 3010077.391013007611036 ], [ -8931305.651327654719353, 3010241.548497516661882 ], [ -8931489.000299723818898, 3010415.540175353176892 ], [ -8931662.991977559402585, 3010598.889147421345115 ], [ -8931827.149462068453431, 3010791.092866932973266 ], [ -8931981.022808996960521, 3010991.624516853597015 ], [ -8932124.190262194722891, 3011199.934453869238496 ], [ -8932256.259409625083208, 3011415.451714921742678 ], [ -8932376.868258936330676, 3011637.585582179017365 ], [ -8932485.686229653656483, 3011865.72720215190202 ], [ -8932582.41505928337574, 3012099.251254517119378 ], [ -8932666.789620827883482, 3012337.517666079569608 ], [ -8932738.578649478033185, 3012579.873365166597068 ], [ -8932797.585376497358084, 3012825.654071653727442 ], [ -8932843.64806854724884, 3013074.18611770728603 ], [ -8932876.640470992773771, 3013324.788294265512377 ], [ -8932896.472153948619962, 3013576.773718180600554 ], [ -8932903.08876015432179, 3013829.451714921742678 ], [ -8932896.472153948619962, 3014082.129711662884802 ], [ -8932876.640470992773771, 3014334.115135577972978 ], [ -8932843.64806854724884, 3014584.717312136199325 ], [ -8932797.585376497358084, 3014833.249358189757913 ], [ -8932738.578649478033185, 3015079.030064676888287 ], [ -8932666.789620827883482, 3015321.385763763915747 ], [ -8932582.41505928337574, 3015559.652175326365978 ], [ -8932485.686229653656483, 3015793.176227691583335 ], [ -8932376.868258936330676, 3016021.31784766446799 ], [ -8932256.259409625083208, 3016243.451714921742678 ], [ -8932124.190262194722891, 3016458.96897597424686 ], [ -8931981.022808996960521, 3016667.27891298988834 ], [ -8931827.149462068453431, 3016867.81056291051209 ], [ -8931662.991977559402585, 3017060.014282422140241 ], [ -8931489.000299723818898, 3017243.363254490308464 ], [ -8931305.651327654719353, 3017417.354932326823473 ], [ -8931113.447608143091202, 3017581.512416835874319 ], [ -8930912.915958222001791, 3017735.385763763915747 ], [ -8930704.606021206825972, 3017878.553216962143779 ], [ -8930489.08876015432179, 3018010.622364392969757 ], [ -8930266.95489289611578, 3018131.231213703285903 ], [ -8930038.81327292509377, 3018240.049184420146048 ], [ -8929805.289220558479428, 3018336.778014050330967 ], [ -8929567.022808996960521, 3018421.152575594838709 ], [ -8929324.667109908536077, 3018492.941604245454073 ], [ -8929078.886403422802687, 3018551.948331264778972 ], [ -8928830.354357369244099, 3018598.01102331513539 ], [ -8928579.752180811017752, 3018631.003425759728998 ], [ -8928327.766756895929575, 3018650.835108716972172 ], [ -8928075.08876015432179, 3018657.451714921742678 ], [ -8927822.410763412714005, 3018650.835108716972172 ], [ -8927570.425339497625828, 3018631.003425759728998 ], [ -8927319.823162939399481, 3018598.01102331513539 ], [ -8927071.291116885840893, 3018551.948331264778972 ], [ -8926825.510410400107503, 3018492.941604245454073 ], [ -8926583.154711311683059, 3018421.152575594838709 ], [ -8926344.888299750164151, 3018336.778014050330967 ], [ -8926111.364247383549809, 3018240.049184420146048 ], [ -8925883.2226274125278, 3018131.231213703285903 ], [ -8925661.08876015432179, 3018010.622364392969757 ], [ -8925445.571499101817608, 3017878.553216962143779 ], [ -8925237.261562086641788, 3017735.385763763915747 ], [ -8925036.729912165552378, 3017581.512416835874319 ], [ -8924844.526192653924227, 3017417.354932326823473 ], [ -8924661.177220584824681, 3017243.363254490308464 ], [ -8924487.185542749240994, 3017060.014282422140241 ], [ -8924323.028058240190148, 3016867.81056291051209 ], [ -8924169.154711311683059, 3016667.27891298988834 ], [ -8924025.987258113920689, 3016458.96897597424686 ], [ -8923893.918110683560371, 3016243.451714921742678 ], [ -8923773.309261372312903, 3016021.31784766446799 ], [ -8923664.491290654987097, 3015793.176227691583335 ], [ -8923567.762461025267839, 3015559.652175326365978 ], [ -8923483.387899480760098, 3015321.385763763915747 ], [ -8923411.598870830610394, 3015079.030064676888287 ], [ -8923352.592143811285496, 3014833.249358189757913 ], [ -8923306.529451761394739, 3014584.717312136199325 ], [ -8923273.537049315869808, 3014334.115135577972978 ], [ -8923253.705366360023618, 3014082.129711662884802 ], [ -8923247.08876015432179, 3013829.451714921742678 ] ] ] } },
{ "type": "Feature", "properties": { "facility_name": "Honolulu Resource Recovery Venture - Hpower", "state": "HI" }, "geometry": { "type": "Polygon", "coordinates": [ [ [ -17595174.893746182322502, 2428302.718458483926952 ], [ -17595181.51035238802433, 2428050.040461742784828 ], [ -17595201.342035345733166, 2427798.055037827696651 ], [ -17595234.334437787532806, 2427547.452861269470304 ], [ -17595280.397129841148853, 2427298.920815215911716 ], [ -17595339.403856858611107, 2427053.140108728781343 ], [ -17595411.192885510623455, 2426810.784409641753882 ], [ -17595495.567447055131197, 2426572.517998079303652 ], [ -17595592.296276684850454, 2426338.993945714086294 ], [ -17595701.114247400313616, 2426110.852325741201639 ], [ -17595821.723096709698439, 2425888.718458483926952 ], [ -17595953.792244140058756, 2425673.20119743142277 ], [ -17596096.959697339683771, 2425464.891260415781289 ], [ -17596250.833044268190861, 2425264.35961049515754 ], [ -17596414.990528777241707, 2425072.155890983529389 ], [ -17596588.982206612825394, 2424888.806918915361166 ], [ -17596772.331178680062294, 2424714.815241078846157 ], [ -17596964.534898195415735, 2424550.65775656979531 ], [ -17597165.066548112779856, 2424396.784409641753882 ], [ -17597373.376485127955675, 2424253.616956443525851 ], [ -17597588.893746182322502, 2424121.547809012699872 ], [ -17597811.027613438665867, 2424000.938959702383727 ], [ -17598039.169233411550522, 2423892.120988985523582 ], [ -17598272.693285778164864, 2423795.392159355338663 ], [ -17598510.959697339683771, 2423711.017597810830921 ], [ -17598753.315396428108215, 2423639.228569160215557 ], [ -17598999.09610291570425, 2423580.221842140890658 ], [ -17599247.628148969262838, 2423534.15915009053424 ], [ -17599498.230325527489185, 2423501.166747645940632 ], [ -17599750.215749442577362, 2423481.335064688697457 ], [ -17600002.893746182322502, 2423474.718458483926952 ], [ -17600255.571742922067642, 2423481.335064688697457 ], [ -17600507.557166837155819, 2423501.166747645940632 ], [ -17600758.159343395382166, 2423534.15915009053424 ], [ -17601006.691389448940754, 2423580.221842140890658 ], [ -17601252.472095936536789, 2423639.228569160215557 ], [ -17601494.827795024961233, 2423711.017597810830921 ], [ -17601733.094206586480141, 2423795.392159355338663 ], [ -17601966.618258953094482, 2423892.120988985523582 ], [ -17602194.759878925979137, 2424000.938959702383727 ], [ -17602416.893746182322502, 2424121.547809012699872 ], [ -17602632.411007236689329, 2424253.616956443525851 ], [ -17602840.720944251865149, 2424396.784409641753882 ], [ -17603041.252594169229269, 2424550.65775656979531 ], [ -17603233.45631368458271, 2424714.815241078846157 ], [ -17603416.805285751819611, 2424888.806918915361166 ], [ -17603590.796963587403297, 2425072.155890983529389 ], [ -17603754.954448096454144, 2425264.35961049515754 ], [ -17603908.827795024961233, 2425464.891260415781289 ], [ -17604051.995248224586248, 2425673.20119743142277 ], [ -17604184.064395654946566, 2425888.718458483926952 ], [ -17604304.673244964331388, 2426110.852325741201639 ], [ -17604413.49121567979455, 2426338.993945714086294 ], [ -17604510.220045309513807, 2426572.517998079303652 ], [ -17604594.594606854021549, 2426810.784409641753882 ], [ -17604666.383635506033897, 2427053.140108728781343 ], [ -17604725.390362523496151, 2427298.920815215911716 ], [ -17604771.453054577112198, 2427547.452861269470304 ], [ -17604804.445457018911839, 2427798.055037827696651 ], [ -17604824.277139976620674, 2428050.040461742784828 ], [ -17604830.893746182322502, 2428302.718458483926952 ], [ -17604824.277139976620674, 2428555.396455225069076 ], [ -17604804.445457018911839, 2428807.381879140157253 ], [ -17604771.453054577112198, 2429057.9840556983836 ], [ -17604725.390362523496151, 2429306.516101751942188 ], [ -17604666.383635506033897, 2429552.296808239072561 ], [ -17604594.594606854021549, 2429794.652507326100022 ], [ -17604510.220045309513807, 2430032.918918888550252 ], [ -17604413.49121567979455, 2430266.44297125376761 ], [ -17604304.673244964331388, 2430494.584591226652265 ], [ -17604184.064395654946566, 2430716.718458483926952 ], [ -17604051.995248224586248, 2430932.235719536431134 ], [ -17603908.827795024961233, 2431140.545656552072614 ], [ -17603754.954448096454144, 2431341.077306472696364 ], [ -17603590.796963587403297, 2431533.281025984324515 ], [ -17603416.805285751819611, 2431716.629998052492738 ], [ -17603233.45631368458271, 2431890.621675889007747 ], [ -17603041.252594169229269, 2432054.779160398058593 ], [ -17602840.720944251865149, 2432208.652507326100022 ], [ -17602632.411007236689329, 2432351.819960524328053 ], [ -17602416.893746182322502, 2432483.889107955154032 ], [ -17602194.759878925979137, 2432604.497957265470177 ], [ -17601966.618258953094482, 2432713.315927982330322 ], [ -17601733.094206586480141, 2432810.044757612515241 ], [ -17601494.827795024961233, 2432894.419319157022983 ], [ -17601252.472095936536789, 2432966.208347807638347 ], [ -17601006.691389448940754, 2433025.215074826963246 ], [ -17600758.159343395382166, 2433071.277766877319664 ], [ -17600507.557166837155819, 2433104.270169321913272 ], [ -17600255.571742922067642, 2433124.101852279156446 ], [ -17600002.893746182322502, 2433130.718458483926952 ], [ -17599750.215749442577362, 2433124.101852279156446 ], [ -17599498.230325527489185, 2433104.270169321913272 ], [ -17599247.628148969262838, 2433071.277766877319664 ], [ -17598999.09610291570425, 2433025.215074826963246 ], [ -17598753.315396428108215, 2432966.208347807638347 ], [ -17598510.959697339683771, 2432894.419319157022983 ], [ -17598272.693285778164864, 2432810.044757612515241 ], [ -17598039.169233411550522, 2432713.315927982330322 ], [ -17597811.027613438665867, 2432604.497957265470177 ], [ -17597588.893746182322502, 2432483.889107955154032 ], [ -17597373.376485127955675, 2432351.819960524328053 ], [ -17597165.066548112779856, 2432208.652507326100022 ], [ -17596964.534898195415735, 2432054.779160398058593 ], [ -17596772.331178680062294, 2431890.621675889007747 ], [ -17596588.982206612825394, 2431716.629998052492738 ], [ -17596414.990528777241707, 2431533.281025984324515 ], [ -17596250.833044268190861, 2431341.077306472696364 ], [ -17596096.959697339683771, 2431140.545656552072614 ], [ -17595953.792244140058756, 2430932.235719536431134 ], [ -17595821.723096709698439, 2430716.718458483926952 ], [ -17595701.114247400313616, 2430494.584591226652265 ], [ -17595592.296276684850454, 2430266.44297125376761 ], [ -17595495.567447055131197, 2430032.918918888550252 ], [ -17595411.192885510623455, 2429794.652507326100022 ], [ -17595339.403856858611107, 2429552.296808239072561 ], [ -17595280.397129841148853, 2429306.516101751942188 ], [ -17595234.334437787532806, 2429057.9840556983836 ], [ -17595201.342035345733166, 2428807.381879140157253 ], [ -17595181.51035238802433, 2428555.396455225069076 ], [ -17595174.893746182322502, 2428302.718458483926952 ] ] ] } },
{ "type": "Feature", "properties": { "facility_name": "Indianapolis Resource Recovery Facility", "state": "IN" }, "geometry": { "type": "Polygon", "coordinates": [ [ [ -9589634.782015023753047, 4827423.856382507830858 ], [ -9589641.398621229454875, 4827171.178385767154396 ], [ -9589661.230304185301065, 4826919.192961851134896 ], [ -9589694.222706630825996, 4826668.590785293839872 ], [ -9589740.285398680716753, 4826420.058739239349961 ], [ -9589799.292125700041652, 4826174.278032752685249 ], [ -9589871.081154350191355, 4825931.922333665192127 ], [ -9589955.455715894699097, 4825693.655922102741897 ], [ -9590052.184545524418354, 4825460.131869737990201 ], [ -9590161.002516241744161, 4825231.990249765105546 ], [ -9590281.611365552991629, 4825009.856382507830858 ], [ -9590413.680512983351946, 4824794.339121455326676 ], [ -9590556.847966181114316, 4824586.029184440150857 ], [ -9590710.721313109621406, 4824385.497534519061446 ], [ -9590874.878797618672252, 4824193.293815007433295 ], [ -9591048.870475454255939, 4824009.944842939265072 ], [ -9591232.219447523355484, 4823835.953165102750063 ], [ -9591424.423167034983635, 4823671.795680593699217 ], [ -9591624.954816956073046, 4823517.922333665192127 ], [ -9591833.264753971248865, 4823374.754880467429757 ], [ -9592048.782015023753047, 4823242.685733036138117 ], [ -9592270.915882281959057, 4823122.076883726753294 ], [ -9592499.057502252981067, 4823013.258913009427488 ], [ -9592732.581554619595408, 4822916.53008337970823 ], [ -9592970.847966181114316, 4822832.155521835200489 ], [ -9593213.20366526953876, 4822760.366493184119463 ], [ -9593458.98437175527215, 4822701.359766164794564 ], [ -9593707.516417808830738, 4822655.297074114903808 ], [ -9593958.118594367057085, 4822622.304671669378877 ], [ -9594210.104018282145262, 4822602.472988712601364 ], [ -9594462.782015023753047, 4822595.856382507830858 ], [ -9594715.460011765360832, 4822602.472988712601364 ], [ -9594967.445435680449009, 4822622.304671669378877 ], [ -9595218.047612238675356, 4822655.297074114903808 ], [ -9595466.579658292233944, 4822701.359766164794564 ], [ -9595712.360364777967334, 4822760.366493184119463 ], [ -9595954.716063866391778, 4822832.155521835200489 ], [ -9596192.982475427910686, 4822916.53008337970823 ], [ -9596426.506527794525027, 4823013.258913009427488 ], [ -9596654.648147765547037, 4823122.076883726753294 ], [ -9596876.782015023753047, 4823242.685733036138117 ], [ -9597092.299276076257229, 4823374.754880467429757 ], [ -9597300.609213091433048, 4823517.922333665192127 ], [ -9597501.140863012522459, 4823671.795680593699217 ], [ -9597693.34458252415061, 4823835.953165102750063 ], [ -9597876.693554593250155, 4824009.944842939265072 ], [ -9598050.685232428833842, 4824193.293815007433295 ], [ -9598214.842716937884688, 4824385.497534519061446 ], [ -9598368.716063866391778, 4824586.029184440150857 ], [ -9598511.883517064154148, 4824794.339121455326676 ], [ -9598643.952664494514465, 4825009.856382507830858 ], [ -9598764.561513805761933, 4825231.990249765105546 ], [ -9598873.37948452308774, 4825460.131869737990201 ], [ -9598970.108314152806997, 4825693.655922102741897 ], [ -9599054.482875697314739, 4825931.922333665192127 ], [ -9599126.271904347464442, 4826174.278032752685249 ], [ -9599185.278631366789341, 4826420.058739239349961 ], [ -9599231.341323416680098, 4826668.590785293839872 ], [ -9599264.333725862205029, 4826919.192961851134896 ], [ -9599284.165408818051219, 4827171.178385767154396 ], [ -9599290.782015023753047, 4827423.856382507830858 ], [ -9599284.165408818051219, 4827676.534379248507321 ], [ -9599264.333725862205029, 4827928.519803163595498 ], [ -9599231.341323416680098, 4828179.121979721821845 ], [ -9599185.278631366789341, 4828427.654025776311755 ], [ -9599126.271904347464442, 4828673.434732262976468 ], [ -9599054.482875697314739, 4828915.790431350469589 ], [ -9598970.108314152806997, 4829154.056842912919819 ], [ -9598873.37948452308774, 4829387.580895277671516 ], [ -9598764.561513805761933, 4829615.722515250556171 ], [ -9598643.952664494514465, 4829837.856382507830858 ], [ -9598511.883517064154148, 4830053.37364356033504 ], [ -9598368.716063866391778, 4830261.683580575510859 ], [ -9598214.842716937884688, 4830462.21523049660027 ], [ -9598050.685232428833842, 4830654.418950008228421 ], [ -9597876.693554593250155, 4830837.767922076396644 ], [ -9597693.34458252415061, 4831011.759599912911654 ], [ -9597501.140863012522459, 4831175.9170844219625 ], [ -9597300.609213091433048, 4831329.790431350469589 ], [ -9597092.299276076257229, 4831472.957884548231959 ], [ -9596876.782015023753047, 4831605.027031979523599 ], [ -9596654.648147765547037, 4831725.635881288908422 ], [ -9596426.506527794525027, 4831834.453852006234229 ], [ -9596192.982475427910686, 4831931.182681635953486 ], [ -9595954.716063866391778, 4832015.557243180461228 ], [ -9595712.360364777967334, 4832087.346271831542253 ], [ -9595466.579658292233944, 4832146.352998850867152 ], [ -9595218.047612238675356, 4832192.415690900757909 ], [ -9594967.445435680449009, 4832225.40809334628284 ], [ -9594715.460011765360832, 4832245.239776303060353 ], [ -9594462.782015023753047, 4832251.856382507830858 ], [ -9594210.104018282145262, 4832245.239776303060353 ], [ -9593958.118594367057085, 4832225.40809334628284 ], [ -9593707.516417808830738, 4832192.415690900757909 ], [ -9593458.98437175527215, 4832146.352998850867152 ], [ -9593213.20366526953876, 4832087.346271831542253 ], [ -9592970.847966181114316, 4832015.557243180461228 ], [ -9592732.581554619595408, 4831931.182681635953486 ], [ -9592499.057502252981067, 4831834.453852006234229 ], [ -9592270.915882281959057, 4831725.635881288908422 ], [ -9592048.782015023753047, 4831605.027031979523599 ], [ -9591833.264753971248865, 4831472.957884548231959 ], [ -9591624.954816956073046, 4831329.790431350469589 ], [ -9591424.423167034983635, 4831175.9170844219625 ], [ -9591232.219447523355484, 4831011.759599912911654 ], [ -9591048.870475454255939, 4830837.767922076396644 ], [ -9590874.878797618672252, 4830654.418950008228421 ], [ -9590710.721313109621406, 4830462.21523049660027 ], [ -9590556.847966181114316, 4830261.683580575510859 ], [ -9590413.680512983351946, 4830053.37364356033504 ], [ -9590281.611365552991629, 4829837.856382507830858 ], [ -9590161.002516241744161, 4829615.722515250556171 ], [ -9590052.184545524418354, 4829387.580895277671516 ], [ -9589955.455715894699097, 4829154.056842912919819 ], [ -9589871.081154350191355, 4828915.790431350469589 ], [ -9589799.292125700041652, 4828673.434732262976468 ], [ -9589740.285398680716753, 4828427.654025776311755 ], [ -9589694.222706630825996, 4828179.121979721821845 ], [ -9589661.230304185301065, 4827928.51980316452682 ], [ -9589641.398621229454875, 4827676.534379248507321 ], [ -9589634.782015023753047, 4827423.856382507830858 ] ] ] } },
{ "type": "Feature", "properties": { "facility_name": "Arnold O. Chantland Resource Recovery Plant", "state": "IA" }, "geometry": { "type": "Polygon", "coordinates": [ [ [ -10415350.266447668895125, 5164481.638962615281343 ], [ -10415356.883053874596953, 5164228.960965874604881 ], [ -10415376.714736830443144, 5163976.975541958585382 ], [ -10415409.707139275968075, 5163726.373365401290357 ], [ -10415455.769831325858831, 5163477.841319346800447 ], [ -10415514.77655834518373, 5163232.060612860135734 ], [ -10415586.565586995333433, 5162989.704913772642612 ], [ -10415670.940148539841175, 5162751.438502210192382 ], [ -10415767.668978169560432, 5162517.914449845440686 ], [ -10415876.486948886886239, 5162289.772829872556031 ], [ -10415997.095798198133707, 5162067.638962615281343 ], [ -10416129.164945628494024, 5161852.121701562777162 ], [ -10416272.332398826256394, 5161643.811764547601342 ], [ -10416426.205745754763484, 5161443.280114626511931 ], [ -10416590.36323026381433, 5161251.07639511488378 ], [ -10416764.354908099398017, 5161067.727423046715558 ], [ -10416947.703880168497562, 5160893.735745210200548 ], [ -10417139.907599680125713, 5160729.578260701149702 ], [ -10417340.439249601215124, 5160575.704913772642612 ], [ -10417548.749186616390944, 5160432.537460574880242 ], [ -10417764.266447668895125, 5160300.468313143588603 ], [ -10417986.400314927101135, 5160179.85946383420378 ], [ -10418214.541934898123145, 5160071.041493116877973 ], [ -10418448.065987264737487, 5159974.312663487158716 ], [ -10418686.332398826256394, 5159889.938101942650974 ], [ -10418928.688097914680839, 5159818.149073291569948 ], [ -10419174.468804400414228, 5159759.142346272245049 ], [ -10419423.000850453972816, 5159713.079654222354293 ], [ -10419673.603027012199163, 5159680.087251776829362 ], [ -10419925.58845092728734, 5159660.255568820051849 ], [ -10420178.266447668895125, 5159653.638962615281343 ], [ -10420430.944444410502911, 5159660.255568820051849 ], [ -10420682.929868325591087, 5159680.087251776829362 ], [ -10420933.532044883817434, 5159713.079654222354293 ], [ -10421182.064090937376022, 5159759.142346272245049 ], [ -10421427.844797423109412, 5159818.149073291569948 ], [ -10421670.200496511533856, 5159889.938101942650974 ], [ -10421908.466908073052764, 5159974.312663487158716 ], [ -10422141.990960439667106, 5160071.041493116877973 ], [ -10422370.132580410689116, 5160179.85946383420378 ], [ -10422592.266447668895125, 5160300.468313143588603 ], [ -10422807.783708721399307, 5160432.537460574880242 ], [ -10423016.093645736575127, 5160575.704913772642612 ], [ -10423216.625295657664537, 5160729.578260701149702 ], [ -10423408.829015169292688, 5160893.735745210200548 ], [ -10423592.177987238392234, 5161067.727423046715558 ], [ -10423766.169665073975921, 5161251.07639511488378 ], [ -10423930.327149583026767, 5161443.280114626511931 ], [ -10424084.200496511533856, 5161643.811764547601342 ], [ -10424227.367949709296227, 5161852.121701562777162 ], [ -10424359.437097139656544, 5162067.638962615281343 ], [ -10424480.045946450904012, 5162289.772829872556031 ], [ -10424588.863917168229818, 5162517.914449845440686 ], [ -10424685.592746797949076, 5162751.438502210192382 ], [ -10424769.967308342456818, 5162989.704913772642612 ], [ -10424841.756336992606521, 5163232.060612860135734 ], [ -10424900.763064011931419, 5163477.841319346800447 ], [ -10424946.825756061822176, 5163726.373365401290357 ], [ -10424979.818158507347107, 5163976.975541958585382 ], [ -10424999.649841463193297, 5164228.960965874604881 ], [ -10425006.266447668895125, 5164481.638962615281343 ], [ -10424999.649841463193297, 5164734.316959355957806 ], [ -10424979.818158507347107, 5164986.302383271045983 ], [ -10424946.825756061822176, 5165236.90455982927233 ], [ -10424900.763064011931419, 5165485.43660588376224 ], [ -10424841.756336992606521, 5165731.217312370426953 ], [ -10424769.967308342456818, 5165973.573011457920074 ], [ -10424685.592746797949076, 5166211.839423020370305 ], [ -10424588.863917168229818, 5166445.363475385122001 ], [ -10424480.045946450904012, 5166673.505095358006656 ], [ -10424359.437097139656544, 5166895.638962615281343 ], [ -10424227.367949709296227, 5167111.156223667785525 ], [ -10424084.200496511533856, 5167319.466160682961345 ], [ -10423930.327149583026767, 5167519.997810604050756 ], [ -10423766.169665073975921, 5167712.201530115678906 ], [ -10423592.177987238392234, 5167895.550502183847129 ], [ -10423408.829015169292688, 5168069.542180020362139 ], [ -10423216.625295657664537, 5168233.699664529412985 ], [ -10423016.093645736575127, 5168387.573011457920074 ], [ -10422807.783708721399307, 5168530.740464655682445 ], [ -10422592.266447668895125, 5168662.809612086974084 ], [ -10422370.132580410689116, 5168783.418461396358907 ], [ -10422141.990960439667106, 5168892.236432113684714 ], [ -10421908.466908073052764, 5168988.965261743403971 ], [ -10421670.200496511533856, 5169073.339823287911713 ], [ -10421427.844797423109412, 5169145.128851938992739 ], [ -10421182.064090937376022, 5169204.135578958317637 ], [ -10420933.532044883817434, 5169250.198271008208394 ], [ -10420682.929868325591087, 5169283.190673453733325 ], [ -10420430.944444410502911, 5169303.022356410510838 ], [ -10420178.266447668895125, 5169309.638962615281343 ], [ -10419925.58845092728734, 5169303.022356410510838 ], [ -10419673.603027012199163, 5169283.190673453733325 ], [ -10419423.000850453972816, 5169250.198271008208394 ], [ -10419174.468804400414228, 5169204.135578958317637 ], [ -10418928.688097914680839, 5169145.128851938992739 ], [ -10418686.332398826256394, 5169073.339823287911713 ], [ -10418448.065987264737487, 5168988.965261743403971 ], [ -10418214.541934898123145, 5168892.236432113684714 ], [ -10417986.400314927101135, 5168783.418461396358907 ], [ -10417764.266447668895125, 5168662.809612086974084 ], [ -10417548.749186616390944, 5168530.740464655682445 ], [ -10417340.439249601215124, 5168387.573011457920074 ], [ -10417139.907599680125713, 5168233.699664529412985 ], [ -10416947.703880168497562, 5168069.542180020362139 ], [ -10416764.354908099398017, 5167895.550502183847129 ], [ -10416590.36323026381433, 5167712.201530115678906 ], [ -10416426.205745754763484, 5167519.997810604050756 ], [ -10416272.332398826256394, 5167319.466160682961345 ], [ -10416129.164945628494024, 5167111.156223667785525 ], [ -10415997.095798198133707, 5166895.638962615281343 ], [ -10415876.486948886886239, 5166673.505095358006656 ], [ -10415767.668978169560432, 5166445.363475385122001 ], [ -10415670.940148539841175, 5166211.839423020370305 ], [ -10415586.565586995333433, 5165973.573011457920074 ], [ -10415514.77655834518373, 5165731.217312370426953 ], [ -10415455.769831325858831, 5165485.43660588376224 ], [ -10415409.707139275968075, 5165236.90455982927233 ], [ -10415376.714736830443144, 5164986.302383271977305 ], [ -10415356.883053874596953, 5164734.316959355957806 ], [ -10415350.266447668895125, 5164481.638962615281343 ] ] ] } },
{ "type": "Feature", "properties": { "facility_name": "Mid-Maine Waste Action Corporation", "state": "ME" }, "geometry": { "type": "Polygon", "coordinates": [ [ [ -7816597.254816406406462, 5475939.647720620036125 ], [ -7816603.871422611176968, 5475686.969723879359663 ], [ -7816623.703105567954481, 5475434.984299963340163 ], [ -7816656.695508013479412, 5475184.382123406045139 ], [ -7816702.758200063370168, 5474935.850077351555228 ], [ -7816761.764927082695067, 5474690.069370864890516 ], [ -7816833.553955733776093, 5474447.713671777397394 ], [ -7816917.928517278283834, 5474209.447260214947164 ], [ -7817014.657346908003092, 5473975.923207850195467 ], [ -7817123.475317625328898, 5473747.781587877310812 ], [ -7817244.084166934713721, 5473525.647720620036125 ], [ -7817376.153314366005361, 5473310.130459567531943 ], [ -7817519.320767563767731, 5473101.820522552356124 ], [ -7817673.194114492274821, 5472901.288872631266713 ], [ -7817837.351599001325667, 5472709.085153119638562 ], [ -7818011.343276837840676, 5472525.736181051470339 ], [ -7818194.692248906008899, 5472351.74450321495533 ], [ -7818386.89596841763705, 5472187.587018705904484 ], [ -7818587.427618338726461, 5472033.713671777397394 ], [ -7818795.73755535390228, 5471890.546218579635024 ], [ -7819011.254816406406462, 5471758.477071148343384 ], [ -7819233.388683663681149, 5471637.868221838958561 ], [ -7819461.530303636565804, 5471529.050251121632755 ], [ -7819695.054356001317501, 5471432.321421491913497 ], [ -7819933.320767563767731, 5471347.946859947405756 ], [ -7820175.676466651260853, 5471276.15783129632473 ], [ -7820421.457173137925565, 5471217.151104276999831 ], [ -7820669.989219192415476, 5471171.088412227109075 ], [ -7820920.5913957497105, 5471138.096009781584144 ], [ -7821172.57681966573, 5471118.264326824806631 ], [ -7821425.254816406406462, 5471111.647720620036125 ], [ -7821677.932813147082925, 5471118.264326824806631 ], [ -7821929.918237062171102, 5471138.096009781584144 ], [ -7822180.520413620397449, 5471171.088412227109075 ], [ -7822429.052459674887359, 5471217.151104276999831 ], [ -7822674.833166161552072, 5471276.15783129632473 ], [ -7822917.188865249045193, 5471347.946859947405756 ], [ -7823155.455276811495423, 5471432.321421491913497 ], [ -7823388.97932917624712, 5471529.050251121632755 ], [ -7823617.120949149131775, 5471637.868221838958561 ], [ -7823839.254816406406462, 5471758.477071148343384 ], [ -7824054.772077458910644, 5471890.546218579635024 ], [ -7824263.082014474086463, 5472033.713671777397394 ], [ -7824463.613664395175874, 5472187.587018705904484 ], [ -7824655.817383906804025, 5472351.74450321495533 ], [ -7824839.166355974972248, 5472525.736181051470339 ], [ -7825013.158033811487257, 5472709.085153119638562 ], [ -7825177.315518320538104, 5472901.288872631266713 ], [ -7825331.188865249045193, 5473101.820522552356124 ], [ -7825474.356318446807563, 5473310.130459567531943 ], [ -7825606.425465878099203, 5473525.647720620036125 ], [ -7825727.034315187484026, 5473747.781587877310812 ], [ -7825835.852285904809833, 5473975.923207850195467 ], [ -7825932.58111553452909, 5474209.447260214947164 ], [ -7826016.955677079036832, 5474447.713671777397394 ], [ -7826088.744705730117857, 5474690.069370864890516 ], [ -7826147.751432749442756, 5474935.850077351555228 ], [ -7826193.814124799333513, 5475184.382123406045139 ], [ -7826226.806527244858444, 5475434.984299963340163 ], [ -7826246.638210201635957, 5475686.969723879359663 ], [ -7826253.254816406406462, 5475939.647720620036125 ], [ -7826246.638210201635957, 5476192.325717360712588 ], [ -7826226.806527244858444, 5476444.311141275800765 ], [ -7826193.814124799333513, 5476694.913317834027112 ], [ -7826147.751432749442756, 5476943.445363888517022 ], [ -7826088.744705730117857, 5477189.226070375181735 ], [ -7826016.955677079036832, 5477431.581769462674856 ], [ -7825932.58111553452909, 5477669.848181025125086 ], [ -7825835.852285904809833, 5477903.372233389876783 ], [ -7825727.034315187484026, 5478131.513853362761438 ], [ -7825606.425465878099203, 5478353.647720620036125 ], [ -7825474.356318446807563, 5478569.164981672540307 ], [ -7825331.188865249045193, 5478777.474918687716126 ], [ -7825177.315518320538104, 5478978.006568608805537 ], [ -7825013.158033811487257, 5479170.210288120433688 ], [ -7824839.166355974972248, 5479353.559260188601911 ], [ -7824655.817383906804025, 5479527.55093802511692 ], [ -7824463.613664395175874, 5479691.708422534167767 ], [ -7824263.082014474086463, 5479845.581769462674856 ], [ -7824054.772077458910644, 5479988.749222660437226 ], [ -7823839.254816406406462, 5480120.818370091728866 ], [ -7823617.120949149131775, 5480241.427219401113689 ], [ -7823388.97932917624712, 5480350.245190118439496 ], [ -7823155.455276811495423, 5480446.974019748158753 ], [ -7822917.188865249045193, 5480531.348581292666495 ], [ -7822674.833166161552072, 5480603.13760994374752 ], [ -7822429.052459674887359, 5480662.144336963072419 ], [ -7822180.520413620397449, 5480708.207029012963176 ], [ -7821929.918237063102424, 5480741.199431458488107 ], [ -7821677.932813147082925, 5480761.03111441526562 ], [ -7821425.254816406406462, 5480767.647720620036125 ], [ -7821172.57681966573, 5480761.03111441526562 ], [ -7820920.591395750641823, 5480741.199431458488107 ], [ -7820669.989219192415476, 5480708.207029012963176 ], [ -7820421.457173137925565, 5480662.144336963072419 ], [ -7820175.676466651260853, 5480603.13760994374752 ], [ -7819933.320767563767731, 5480531.348581292666495 ], [ -7819695.054356001317501, 5480446.974019748158753 ], [ -7819461.530303636565804, 5480350.245190118439496 ], [ -7819233.388683663681149, 5480241.427219401113689 ], [ -7819011.254816406406462, 5480120.818370091728866 ], [ -7818795.73755535390228, 5479988.749222660437226 ], [ -7818587.427618338726461, 5479845.581769462674856 ], [ -7818386.89596841763705, 5479691.708422534167767 ], [ -7818194.692248906008899, 5479527.55093802511692 ], [ -7818011.343276837840676, 5479353.559260188601911 ], [ -7817837.351599001325667, 5479170.210288120433688 ], [ -7817673.194114492274821, 5478978.006568608805537 ], [ -7817519.320767563767731, 5478777.474918687716126 ], [ -7817376.153314366005361, 5478569.164981672540307 ], [ -7817244.084166934713721, 5478353.647720620036125 ], [ -7817123.475317625328898, 5478131.513853362761438 ], [ -7817014.657346908003092, 5477903.372233389876783 ], [ -7816917.928517278283834, 5477669.848181025125086 ], [ -7816833.553955733776093, 5477431.581769462674856 ], [ -7816761.764927082695067, 5477189.226070375181735 ], [ -7816702.758200063370168, 5476943.445363888517022 ], [ -7816656.695508013479412, 5476694.913317834027112 ], [ -7816623.703105567954481, 5476444.311141276732087 ], [ -7816603.871422611176968, 5476192.325717360712588 ], [ -7816597.254816406406462, 5475939.647720620036125 ] ] ] } },
{ "type": "Feature", "properties": { "facility_name": "ecomaine", "state": "ME" }, "geometry": { "type": "Polygon", "coordinates": [ [ [ -7824729.41078563220799, 5411939.15350032504648 ], [ -7824736.027391836978495, 5411686.475503584370017 ], [ -7824755.859074793756008, 5411434.490079668350518 ], [ -7824788.851477239280939, 5411183.887903111055493 ], [ -7824834.914169289171696, 5410935.355857056565583 ], [ -7824893.920896308496594, 5410689.57515056990087 ], [ -7824965.70992495957762, 5410447.219451482407749 ], [ -7825050.084486504085362, 5410208.953039919957519 ], [ -7825146.813316133804619, 5409975.428987555205822 ], [ -7825255.631286851130426, 5409747.287367582321167 ], [ -7825376.240136160515249, 5409525.15350032504648 ], [ -7825508.309283591806889, 5409309.636239272542298 ], [ -7825651.476736789569259, 5409101.326302257366478 ], [ -7825805.350083718076348, 5408900.794652336277068 ], [ -7825969.507568227127194, 5408708.590932824648917 ], [ -7826143.499246063642204, 5408525.241960756480694 ], [ -7826326.848218131810427, 5408351.250282919965684 ], [ -7826519.051937643438578, 5408187.092798410914838 ], [ -7826719.583587564527988, 5408033.219451482407749 ], [ -7826927.893524579703808, 5407890.051998284645379 ], [ -7827143.41078563220799, 5407757.982850853353739 ], [ -7827365.544652889482677, 5407637.374001543968916 ], [ -7827593.686272862367332, 5407528.556030826643109 ], [ -7827827.210325227119029, 5407431.827201196923852 ], [ -7828065.476736789569259, 5407347.45263965241611 ], [ -7828307.83243587706238, 5407275.663611001335084 ], [ -7828553.613142363727093, 5407216.656883982010186 ], [ -7828802.145188418217003, 5407170.594191932119429 ], [ -7829052.747364975512028, 5407137.601789486594498 ], [ -7829304.732788891531527, 5407117.770106529816985 ], [ -7829557.41078563220799, 5407111.15350032504648 ], [ -7829810.088782372884452, 5407117.770106529816985 ], [ -7830062.074206288903952, 5407137.601789486594498 ], [ -7830312.676382846198976, 5407170.594191932119429 ], [ -7830561.208428900688887, 5407216.656883982010186 ], [ -7830806.989135387353599, 5407275.663611001335084 ], [ -7831049.344834474846721, 5407347.45263965241611 ], [ -7831287.611246037296951, 5407431.827201196923852 ], [ -7831521.135298402048647, 5407528.556030826643109 ], [ -7831749.276918374933302, 5407637.374001543968916 ], [ -7831971.41078563220799, 5407757.982850853353739 ], [ -7832186.928046684712172, 5407890.051998284645379 ], [ -7832395.237983699887991, 5408033.219451482407749 ], [ -7832595.769633620977402, 5408187.092798410914838 ], [ -7832787.973353132605553, 5408351.250282919965684 ], [ -7832971.322325200773776, 5408525.241960756480694 ], [ -7833145.314003037288785, 5408708.590932824648917 ], [ -7833309.471487546339631, 5408900.794652336277068 ], [ -7833463.344834474846721, 5409101.326302257366478 ], [ -7833606.512287672609091, 5409309.636239272542298 ], [ -7833738.581435103900731, 5409525.15350032504648 ], [ -7833859.190284413285553, 5409747.287367582321167 ], [ -7833968.00825513061136, 5409975.428987555205822 ], [ -7834064.737084760330617, 5410208.953039919957519 ], [ -7834149.111646304838359, 5410447.219451482407749 ], [ -7834220.900674955919385, 5410689.57515056990087 ], [ -7834279.907401975244284, 5410935.355857056565583 ], [ -7834325.97009402513504, 5411183.887903111055493 ], [ -7834358.962496470659971, 5411434.490079668350518 ], [ -7834378.794179427437484, 5411686.475503584370017 ], [ -7834385.41078563220799, 5411939.15350032504648 ], [ -7834378.794179427437484, 5412191.831497065722942 ], [ -7834358.962496470659971, 5412443.816920980811119 ], [ -7834325.97009402513504, 5412694.419097539037466 ], [ -7834279.907401975244284, 5412942.951143593527377 ], [ -7834220.900674955919385, 5413188.731850080192089 ], [ -7834149.111646304838359, 5413431.087549167685211 ], [ -7834064.737084760330617, 5413669.353960730135441 ], [ -7833968.00825513061136, 5413902.878013094887137 ], [ -7833859.190284413285553, 5414131.019633067771792 ], [ -7833738.581435103900731, 5414353.15350032504648 ], [ -7833606.512287672609091, 5414568.670761377550662 ], [ -7833463.344834474846721, 5414776.980698392726481 ], [ -7833309.471487546339631, 5414977.512348313815892 ], [ -7833145.314003037288785, 5415169.716067825444043 ], [ -7832971.322325200773776, 5415353.065039893612266 ], [ -7832787.973353132605553, 5415527.056717730127275 ], [ -7832595.769633620977402, 5415691.214202239178121 ], [ -7832395.237983699887991, 5415845.087549167685211 ], [ -7832186.928046684712172, 5415988.255002365447581 ], [ -7831971.41078563220799, 5416120.324149796739221 ], [ -7831749.276918374933302, 5416240.932999106124043 ], [ -7831521.135298402048647, 5416349.75096982344985 ], [ -7831287.611246037296951, 5416446.479799453169107 ], [ -7831049.344834474846721, 5416530.854360997676849 ], [ -7830806.989135387353599, 5416602.643389648757875 ], [ -7830561.208428900688887, 5416661.650116668082774 ], [ -7830312.676382846198976, 5416707.71280871797353 ], [ -7830062.074206288903952, 5416740.705211163498461 ], [ -7829810.088782372884452, 5416760.536894120275974 ], [ -7829557.41078563220799, 5416767.15350032504648 ], [ -7829304.732788891531527, 5416760.536894120275974 ], [ -7829052.74736497644335, 5416740.705211163498461 ], [ -7828802.145188418217003, 5416707.71280871797353 ], [ -7828553.613142363727093, 5416661.650116668082774 ], [ -7828307.83243587706238, 5416602.643389648757875 ], [ -7828065.476736789569259, 5416530.854360997676849 ], [ -7827827.210325227119029, 5416446.479799453169107 ], [ -7827593.686272862367332, 5416349.75096982344985 ], [ -7827365.544652889482677, 5416240.932999106124043 ], [ -7827143.41078563220799, 5416120.324149796739221 ], [ -7826927.893524579703808, 5415988.255002365447581 ], [ -7826719.583587564527988, 5415845.087549167685211 ], [ -7826519.051937643438578, 5415691.214202239178121 ], [ -7826326.848218131810427, 5415527.056717730127275 ], [ -7826143.499246063642204, 5415353.065039893612266 ], [ -7825969.507568227127194, 5415169.716067825444043 ], [ -7825805.350083718076348, 5414977.512348313815892 ], [ -7825651.476736789569259, 5414776.980698392726481 ], [ -7825508.309283591806889, 5414568.670761377550662 ], [ -7825376.240136160515249, 5414353.15350032504648 ], [ -7825255.631286851130426, 5414131.019633067771792 ], [ -7825146.813316133804619, 5413902.878013094887137 ], [ -7825050.084486504085362, 5413669.353960730135441 ], [ -7824965.70992495957762, 5413431.087549167685211 ], [ -7824893.920896308496594, 5413188.731850080192089 ], [ -7824834.914169289171696, 5412942.951143593527377 ], [ -7824788.851477239280939, 5412694.419097539037466 ], [ -7824755.859074793756008, 5412443.816920981742442 ], [ -7824736.027391836978495, 5412191.831497065722942 ], [ -7824729.41078563220799, 5411939.15350032504648 ] ] ] } },
{ "type": "Feature", "properties": { "facility_name": "Penobscot Energy Recovery Company", "state": "ME" }, "geometry": { "type": "Polygon", "coordinates": [ [ [ -7656497.106747606769204, 5580410.94922679848969 ], [ -7656503.72335381153971, 5580158.271230057813227 ], [ -7656523.555036768317223, 5579906.285806141793728 ], [ -7656556.547439213842154, 5579655.683629584498703 ], [ -7656602.61013126373291, 5579407.151583530008793 ], [ -7656661.616858283057809, 5579161.37087704334408 ], [ -7656733.405886934138834, 5578919.015177955850959 ], [ -7656817.780448478646576, 5578680.748766393400729 ], [ -7656914.509278108365834, 5578447.224714028649032 ], [ -7657023.32724882569164, 5578219.083094055764377 ], [ -7657143.936098135076463, 5577996.94922679848969 ], [ -7657276.005245566368103, 5577781.431965745985508 ], [ -7657419.172698764130473, 5577573.122028730809689 ], [ -7657573.046045692637563, 5577372.590378809720278 ], [ -7657737.203530201688409, 5577180.386659298092127 ], [ -7657911.195208038203418, 5576997.037687229923904 ], [ -7658094.544180106371641, 5576823.046009393408895 ], [ -7658286.747899617999792, 5576658.888524884358048 ], [ -7658487.279549539089203, 5576505.015177955850959 ], [ -7658695.589486554265022, 5576361.847724758088589 ], [ -7658911.106747606769204, 5576229.778577326796949 ], [ -7659133.240614864043891, 5576109.169728017412126 ], [ -7659361.382234836928546, 5576000.351757300086319 ], [ -7659594.906287201680243, 5575903.622927670367062 ], [ -7659833.172698764130473, 5575819.24836612585932 ], [ -7660075.528397851623595, 5575747.459337474778295 ], [ -7660321.309104338288307, 5575688.452610455453396 ], [ -7660569.841150392778218, 5575642.389918405562639 ], [ -7660820.443326950073242, 5575609.397515960037708 ], [ -7661072.428750866092741, 5575589.565833003260195 ], [ -7661325.106747606769204, 5575582.94922679848969 ], [ -7661577.784744347445667, 5575589.565833003260195 ], [ -7661829.770168263465166, 5575609.397515960037708 ], [ -7662080.37234482076019, 5575642.389918405562639 ], [ -7662328.904390875250101, 5575688.452610455453396 ], [ -7662574.685097361914814, 5575747.459337474778295 ], [ -7662817.040796449407935, 5575819.24836612585932 ], [ -7663055.307208011858165, 5575903.622927670367062 ], [ -7663288.831260376609862, 5576000.351757300086319 ], [ -7663516.972880349494517, 5576109.169728017412126 ], [ -7663739.106747606769204, 5576229.778577326796949 ], [ -7663954.624008659273386, 5576361.847724758088589 ], [ -7664162.933945674449205, 5576505.015177955850959 ], [ -7664363.465595595538616, 5576658.888524884358048 ], [ -7664555.669315107166767, 5576823.046009393408895 ], [ -7664739.01828717533499, 5576997.037687229923904 ], [ -7664913.009965011849999, 5577180.386659298092127 ], [ -7665077.167449520900846, 5577372.590378809720278 ], [ -7665231.040796449407935, 5577573.122028730809689 ], [ -7665374.208249647170305, 5577781.431965745985508 ], [ -7665506.277397078461945, 5577996.94922679848969 ], [ -7665626.886246387846768, 5578219.083094055764377 ], [ -7665735.704217105172575, 5578447.224714028649032 ], [ -7665832.433046734891832, 5578680.748766393400729 ], [ -7665916.807608279399574, 5578919.015177955850959 ], [ -7665988.596636930480599, 5579161.37087704334408 ], [ -7666047.603363949805498, 5579407.151583530008793 ], [ -7666093.666055999696255, 5579655.683629584498703 ], [ -7666126.658458445221186, 5579906.285806141793728 ], [ -7666146.490141401998699, 5580158.271230057813227 ], [ -7666153.106747606769204, 5580410.94922679848969 ], [ -7666146.490141401998699, 5580663.627223539166152 ], [ -7666126.658458445221186, 5580915.612647454254329 ], [ -7666093.666055999696255, 5581166.214824012480676 ], [ -7666047.603363949805498, 5581414.746870066970587 ], [ -7665988.596636930480599, 5581660.527576553635299 ], [ -7665916.807608279399574, 5581902.883275641128421 ], [ -7665832.433046734891832, 5582141.149687203578651 ], [ -7665735.704217105172575, 5582374.673739568330348 ], [ -7665626.886246387846768, 5582602.815359541215003 ], [ -7665506.277397078461945, 5582824.94922679848969 ], [ -7665374.208249647170305, 5583040.466487850993872 ], [ -7665231.040796449407935, 5583248.776424866169691 ], [ -7665077.167449520900846, 5583449.308074787259102 ], [ -7664913.009965011849999, 5583641.511794298887253 ], [ -7664739.01828717533499, 5583824.860766367055476 ], [ -7664555.669315107166767, 5583998.852444203570485 ], [ -7664363.465595595538616, 5584163.009928712621331 ], [ -7664162.933945674449205, 5584316.883275641128421 ], [ -7663954.624008659273386, 5584460.050728838890791 ], [ -7663739.106747606769204, 5584592.119876270182431 ], [ -7663516.972880349494517, 5584712.728725579567254 ], [ -7663288.831260376609862, 5584821.54669629689306 ], [ -7663055.307208011858165, 5584918.275525926612318 ], [ -7662817.040796449407935, 5585002.650087471120059 ], [ -7662574.685097361914814, 5585074.439116122201085 ], [ -7662328.904390875250101, 5585133.445843141525984 ], [ -7662080.37234482076019, 5585179.50853519141674 ], [ -7661829.770168263465166, 5585212.500937636941671 ], [ -7661577.784744347445667, 5585232.332620593719184 ], [ -7661325.106747606769204, 5585238.94922679848969 ], [ -7661072.428750866092741, 5585232.332620593719184 ], [ -7660820.443326951004565, 5585212.500937636941671 ], [ -7660569.841150392778218, 5585179.50853519141674 ], [ -7660321.309104338288307, 5585133.445843141525984 ], [ -7660075.528397851623595, 5585074.439116122201085 ], [ -7659833.172698764130473, 5585002.650087471120059 ], [ -7659594.906287201680243, 5584918.275525926612318 ], [ -7659361.382234836928546, 5584821.54669629689306 ], [ -7659133.240614864043891, 5584712.728725579567254 ], [ -7658911.106747606769204, 5584592.119876270182431 ], [ -7658695.589486554265022, 5584460.050728838890791 ], [ -7658487.279549539089203, 5584316.883275641128421 ], [ -7658286.747899617999792, 5584163.009928712621331 ], [ -7658094.544180106371641, 5583998.852444203570485 ], [ -7657911.195208038203418, 5583824.860766367055476 ], [ -7657737.203530201688409, 5583641.511794298887253 ], [ -7657573.046045692637563, 5583449.308074787259102 ], [ -7657419.172698764130473, 5583248.776424866169691 ], [ -7657276.005245566368103, 5583040.466487850993872 ], [ -7657143.936098135076463, 5582824.94922679848969 ], [ -7657023.32724882569164, 5582602.815359541215003 ], [ -7656914.509278108365834, 5582374.673739568330348 ], [ -7656817.780448478646576, 5582141.149687203578651 ], [ -7656733.405886934138834, 5581902.883275641128421 ], [ -7656661.616858283057809, 5581660.527576553635299 ], [ -7656602.61013126373291, 5581414.746870066970587 ], [ -7656556.547439213842154, 5581166.214824012480676 ], [ -7656523.555036768317223, 5580915.612647455185652 ], [ -7656503.72335381153971, 5580663.627223539166152 ], [ -7656497.106747606769204, 5580410.94922679848969 ] ] ] } },
{ "type": "Feature", "properties": { "facility_name": "Montgomery County Resource Recovery Facility", "state": "MD" }, "geometry": { "type": "Polygon", "coordinates": [ [ [ -8617472.139968954026699, 4750544.927273076027632 ], [ -8617478.756575159728527, 4750292.249276335351169 ], [ -8617498.588258115574718, 4750040.26385241933167 ], [ -8617531.580660561099648, 4749789.661675862036645 ], [ -8617577.643352610990405, 4749541.129629807546735 ], [ -8617636.650079630315304, 4749295.348923320882022 ], [ -8617708.439108280465007, 4749052.993224233388901 ], [ -8617792.813669824972749, 4748814.726812670938671 ], [ -8617889.542499454692006, 4748581.202760306186974 ], [ -8617998.360470172017813, 4748353.061140333302319 ], [ -8618118.969319483265281, 4748130.927273076027632 ], [ -8618251.038466913625598, 4747915.41001202352345 ], [ -8618394.205920111387968, 4747707.100075008347631 ], [ -8618548.079267039895058, 4747506.56842508725822 ], [ -8618712.236751548945904, 4747314.364705575630069 ], [ -8618886.228429384529591, 4747131.015733507461846 ], [ -8619069.577401453629136, 4746957.024055670946836 ], [ -8619261.781120965257287, 4746792.86657116189599 ], [ -8619462.312770886346698, 4746638.993224233388901 ], [ -8619670.622707901522517, 4746495.825771035626531 ], [ -8619886.139968954026699, 4746363.756623604334891 ], [ -8620108.273836212232709, 4746243.147774294950068 ], [ -8620336.415456183254719, 4746134.329803577624261 ], [ -8620569.939508549869061, 4746037.600973947905004 ], [ -8620808.205920111387968, 4745953.226412403397262 ], [ -8621050.561619199812412, 4745881.437383752316236 ], [ -8621296.342325685545802, 4745822.430656732991338 ], [ -8621544.87437173910439, 4745776.367964683100581 ], [ -8621795.476548297330737, 4745743.37556223757565 ], [ -8622047.461972212418914, 4745723.543879280798137 ], [ -8622300.139968954026699, 4745716.927273076027632 ], [ -8622552.817965695634484, 4745723.543879280798137 ], [ -8622804.803389610722661, 4745743.37556223757565 ], [ -8623055.405566168949008, 4745776.367964683100581 ], [ -8623303.937612222507596, 4745822.430656732991338 ], [ -8623549.718318708240986, 4745881.437383752316236 ], [ -8623792.07401779666543, 4745953.226412403397262 ], [ -8624030.340429358184338, 4746037.600973947905004 ], [ -8624263.864481724798679, 4746134.329803577624261 ], [ -8624492.006101695820689, 4746243.147774294950068 ], [ -8624714.139968954026699, 4746363.756623604334891 ], [ -8624929.657230006530881, 4746495.825771035626531 ], [ -8625137.9671670217067, 4746638.993224233388901 ], [ -8625338.498816942796111, 4746792.86657116189599 ], [ -8625530.702536454424262, 4746957.024055670946836 ], [ -8625714.051508523523808, 4747131.015733507461846 ], [ -8625888.043186359107494, 4747314.364705575630069 ], [ -8626052.20067086815834, 4747506.56842508725822 ], [ -8626206.07401779666543, 4747707.100075008347631 ], [ -8626349.2414709944278, 4747915.41001202352345 ], [ -8626481.310618424788117, 4748130.927273076027632 ], [ -8626601.919467736035585, 4748353.061140333302319 ], [ -8626710.737438453361392, 4748581.202760306186974 ], [ -8626807.466268083080649, 4748814.726812670938671 ], [ -8626891.840829627588391, 4749052.993224233388901 ], [ -8626963.629858277738094, 4749295.348923320882022 ], [ -8627022.636585297062993, 4749541.129629807546735 ], [ -8627068.69927734695375, 4749789.661675862036645 ], [ -8627101.691679792478681, 4750040.26385241933167 ], [ -8627121.523362748324871, 4750292.249276335351169 ], [ -8627128.139968954026699, 4750544.927273076027632 ], [ -8627121.523362748324871, 4750797.605269816704094 ], [ -8627101.691679792478681, 4751049.590693731792271 ], [ -8627068.69927734695375, 4751300.192870290018618 ], [ -8627022.636585297062993, 4751548.724916344508529 ], [ -8626963.629858277738094, 4751794.505622831173241 ], [ -8626891.840829627588391, 4752036.861321918666363 ], [ -8626807.466268083080649, 4752275.127733481116593 ], [ -8626710.737438453361392, 4752508.651785845868289 ], [ -8626601.919467736035585, 4752736.793405818752944 ], [ -8626481.310618424788117, 4752958.927273076027632 ], [ -8626349.2414709944278, 4753174.444534128531814 ], [ -8626206.07401779666543, 4753382.754471143707633 ], [ -8626052.20067086815834, 4753583.286121064797044 ], [ -8625888.043186359107494, 4753775.489840576425195 ], [ -8625714.051508523523808, 4753958.838812644593418 ], [ -8625530.702536454424262, 4754132.830490481108427 ], [ -8625338.498816942796111, 4754296.987974990159273 ], [ -8625137.9671670217067, 4754450.861321918666363 ], [ -8624929.657230006530881, 4754594.028775116428733 ], [ -8624714.139968954026699, 4754726.097922547720373 ], [ -8624492.006101695820689, 4754846.706771857105196 ], [ -8624263.864481724798679, 4754955.524742574431002 ], [ -8624030.340429358184338, 4755052.253572204150259 ], [ -8623792.07401779666543, 4755136.628133748658001 ], [ -8623549.718318708240986, 4755208.417162399739027 ], [ -8623303.937612222507596, 4755267.423889419063926 ], [ -8623055.405566168949008, 4755313.486581468954682 ], [ -8622804.803389610722661, 4755346.478983914479613 ], [ -8622552.817965695634484, 4755366.310666871257126 ], [ -8622300.139968954026699, 4755372.927273076027632 ], [ -8622047.461972212418914, 4755366.310666871257126 ], [ -8621795.476548297330737, 4755346.478983914479613 ], [ -8621544.87437173910439, 4755313.486581468954682 ], [ -8621296.342325685545802, 4755267.423889419063926 ], [ -8621050.561619199812412, 4755208.417162399739027 ], [ -8620808.205920111387968, 4755136.628133748658001 ], [ -8620569.939508549869061, 4755052.253572204150259 ], [ -8620336.415456183254719, 4754955.524742574431002 ], [ -8620108.273836212232709, 4754846.706771857105196 ], [ -8619886.139968954026699, 4754726.097922547720373 ], [ -8619670.622707901522517, 4754594.028775116428733 ], [ -8619462.312770886346698, 4754450.861321918666363 ], [ -8619261.781120965257287, 4754296.987974990159273 ], [ -8619069.577401453629136, 4754132.830490481108427 ], [ -8618886.228429384529591, 4753958.838812644593418 ], [ -8618712.236751548945904, 4753775.489840576425195 ], [ -8618548.079267039895058, 4753583.286121064797044 ], [ -8618394.205920111387968, 4753382.754471143707633 ], [ -8618251.038466913625598, 4753174.444534128531814 ], [ -8618118.969319483265281, 4752958.927273076027632 ], [ -8617998.360470172017813, 4752736.793405818752944 ], [ -8617889.542499454692006, 4752508.651785845868289 ], [ -8617792.813669824972749, 4752275.127733481116593 ], [ -8617708.439108280465007, 4752036.861321918666363 ], [ -8617636.650079630315304, 4751794.505622831173241 ], [ -8617577.643352610990405, 4751548.724916344508529 ], [ -8617531.580660561099648, 4751300.192870290018618 ], [ -8617498.588258115574718, 4751049.590693732723594 ], [ -8617478.756575159728527, 4750797.605269816704094 ], [ -8617472.139968954026699, 4750544.927273076027632 ] ] ] } },
{ "type": "Feature", "properties": { "facility_name": "Wheelabrator Baltimore", "state": "MD" }, "geometry": { "type": "Polygon", "coordinates": [ [ [ -8525513.090111564844847, 4760450.645497214049101 ], [ -8525519.706717770546675, 4760197.967500473372638 ], [ -8525539.538400726392865, 4759945.982076557353139 ], [ -8525572.530803171917796, 4759695.3799 ], [ -8525618.593495221808553, 4759446.847853945568204 ], [ -8525677.600222241133451, 4759201.067147458903491 ], [ -8525749.389250891283154, 4758958.71144837141037 ], [ -8525833.763812435790896, 4758720.44503680896014 ], [ -8525930.492642065510154, 4758486.920984444208443 ], [ -8526039.31061278283596, 4758258.779364471323788 ], [ -8526159.919462094083428, 4758036.645497214049101 ], [ -8526291.988609524443746, 4757821.128236161544919 ], [ -8526435.156062722206116, 4757612.8182991463691 ], [ -8526589.029409650713205, 4757412.286649225279689 ], [ -8526753.186894159764051, 4757220.082929713651538 ], [ -8526927.178571995347738, 4757036.733957645483315 ], [ -8527110.527544064447284, 4756862.742279808968306 ], [ -8527302.731263576075435, 4756698.584795299917459 ], [ -8527503.262913497164845, 4756544.71144837141037 ], [ -8527711.572850512340665, 4756401.543995173648 ], [ -8527927.090111564844847, 4756269.47484774235636 ], [ -8528149.223978823050857, 4756148.865998432971537 ], [ -8528377.365598794072866, 4756040.04802771564573 ], [ -8528610.889651160687208, 4755943.319198085926473 ], [ -8528849.156062722206116, 4755858.944636541418731 ], [ -8529091.51176181063056, 4755787.155607890337706 ], [ -8529337.29246829636395, 4755728.148880871012807 ], [ -8529585.824514349922538, 4755682.08618882112205 ], [ -8529836.426690908148885, 4755649.093786375597119 ], [ -8530088.412114823237062, 4755629.262103418819606 ], [ -8530341.090111564844847, 4755622.645497214049101 ], [ -8530593.768108306452632, 4755629.262103418819606 ], [ -8530845.753532221540809, 4755649.093786375597119 ], [ -8531096.355708779767156, 4755682.08618882112205 ], [ -8531344.887754833325744, 4755728.148880871012807 ], [ -8531590.668461319059134, 4755787.155607890337706 ], [ -8531833.024160407483578, 4755858.944636541418731 ], [ -8532071.290571969002485, 4755943.319198085926473 ], [ -8532304.814624335616827, 4756040.04802771564573 ], [ -8532532.956244306638837, 4756148.865998432971537 ], [ -8532755.090111564844847, 4756269.47484774235636 ], [ -8532970.607372617349029, 4756401.543995173648 ], [ -8533178.917309632524848, 4756544.71144837141037 ], [ -8533379.448959553614259, 4756698.584795299917459 ], [ -8533571.65267906524241, 4756862.742279808968306 ], [ -8533755.001651134341955, 4757036.733957645483315 ], [ -8533928.993328969925642, 4757220.082929713651538 ], [ -8534093.150813478976488, 4757412.286649225279689 ], [ -8534247.024160407483578, 4757612.8182991463691 ], [ -8534390.191613605245948, 4757821.128236161544919 ], [ -8534522.260761035606265, 4758036.645497214049101 ], [ -8534642.869610346853733, 4758258.779364471323788 ], [ -8534751.68758106417954, 4758486.920984444208443 ], [ -8534848.416410693898797, 4758720.44503680896014 ], [ -8534932.790972238406539, 4758958.71144837141037 ], [ -8535004.580000888556242, 4759201.067147458903491 ], [ -8535063.586727907881141, 4759446.847853945568204 ], [ -8535109.649419957771897, 4759695.3799 ], [ -8535142.641822403296828, 4759945.982076557353139 ], [ -8535162.473505359143019, 4760197.967500473372638 ], [ -8535169.090111564844847, 4760450.645497214049101 ], [ -8535162.473505359143019, 4760703.323493954725564 ], [ -8535142.641822403296828, 4760955.30891786981374 ], [ -8535109.649419957771897, 4761205.911094428040087 ], [ -8535063.586727907881141, 4761454.443140482529998 ], [ -8535004.580000888556242, 4761700.22384696919471 ], [ -8534932.790972238406539, 4761942.579546056687832 ], [ -8534848.416410693898797, 4762180.845957619138062 ], [ -8534751.68758106417954, 4762414.370009983889759 ], [ -8534642.869610346853733, 4762642.511629956774414 ], [ -8534522.260761035606265, 4762864.645497214049101 ], [ -8534390.191613605245948, 4763080.162758266553283 ], [ -8534247.024160407483578, 4763288.472695281729102 ], [ -8534093.150813478976488, 4763489.004345202818513 ], [ -8533928.993328969925642, 4763681.208064714446664 ], [ -8533755.001651134341955, 4763864.557036782614887 ], [ -8533571.65267906524241, 4764038.548714619129896 ], [ -8533379.448959553614259, 4764202.706199128180742 ], [ -8533178.917309632524848, 4764356.579546056687832 ], [ -8532970.607372617349029, 4764499.746999254450202 ], [ -8532755.090111564844847, 4764631.816146685741842 ], [ -8532532.956244306638837, 4764752.424995995126665 ], [ -8532304.814624335616827, 4764861.242966712452471 ], [ -8532071.290571969002485, 4764957.971796342171729 ], [ -8531833.024160407483578, 4765042.346357886679471 ], [ -8531590.668461319059134, 4765114.135386537760496 ], [ -8531344.887754833325744, 4765173.142113557085395 ], [ -8531096.355708779767156, 4765219.204805606976151 ], [ -8530845.753532221540809, 4765252.197208052501082 ], [ -8530593.768108306452632, 4765272.028891009278595 ], [ -8530341.090111564844847, 4765278.645497214049101 ], [ -8530088.412114823237062, 4765272.028891009278595 ], [ -8529836.426690908148885, 4765252.197208052501082 ], [ -8529585.824514349922538, 4765219.204805606976151 ], [ -8529337.29246829636395, 4765173.142113557085395 ], [ -8529091.51176181063056, 4765114.135386537760496 ], [ -8528849.156062722206116, 4765042.346357886679471 ], [ -8528610.889651160687208, 4764957.971796342171729 ], [ -8528377.365598794072866, 4764861.242966712452471 ], [ -8528149.223978823050857, 4764752.424995995126665 ], [ -8527927.090111564844847, 4764631.816146685741842 ], [ -8527711.572850512340665, 4764499.746999254450202 ], [ -8527503.262913497164845, 4764356.579546056687832 ], [ -8527302.731263576075435, 4764202.706199128180742 ], [ -8527110.527544064447284, 4764038.548714619129896 ], [ -8526927.178571995347738, 4763864.557036782614887 ], [ -8526753.186894159764051, 4763681.208064714446664 ], [ -8526589.029409650713205, 4763489.004345202818513 ], [ -8526435.156062722206116, 4763288.472695281729102 ], [ -8526291.988609524443746, 4763080.162758266553283 ], [ -8526159.919462094083428, 4762864.645497214049101 ], [ -8526039.31061278283596, 4762642.511629956774414 ], [ -8525930.492642065510154, 4762414.370009983889759 ], [ -8525833.763812435790896, 4762180.845957619138062 ], [ -8525749.389250891283154, 4761942.579546056687832 ], [ -8525677.600222241133451, 4761700.22384696919471 ], [ -8525618.593495221808553, 4761454.443140482529998 ], [ -8525572.530803171917796, 4761205.911094428040087 ], [ -8525539.538400726392865, 4760955.308917870745063 ], [ -8525519.706717770546675, 4760703.323493954725564 ], [ -8525513.090111564844847, 4760450.645497214049101 ] ] ] } },
{ "type": "Feature", "properties": { "facility_name": "Haverhill Resource Recovery Facility", "state": "MA" }, "geometry": { "type": "Polygon", "coordinates": [ [ [ -7912719.820608696900308, 5276392.524039567448199 ], [ -7912726.437214901670814, 5276139.846042826771736 ], [ -7912746.268897858448327, 5275887.860618910752237 ], [ -7912779.261300303973258, 5275637.258442353457212 ], [ -7912825.323992353864014, 5275388.726396298967302 ], [ -7912884.330719373188913, 5275142.945689812302589 ], [ -7912956.119748024269938, 5274900.589990724809468 ], [ -7913040.49430956877768, 5274662.323579162359238 ], [ -7913137.223139198496938, 5274428.799526797607541 ], [ -7913246.041109915822744, 5274200.657906824722886 ], [ -7913366.649959225207567, 5273978.524039567448199 ], [ -7913498.719106656499207, 5273763.006778514944017 ], [ -7913641.886559854261577, 5273554.696841499768198 ], [ -7913795.759906782768667, 5273354.165191578678787 ], [ -7913959.917391291819513, 5273161.961472067050636 ], [ -7914133.909069128334522, 5272978.612499998882413 ], [ -7914317.258041196502745, 5272804.620822162367404 ], [ -7914509.461760708130896, 5272640.463337653316557 ], [ -7914709.993410629220307, 5272486.589990724809468 ], [ -7914918.303347644396126, 5272343.422537527047098 ], [ -7915133.820608696900308, 5272211.353390095755458 ], [ -7915355.954475954174995, 5272090.744540786370635 ], [ -7915584.09609592705965, 5271981.926570069044828 ], [ -7915817.620148291811347, 5271885.197740439325571 ], [ -7916055.886559854261577, 5271800.823178894817829 ], [ -7916298.242258941754699, 5271729.034150243736804 ], [ -7916544.022965428419411, 5271670.027423224411905 ], [ -7916792.555011482909322, 5271623.964731174521148 ], [ -7917043.157188040204346, 5271590.972328728996217 ], [ -7917295.142611956223845, 5271571.140645772218704 ], [ -7917547.820608696900308, 5271564.524039567448199 ], [ -7917800.498605437576771, 5271571.140645772218704 ], [ -7918052.484029352664948, 5271590.972328728996217 ], [ -7918303.086205910891294, 5271623.964731174521148 ], [ -7918551.618251965381205, 5271670.027423224411905 ], [ -7918797.398958452045918, 5271729.034150243736804 ], [ -7919039.754657539539039, 5271800.823178894817829 ], [ -7919278.021069101989269, 5271885.197740439325571 ], [ -7919511.545121466740966, 5271981.926570069044828 ], [ -7919739.686741439625621, 5272090.744540786370635 ], [ -7919961.820608696900308, 5272211.353390095755458 ], [ -7920177.33786974940449, 5272343.422537527047098 ], [ -7920385.647806764580309, 5272486.589990724809468 ], [ -7920586.17945668566972, 5272640.463337653316557 ], [ -7920778.383176197297871, 5272804.620822162367404 ], [ -7920961.732148265466094, 5272978.612499998882413 ], [ -7921135.723826101981103, 5273161.961472067050636 ], [ -7921299.88131061103195, 5273354.165191578678787 ], [ -7921453.754657539539039, 5273554.696841499768198 ], [ -7921596.922110737301409, 5273763.006778514944017 ], [ -7921728.991258168593049, 5273978.524039567448199 ], [ -7921849.600107477977872, 5274200.657906824722886 ], [ -7921958.418078195303679, 5274428.799526797607541 ], [ -7922055.146907825022936, 5274662.323579162359238 ], [ -7922139.521469369530678, 5274900.589990724809468 ], [ -7922211.310498020611703, 5275142.945689812302589 ], [ -7922270.317225039936602, 5275388.726396298967302 ], [ -7922316.379917089827359, 5275637.258442353457212 ], [ -7922349.37231953535229, 5275887.860618910752237 ], [ -7922369.204002492129803, 5276139.846042826771736 ], [ -7922375.820608696900308, 5276392.524039567448199 ], [ -7922369.204002492129803, 5276645.202036308124661 ], [ -7922349.37231953535229, 5276897.187460223212838 ], [ -7922316.379917089827359, 5277147.789636781439185 ], [ -7922270.317225039936602, 5277396.321682835929096 ], [ -7922211.310498020611703, 5277642.102389322593808 ], [ -7922139.521469369530678, 5277884.45808841008693 ], [ -7922055.146907825022936, 5278122.72449997253716 ], [ -7921958.418078195303679, 5278356.248552337288857 ], [ -7921849.600107477977872, 5278584.390172310173512 ], [ -7921728.991258168593049, 5278806.524039567448199 ], [ -7921596.922110737301409, 5279022.041300619952381 ], [ -7921453.754657539539039, 5279230.3512376351282 ], [ -7921299.88131061103195, 5279430.882887556217611 ], [ -7921135.723826101981103, 5279623.086607067845762 ], [ -7920961.732148265466094, 5279806.435579136013985 ], [ -7920778.383176197297871, 5279980.427256972528994 ], [ -7920586.17945668566972, 5280144.58474148157984 ], [ -7920385.647806764580309, 5280298.45808841008693 ], [ -7920177.33786974940449, 5280441.6255416078493 ], [ -7919961.820608696900308, 5280573.69468903914094 ], [ -7919739.686741439625621, 5280694.303538348525763 ], [ -7919511.545121466740966, 5280803.121509065851569 ], [ -7919278.021069101989269, 5280899.850338695570827 ], [ -7919039.754657539539039, 5280984.224900240078568 ], [ -7918797.398958452045918, 5281056.013928891159594 ], [ -7918551.618251965381205, 5281115.020655910484493 ], [ -7918303.086205910891294, 5281161.083347960375249 ], [ -7918052.48402935359627, 5281194.07575040590018 ], [ -7917800.498605437576771, 5281213.907433362677693 ], [ -7917547.820608696900308, 5281220.524039567448199 ], [ -7917295.142611956223845, 5281213.907433362677693 ], [ -7917043.157188041135669, 5281194.07575040590018 ], [ -7916792.555011482909322, 5281161.083347960375249 ], [ -7916544.022965428419411, 5281115.020655910484493 ], [ -7916298.242258941754699, 5281056.013928891159594 ], [ -7916055.886559854261577, 5280984.224900240078568 ], [ -7915817.620148291811347, 5280899.850338695570827 ], [ -7915584.09609592705965, 5280803.121509065851569 ], [ -7915355.954475954174995, 5280694.303538348525763 ], [ -7915133.820608696900308, 5280573.69468903914094 ], [ -7914918.303347644396126, 5280441.6255416078493 ], [ -7914709.993410629220307, 5280298.45808841008693 ], [ -7914509.461760708130896, 5280144.58474148157984 ], [ -7914317.258041196502745, 5279980.427256972528994 ], [ -7914133.909069128334522, 5279806.435579136013985 ], [ -7913959.917391291819513, 5279623.086607067845762 ], [ -7913795.759906782768667, 5279430.882887556217611 ], [ -7913641.886559854261577, 5279230.3512376351282 ], [ -7913498.719106656499207, 5279022.041300619952381 ], [ -7913366.649959225207567, 5278806.524039567448199 ], [ -7913246.041109915822744, 5278584.390172310173512 ], [ -7913137.223139198496938, 5278356.248552337288857 ], [ -7913040.49430956877768, 5278122.72449997253716 ], [ -7912956.119748024269938, 5277884.45808841008693 ], [ -7912884.330719373188913, 5277642.102389322593808 ], [ -7912825.323992353864014, 5277396.321682835929096 ], [ -7912779.261300303973258, 5277147.789636781439185 ], [ -7912746.268897858448327, 5276897.187460224144161 ], [ -7912726.437214901670814, 5276645.202036308124661 ], [ -7912719.820608696900308, 5276392.524039567448199 ] ] ] } },
{ "type": "Feature", "properties": { "facility_name": "SEMASS Resource Recovery Facility", "state": "MA" }, "geometry": { "type": "Polygon", "coordinates": [ [ [ -7875276.897623180411756, 5131614.75321235973388 ], [ -7875283.514229385182261, 5131362.075215619057417 ], [ -7875303.345912341959774, 5131110.089791703037918 ], [ -7875336.338314787484705, 5130859.487615145742893 ], [ -7875382.401006837375462, 5130610.955569091252983 ], [ -7875441.407733856700361, 5130365.17486260458827 ], [ -7875513.196762507781386, 5130122.819163517095149 ], [ -7875597.571324052289128, 5129884.552751954644918 ], [ -7875694.300153682008386, 5129651.028699589893222 ], [ -7875803.118124399334192, 5129422.887079617008567 ], [ -7875923.726973708719015, 5129200.75321235973388 ], [ -7876055.796121140010655, 5128985.235951307229698 ], [ -7876198.963574337773025, 5128776.926014292053878 ], [ -7876352.836921266280115, 5128576.394364370964468 ], [ -7876516.994405775330961, 5128384.190644859336317 ], [ -7876690.98608361184597, 5128200.841672791168094 ], [ -7876874.335055680014193, 5128026.849994954653084 ], [ -7877066.538775191642344, 5127862.692510445602238 ], [ -7877267.070425112731755, 5127708.819163517095149 ], [ -7877475.380362127907574, 5127565.651710319332778 ], [ -7877690.897623180411756, 5127433.582562888041139 ], [ -7877913.031490437686443, 5127312.973713578656316 ], [ -7878141.173110410571098, 5127204.155742861330509 ], [ -7878374.697162775322795, 5127107.426913231611252 ], [ -7878612.963574337773025, 5127023.05235168710351 ], [ -7878855.319273425266147, 5126951.263323036022484 ], [ -7879101.099979911930859, 5126892.256596016697586 ], [ -7879349.63202596642077, 5126846.193903966806829 ], [ -7879600.234202523715794, 5126813.201501521281898 ], [ -7879852.219626439735293, 5126793.369818564504385 ], [ -7880104.897623180411756, 5126786.75321235973388 ], [ -7880357.575619921088219, 5126793.369818564504385 ], [ -7880609.561043836176395, 5126813.201501521281898 ], [ -7880860.163220394402742, 5126846.193903966806829 ], [ -7881108.695266448892653, 5126892.256596016697586 ], [ -7881354.475972935557365, 5126951.263323036022484 ], [ -7881596.831672023050487, 5127023.05235168710351 ], [ -7881835.098083585500717, 5127107.426913231611252 ], [ -7882068.622135950252414, 5127204.155742861330509 ], [ -7882296.763755923137069, 5127312.973713578656316 ], [ -7882518.897623180411756, 5127433.582562888041139 ], [ -7882734.414884232915938, 5127565.651710319332778 ], [ -7882942.724821248091757, 5127708.819163517095149 ], [ -7883143.256471169181168, 5127862.692510445602238 ], [ -7883335.460190680809319, 5128026.849994954653084 ], [ -7883518.809162748977542, 5128200.841672791168094 ], [ -7883692.800840585492551, 5128384.190644859336317 ], [ -7883856.958325094543397, 5128576.394364370964468 ], [ -7884010.831672023050487, 5128776.926014292053878 ], [ -7884153.999125220812857, 5128985.235951307229698 ], [ -7884286.068272652104497, 5129200.75321235973388 ], [ -7884406.67712196148932, 5129422.887079617008567 ], [ -7884515.495092678815126, 5129651.028699589893222 ], [ -7884612.223922308534384, 5129884.552751954644918 ], [ -7884696.598483853042126, 5130122.819163517095149 ], [ -7884768.387512504123151, 5130365.17486260458827 ], [ -7884827.39423952344805, 5130610.955569091252983 ], [ -7884873.456931573338807, 5130859.487615145742893 ], [ -7884906.449334018863738, 5131110.089791703037918 ], [ -7884926.281016975641251, 5131362.075215619057417 ], [ -7884932.897623180411756, 5131614.75321235973388 ], [ -7884926.281016975641251, 5131867.431209100410342 ], [ -7884906.449334018863738, 5132119.416633015498519 ], [ -7884873.456931573338807, 5132370.018809573724866 ], [ -7884827.39423952344805, 5132618.550855628214777 ], [ -7884768.387512504123151, 5132864.331562114879489 ], [ -7884696.598483853042126, 5133106.687261202372611 ], [ -7884612.223922308534384, 5133344.953672764822841 ], [ -7884515.495092678815126, 5133578.477725129574537 ], [ -7884406.67712196148932, 5133806.619345102459192 ], [ -7884286.068272652104497, 5134028.75321235973388 ], [ -7884153.999125220812857, 5134244.270473412238061 ], [ -7884010.831672023050487, 5134452.580410427413881 ], [ -7883856.958325094543397, 5134653.112060348503292 ], [ -7883692.800840585492551, 5134845.315779860131443 ], [ -7883518.809162748977542, 5135028.664751928299665 ], [ -7883335.460190680809319, 5135202.656429764814675 ], [ -7883143.256471169181168, 5135366.813914273865521 ], [ -7882942.724821248091757, 5135520.687261202372611 ], [ -7882734.414884232915938, 5135663.854714400134981 ], [ -7882518.897623180411756, 5135795.92386183142662 ], [ -7882296.763755923137069, 5135916.532711140811443 ], [ -7882068.622135950252414, 5136025.35068185813725 ], [ -7881835.098083585500717, 5136122.079511487856507 ], [ -7881596.831672023050487, 5136206.454073032364249 ], [ -7881354.475972935557365, 5136278.243101683445275 ], [ -7881108.695266448892653, 5136337.249828702770174 ], [ -7880860.163220394402742, 5136383.31252075266093 ], [ -7880609.561043837107718, 5136416.304923198185861 ], [ -7880357.575619921088219, 5136436.136606154963374 ], [ -7880104.897623180411756, 5136442.75321235973388 ], [ -7879852.219626439735293, 5136436.136606154963374 ], [ -7879600.234202524647117, 5136416.304923198185861 ], [ -7879349.63202596642077, 5136383.31252075266093 ], [ -7879101.099979911930859, 5136337.249828702770174 ], [ -7878855.319273425266147, 5136278.243101683445275 ], [ -7878612.963574337773025, 5136206.454073032364249 ], [ -7878374.697162775322795, 5136122.079511487856507 ], [ -7878141.173110410571098, 5136025.35068185813725 ], [ -7877913.031490437686443, 5135916.532711140811443 ], [ -7877690.897623180411756, 5135795.92386183142662 ], [ -7877475.380362127907574, 5135663.854714400134981 ], [ -7877267.070425112731755, 5135520.687261202372611 ], [ -7877066.538775191642344, 5135366.813914273865521 ], [ -7876874.335055680014193, 5135202.656429764814675 ], [ -7876690.98608361184597, 5135028.664751928299665 ], [ -7876516.994405775330961, 5134845.315779860131443 ], [ -7876352.836921266280115, 5134653.112060348503292 ], [ -7876198.963574337773025, 5134452.580410427413881 ], [ -7876055.796121140010655, 5134244.270473412238061 ], [ -7875923.726973708719015, 5134028.75321235973388 ], [ -7875803.118124399334192, 5133806.619345102459192 ], [ -7875694.300153682008386, 5133578.477725129574537 ], [ -7875597.571324052289128, 5133344.953672764822841 ], [ -7875513.196762507781386, 5133106.687261202372611 ], [ -7875441.407733856700361, 5132864.331562114879489 ], [ -7875382.401006837375462, 5132618.550855628214777 ], [ -7875336.338314787484705, 5132370.018809573724866 ], [ -7875303.345912341959774, 5132119.416633016429842 ], [ -7875283.514229385182261, 5131867.431209100410342 ], [ -7875276.897623180411756, 5131614.75321235973388 ] ] ] } },
{ "type": "Feature", "properties": { "facility_name": "Wheelabrator Millbury ", "state": "MA" }, "geometry": { "type": "Polygon", "coordinates": [ [ [ -7984066.140918520279229, 5194208.481098986230791 ], [ -7984072.757524725049734, 5193955.803102245554328 ], [ -7984092.589207681827247, 5193703.817678329534829 ], [ -7984125.581610127352178, 5193453.215501772239804 ], [ -7984171.644302177242935, 5193204.683455717749894 ], [ -7984230.651029196567833, 5192958.902749231085181 ], [ -7984302.440057847648859, 5192716.54705014359206 ], [ -7984386.814619392156601, 5192478.280638581141829 ], [ -7984483.543449021875858, 5192244.756586216390133 ], [ -7984592.361419739201665, 5192016.614966243505478 ], [ -7984712.970269048586488, 5191794.481098986230791 ], [ -7984845.039416479878128, 5191578.963837933726609 ], [ -7984988.206869677640498, 5191370.653900918550789 ], [ -7985142.080216606147587, 5191170.122250997461379 ], [ -7985306.237701115198433, 5190977.918531485833228 ], [ -7985480.229378951713443, 5190794.569559417665005 ], [ -7985663.578351019881666, 5190620.577881581149995 ], [ -7985855.782070531509817, 5190456.420397072099149 ], [ -7986056.313720452599227, 5190302.54705014359206 ], [ -7986264.623657467775047, 5190159.37959694582969 ], [ -7986480.140918520279229, 5190027.31044951453805 ], [ -7986702.274785777553916, 5189906.701600205153227 ], [ -7986930.416405750438571, 5189797.88362948782742 ], [ -7987163.940458115190268, 5189701.154799858108163 ], [ -7987402.206869677640498, 5189616.780238313600421 ], [ -7987644.562568765133619, 5189544.991209662519395 ], [ -7987890.343275251798332, 5189485.984482643194497 ], [ -7988138.875321306288242, 5189439.92179059330374 ], [ -7988389.477497863583267, 5189406.929388147778809 ], [ -7988641.462921779602766, 5189387.097705191001296 ], [ -7988894.140918520279229, 5189380.481098986230791 ], [ -7989146.818915260955691, 5189387.097705191001296 ], [ -7989398.804339176043868, 5189406.929388147778809 ], [ -7989649.406515734270215, 5189439.92179059330374 ], [ -7989897.938561788760126, 5189485.984482643194497 ], [ -7990143.719268275424838, 5189544.991209662519395 ], [ -7990386.07496736291796, 5189616.780238313600421 ], [ -7990624.34137892536819, 5189701.154799858108163 ], [ -7990857.865431290119886, 5189797.88362948782742 ], [ -7991086.007051263004541, 5189906.701600205153227 ], [ -7991308.140918520279229, 5190027.31044951453805 ], [ -7991523.658179572783411, 5190159.37959694582969 ], [ -7991731.96811658795923, 5190302.54705014359206 ], [ -7991932.499766509048641, 5190456.420397072099149 ], [ -7992124.703486020676792, 5190620.577881581149995 ], [ -7992308.052458088845015, 5190794.569559417665005 ], [ -7992482.044135925360024, 5190977.918531485833228 ], [ -7992646.20162043441087, 5191170.122250997461379 ], [ -7992800.07496736291796, 5191370.653900918550789 ], [ -7992943.24242056068033, 5191578.963837933726609 ], [ -7993075.31156799197197, 5191794.481098986230791 ], [ -7993195.920417301356792, 5192016.614966243505478 ], [ -7993304.738388018682599, 5192244.756586216390133 ], [ -7993401.467217648401856, 5192478.280638581141829 ], [ -7993485.841779192909598, 5192716.54705014359206 ], [ -7993557.630807843990624, 5192958.902749231085181 ], [ -7993616.637534863315523, 5193204.683455717749894 ], [ -7993662.700226913206279, 5193453.215501772239804 ], [ -7993695.69262935873121, 5193703.817678329534829 ], [ -7993715.524312315508723, 5193955.803102245554328 ], [ -7993722.140918520279229, 5194208.481098986230791 ], [ -7993715.524312315508723, 5194461.159095726907253 ], [ -7993695.69262935873121, 5194713.14451964199543 ], [ -7993662.700226913206279, 5194963.746696200221777 ], [ -7993616.637534863315523, 5195212.278742254711688 ], [ -7993557.630807843990624, 5195458.0594487413764 ], [ -7993485.841779192909598, 5195700.415147828869522 ], [ -7993401.467217648401856, 5195938.681559391319752 ], [ -7993304.738388018682599, 5196172.205611756071448 ], [ -7993195.920417301356792, 5196400.347231728956103 ], [ -7993075.31156799197197, 5196622.481098986230791 ], [ -7992943.24242056068033, 5196837.998360038734972 ], [ -7992800.07496736291796, 5197046.308297053910792 ], [ -7992646.20162043441087, 5197246.839946975000203 ], [ -7992482.044135925360024, 5197439.043666486628354 ], [ -7992308.052458088845015, 5197622.392638554796576 ], [ -7992124.703486020676792, 5197796.384316391311586 ], [ -7991932.499766509048641, 5197960.541800900362432 ], [ -7991731.96811658795923, 5198114.415147828869522 ], [ -7991523.658179572783411, 5198257.582601026631892 ], [ -7991308.140918520279229, 5198389.651748457923532 ], [ -7991086.007051263004541, 5198510.260597767308354 ], [ -7990857.865431290119886, 5198619.078568484634161 ], [ -7990624.34137892536819, 5198715.807398114353418 ], [ -7990386.07496736291796, 5198800.18195965886116 ], [ -7990143.719268275424838, 5198871.970988309942186 ], [ -7989897.938561788760126, 5198930.977715329267085 ], [ -7989649.406515734270215, 5198977.040407379157841 ], [ -7989398.804339176975191, 5199010.032809824682772 ], [ -7989146.818915260955691, 5199029.864492781460285 ], [ -7988894.140918520279229, 5199036.481098986230791 ], [ -7988641.462921779602766, 5199029.864492781460285 ], [ -7988389.477497864514589, 5199010.032809824682772 ], [ -7988138.875321306288242, 5198977.040407379157841 ], [ -7987890.343275251798332, 5198930.977715329267085 ], [ -7987644.562568765133619, 5198871.970988309942186 ], [ -7987402.206869677640498, 5198800.18195965886116 ], [ -7987163.940458115190268, 5198715.807398114353418 ], [ -7986930.416405750438571, 5198619.078568484634161 ], [ -7986702.274785777553916, 5198510.260597767308354 ], [ -7986480.140918520279229, 5198389.651748457923532 ], [ -7986264.623657467775047, 5198257.582601026631892 ], [ -7986056.313720452599227, 5198114.415147828869522 ], [ -7985855.782070531509817, 5197960.541800900362432 ], [ -7985663.578351019881666, 5197796.384316391311586 ], [ -7985480.229378951713443, 5197622.392638554796576 ], [ -7985306.237701115198433, 5197439.043666486628354 ], [ -7985142.080216606147587, 5197246.839946975000203 ], [ -7984988.206869677640498, 5197046.308297053910792 ], [ -7984845.039416479878128, 5196837.998360038734972 ], [ -7984712.970269048586488, 5196622.481098986230791 ], [ -7984592.361419739201665, 5196400.347231728956103 ], [ -7984483.543449021875858, 5196172.205611756071448 ], [ -7984386.814619392156601, 5195938.681559391319752 ], [ -7984302.440057847648859, 5195700.415147828869522 ], [ -7984230.651029196567833, 5195458.0594487413764 ], [ -7984171.644302177242935, 5195212.278742254711688 ], [ -7984125.581610127352178, 5194963.746696200221777 ], [ -7984092.589207681827247, 5194713.144519642926753 ], [ -7984072.757524725049734, 5194461.159095726907253 ], [ -7984066.140918520279229, 5194208.481098986230791 ] ] ] } },
{ "type": "Feature", "properties": { "facility_name": "Community Eco Power", "state": "MA" }, "geometry": { "type": "Polygon", "coordinates": [ [ [ -8143113.874521357007325, 5231372.9450744073838 ], [ -8143120.49112756177783, 5231120.267077666707337 ], [ -8143140.322810518555343, 5230868.281653750687838 ], [ -8143173.315212964080274, 5230617.679477193392813 ], [ -8143219.377905013971031, 5230369.147431138902903 ], [ -8143278.384632033295929, 5230123.36672465223819 ], [ -8143350.173660684376955, 5229881.011025564745069 ], [ -8143434.548222228884697, 5229642.744614002294838 ], [ -8143531.277051858603954, 5229409.220561637543142 ], [ -8143640.095022575929761, 5229181.078941664658487 ], [ -8143760.703871885314584, 5228958.9450744073838 ], [ -8143892.773019316606224, 5228743.427813354879618 ], [ -8144035.940472514368594, 5228535.117876339703798 ], [ -8144189.813819442875683, 5228334.586226418614388 ], [ -8144353.971303951926529, 5228142.382506906986237 ], [ -8144527.962981788441539, 5227959.033534838818014 ], [ -8144711.311953856609762, 5227785.041857002303004 ], [ -8144903.515673368237913, 5227620.884372493252158 ], [ -8145104.047323289327323, 5227467.011025564745069 ], [ -8145312.357260304503143, 5227323.843572366982698 ], [ -8145527.874521357007325, 5227191.774424935691059 ], [ -8145750.008388614282012, 5227071.165575626306236 ], [ -8145978.150008587166667, 5226962.347604908980429 ], [ -8146211.674060951918364, 5226865.618775279261172 ], [ -8146449.940472514368594, 5226781.24421373475343 ], [ -8146692.296171601861715, 5226709.455185083672404 ], [ -8146938.076878088526428, 5226650.448458064347506 ], [ -8147186.608924143016338, 5226604.385766014456749 ], [ -8147437.211100700311363, 5226571.393363568931818 ], [ -8147689.196524616330862, 5226551.561680612154305 ], [ -8147941.874521357007325, 5226544.9450744073838 ], [ -8148194.552518097683787, 5226551.561680612154305 ], [ -8148446.537942012771964, 5226571.393363568931818 ], [ -8148697.140118570998311, 5226604.385766014456749 ], [ -8148945.672164625488222, 5226650.448458064347506 ], [ -8149191.452871112152934, 5226709.455185083672404 ], [ -8149433.808570199646056, 5226781.24421373475343 ], [ -8149672.074981762096286, 5226865.618775279261172 ], [ -8149905.599034126847982, 5226962.347604908980429 ], [ -8150133.740654099732637, 5227071.165575626306236 ], [ -8150355.874521357007325, 5227191.774424935691059 ], [ -8150571.391782409511507, 5227323.843572366982698 ], [ -8150779.701719424687326, 5227467.011025564745069 ], [ -8150980.233369345776737, 5227620.884372493252158 ], [ -8151172.437088857404888, 5227785.041857002303004 ], [ -8151355.786060925573111, 5227959.033534838818014 ], [ -8151529.77773876208812, 5228142.382506906986237 ], [ -8151693.935223271138966, 5228334.586226418614388 ], [ -8151847.808570199646056, 5228535.117876339703798 ], [ -8151990.976023397408426, 5228743.427813354879618 ], [ -8152123.045170828700066, 5228958.9450744073838 ], [ -8152243.654020138084888, 5229181.078941664658487 ], [ -8152352.471990855410695, 5229409.220561637543142 ], [ -8152449.200820485129952, 5229642.744614002294838 ], [ -8152533.575382029637694, 5229881.011025564745069 ], [ -8152605.36441068071872, 5230123.36672465223819 ], [ -8152664.371137700043619, 5230369.147431138902903 ], [ -8152710.433829749934375, 5230617.679477193392813 ], [ -8152743.426232195459306, 5230868.281653750687838 ], [ -8152763.257915152236819, 5231120.267077666707337 ], [ -8152769.874521357007325, 5231372.9450744073838 ], [ -8152763.257915152236819, 5231625.623071148060262 ], [ -8152743.426232195459306, 5231877.608495063148439 ], [ -8152710.433829749934375, 5232128.210671621374786 ], [ -8152664.371137700043619, 5232376.742717675864697 ], [ -8152605.36441068071872, 5232622.523424162529409 ], [ -8152533.575382029637694, 5232864.879123250022531 ], [ -8152449.200820485129952, 5233103.145534812472761 ], [ -8152352.471990855410695, 5233336.669587177224457 ], [ -8152243.654020138084888, 5233564.811207150109112 ], [ -8152123.045170828700066, 5233786.9450744073838 ], [ -8151990.976023397408426, 5234002.462335459887981 ], [ -8151847.808570199646056, 5234210.772272475063801 ], [ -8151693.935223271138966, 5234411.303922396153212 ], [ -8151529.77773876208812, 5234603.507641907781363 ], [ -8151355.786060925573111, 5234786.856613975949585 ], [ -8151172.437088857404888, 5234960.848291812464595 ], [ -8150980.233369345776737, 5235125.005776321515441 ], [ -8150779.701719424687326, 5235278.879123250022531 ], [ -8150571.391782409511507, 5235422.046576447784901 ], [ -8150355.874521357007325, 5235554.11572387907654 ], [ -8150133.740654099732637, 5235674.724573188461363 ], [ -8149905.599034126847982, 5235783.54254390578717 ], [ -8149672.074981762096286, 5235880.271373535506427 ], [ -8149433.808570199646056, 5235964.645935080014169 ], [ -8149191.452871112152934, 5236036.434963731095195 ], [ -8148945.672164625488222, 5236095.441690750420094 ], [ -8148697.140118570998311, 5236141.50438280031085 ], [ -8148446.537942013703287, 5236174.496785245835781 ], [ -8148194.552518097683787, 5236194.328468202613294 ], [ -8147941.874521357007325, 5236200.9450744073838 ], [ -8147689.196524616330862, 5236194.328468202613294 ], [ -8147437.211100701242685, 5236174.496785245835781 ], [ -8147186.608924143016338, 5236141.50438280031085 ], [ -8146938.076878088526428, 5236095.441690750420094 ], [ -8146692.296171601861715, 5236036.434963731095195 ], [ -8146449.940472514368594, 5235964.645935080014169 ], [ -8146211.674060951918364, 5235880.271373535506427 ], [ -8145978.150008587166667, 5235783.54254390578717 ], [ -8145750.008388614282012, 5235674.724573188461363 ], [ -8145527.874521357007325, 5235554.11572387907654 ], [ -8145312.357260304503143, 5235422.046576447784901 ], [ -8145104.047323289327323, 5235278.879123250022531 ], [ -8144903.515673368237913, 5235125.005776321515441 ], [ -8144711.311953856609762, 5234960.848291812464595 ], [ -8144527.962981788441539, 5234786.856613975949585 ], [ -8144353.971303951926529, 5234603.507641907781363 ], [ -8144189.813819442875683, 5234411.303922396153212 ], [ -8144035.940472514368594, 5234210.772272475063801 ], [ -8143892.773019316606224, 5234002.462335459887981 ], [ -8143760.703871885314584, 5233786.9450744073838 ], [ -8143640.095022575929761, 5233564.811207150109112 ], [ -8143531.277051858603954, 5233336.669587177224457 ], [ -8143434.548222228884697, 5233103.145534812472761 ], [ -8143350.173660684376955, 5232864.879123250022531 ], [ -8143278.384632033295929, 5232622.523424162529409 ], [ -8143219.377905013971031, 5232376.742717675864697 ], [ -8143173.315212964080274, 5232128.210671621374786 ], [ -8143140.322810518555343, 5231877.608495064079762 ], [ -8143120.49112756177783, 5231625.623071148060262 ], [ -8143113.874521357007325, 5231372.9450744073838 ] ] ] } },
{ "type": "Feature", "properties": { "facility_name": "Wheelabrator North Andover", "state": "MA" }, "geometry": { "type": "Polygon", "coordinates": [ [ [ -7912436.067226666025817, 5270400.954258671961725 ], [ -7912442.683832870796323, 5270148.276261931285262 ], [ -7912462.515515827573836, 5269896.290838015265763 ], [ -7912495.507918273098767, 5269645.688661457970738 ], [ -7912541.570610322989523, 5269397.156615403480828 ], [ -7912600.577337342314422, 5269151.375908916816115 ], [ -7912672.366365993395448, 5268909.020209829322994 ], [ -7912756.74092753790319, 5268670.753798266872764 ], [ -7912853.469757167622447, 5268437.229745902121067 ], [ -7912962.287727884948254, 5268209.088125929236412 ], [ -7913082.896577194333076, 5267986.954258671961725 ], [ -7913214.965724625624716, 5267771.436997619457543 ], [ -7913358.133177823387086, 5267563.127060604281723 ], [ -7913512.006524751894176, 5267362.595410683192313 ], [ -7913676.164009260945022, 5267170.391691171564162 ], [ -7913850.155687097460032, 5266987.042719103395939 ], [ -7914033.504659165628254, 5266813.051041266880929 ], [ -7914225.708378677256405, 5266648.893556757830083 ], [ -7914426.240028598345816, 5266495.020209829322994 ], [ -7914634.549965613521636, 5266351.852756631560624 ], [ -7914850.067226666025817, 5266219.783609200268984 ], [ -7915072.201093923300505, 5266099.174759890884161 ], [ -7915300.34271389618516, 5265990.356789173558354 ], [ -7915533.866766260936856, 5265893.627959543839097 ], [ -7915772.133177823387086, 5265809.253397999331355 ], [ -7916014.488876910880208, 5265737.464369348250329 ], [ -7916260.26958339754492, 5265678.457642328925431 ], [ -7916508.801629452034831, 5265632.394950279034674 ], [ -7916759.403806009329855, 5265599.402547833509743 ], [ -7917011.389229925349355, 5265579.57086487673223 ], [ -7917264.067226666025817, 5265572.954258671961725 ], [ -7917516.74522340670228, 5265579.57086487673223 ], [ -7917768.730647321790457, 5265599.402547833509743 ], [ -7918019.332823880016804, 5265632.394950279034674 ], [ -7918267.864869934506714, 5265678.457642328925431 ], [ -7918513.645576421171427, 5265737.464369348250329 ], [ -7918756.001275508664548, 5265809.253397999331355 ], [ -7918994.267687071114779, 5265893.627959543839097 ], [ -7919227.791739435866475, 5265990.356789173558354 ], [ -7919455.93335940875113, 5266099.174759890884161 ], [ -7919678.067226666025817, 5266219.783609200268984 ], [ -7919893.584487718529999, 5266351.852756631560624 ], [ -7920101.894424733705819, 5266495.020209829322994 ], [ -7920302.426074654795229, 5266648.893556757830083 ], [ -7920494.62979416642338, 5266813.051041266880929 ], [ -7920677.978766234591603, 5266987.042719103395939 ], [ -7920851.970444071106613, 5267170.391691171564162 ], [ -7921016.127928580157459, 5267362.595410683192313 ], [ -7921170.001275508664548, 5267563.127060604281723 ], [ -7921313.168728706426919, 5267771.436997619457543 ], [ -7921445.237876137718558, 5267986.954258671961725 ], [ -7921565.846725447103381, 5268209.088125929236412 ], [ -7921674.664696164429188, 5268437.229745902121067 ], [ -7921771.393525794148445, 5268670.753798266872764 ], [ -7921855.768087338656187, 5268909.020209829322994 ], [ -7921927.557115989737213, 5269151.375908916816115 ], [ -7921986.563843009062111, 5269397.156615403480828 ], [ -7922032.626535058952868, 5269645.688661457970738 ], [ -7922065.618937504477799, 5269896.290838015265763 ], [ -7922085.450620461255312, 5270148.276261931285262 ], [ -7922092.067226666025817, 5270400.954258671961725 ], [ -7922085.450620461255312, 5270653.632255412638187 ], [ -7922065.618937504477799, 5270905.617679327726364 ], [ -7922032.626535058952868, 5271156.219855885952711 ], [ -7921986.563843009062111, 5271404.751901940442622 ], [ -7921927.557115989737213, 5271650.532608427107334 ], [ -7921855.768087338656187, 5271892.888307514600456 ], [ -7921771.393525794148445, 5272131.154719077050686 ], [ -7921674.664696164429188, 5272364.678771441802382 ], [ -7921565.846725447103381, 5272592.820391414687037 ], [ -7921445.237876137718558, 5272814.954258671961725 ], [ -7921313.168728706426919, 5273030.471519724465907 ], [ -7921170.001275508664548, 5273238.781456739641726 ], [ -7921016.127928580157459, 5273439.313106660731137 ], [ -7920851.970444071106613, 5273631.516826172359288 ], [ -7920677.978766234591603, 5273814.865798240527511 ], [ -7920494.62979416642338, 5273988.85747607704252 ], [ -7920302.426074654795229, 5274153.014960586093366 ], [ -7920101.894424733705819, 5274306.888307514600456 ], [ -7919893.584487718529999, 5274450.055760712362826 ], [ -7919678.067226666025817, 5274582.124908143654466 ], [ -7919455.93335940875113, 5274702.733757453039289 ], [ -7919227.791739435866475, 5274811.551728170365095 ], [ -7918994.267687071114779, 5274908.280557800084352 ], [ -7918756.001275508664548, 5274992.655119344592094 ], [ -7918513.645576421171427, 5275064.44414799567312 ], [ -7918267.864869934506714, 5275123.450875014998019 ], [ -7918019.332823880016804, 5275169.513567064888775 ], [ -7917768.730647322721779, 5275202.505969510413706 ], [ -7917516.74522340670228, 5275222.337652467191219 ], [ -7917264.067226666025817, 5275228.954258671961725 ], [ -7917011.389229925349355, 5275222.337652467191219 ], [ -7916759.403806010261178, 5275202.505969510413706 ], [ -7916508.801629452034831, 5275169.513567064888775 ], [ -7916260.26958339754492, 5275123.450875014998019 ], [ -7916014.488876910880208, 5275064.44414799567312 ], [ -7915772.133177823387086, 5274992.655119344592094 ], [ -7915533.866766260936856, 5274908.280557800084352 ], [ -7915300.34271389618516, 5274811.551728170365095 ], [ -7915072.201093923300505, 5274702.733757453039289 ], [ -7914850.067226666025817, 5274582.124908143654466 ], [ -7914634.549965613521636, 5274450.055760712362826 ], [ -7914426.240028598345816, 5274306.888307514600456 ], [ -7914225.708378677256405, 5274153.014960586093366 ], [ -7914033.504659165628254, 5273988.85747607704252 ], [ -7913850.155687097460032, 5273814.865798240527511 ], [ -7913676.164009260945022, 5273631.516826172359288 ], [ -7913512.006524751894176, 5273439.313106660731137 ], [ -7913358.133177823387086, 5273238.781456739641726 ], [ -7913214.965724625624716, 5273030.471519724465907 ], [ -7913082.896577194333076, 5272814.954258671961725 ], [ -7912962.287727884948254, 5272592.820391414687037 ], [ -7912853.469757167622447, 5272364.678771441802382 ], [ -7912756.74092753790319, 5272131.154719077050686 ], [ -7912672.366365993395448, 5271892.888307514600456 ], [ -7912600.577337342314422, 5271650.532608427107334 ], [ -7912541.570610322989523, 5271404.751901940442622 ], [ -7912495.507918273098767, 5271156.219855885952711 ], [ -7912462.515515827573836, 5270905.617679328657687 ], [ -7912442.683832870796323, 5270653.632255412638187 ], [ -7912436.067226666025817, 5270400.954258671961725 ] ] ] } },
{ "type": "Feature", "properties": { "facility_name": "Wheelabrator Saugus", "state": "MA" }, "geometry": { "type": "Polygon", "coordinates": [ [ [ -7897006.406566281802952, 5227275.827891796827316 ], [ -7897013.023172486573458, 5227023.149895056150854 ], [ -7897032.854855443350971, 5226771.164471140131354 ], [ -7897065.847257888875902, 5226520.56229458283633 ], [ -7897111.909949938766658, 5226272.030248528346419 ], [ -7897170.916676958091557, 5226026.249542041681707 ], [ -7897242.705705609172583, 5225783.893842954188585 ], [ -7897327.080267153680325, 5225545.627431391738355 ], [ -7897423.809096783399582, 5225312.103379026986659 ], [ -7897532.627067500725389, 5225083.961759054102004 ], [ -7897653.235916810110211, 5224861.827891796827316 ], [ -7897785.305064241401851, 5224646.310630744323134 ], [ -7897928.472517439164221, 5224438.000693729147315 ], [ -7898082.345864367671311, 5224237.469043808057904 ], [ -7898246.503348876722157, 5224045.265324296429753 ], [ -7898420.495026713237166, 5223861.91635222826153 ], [ -7898603.843998781405389, 5223687.924674391746521 ], [ -7898796.04771829303354, 5223523.767189882695675 ], [ -7898996.579368214122951, 5223369.893842954188585 ], [ -7899204.88930522929877, 5223226.726389756426215 ], [ -7899420.406566281802952, 5223094.657242325134575 ], [ -7899642.54043353907764, 5222974.048393015749753 ], [ -7899870.682053511962295, 5222865.230422298423946 ], [ -7900104.206105876713991, 5222768.501592668704689 ], [ -7900342.472517439164221, 5222684.127031124196947 ], [ -7900584.828216526657343, 5222612.338002473115921 ], [ -7900830.608923013322055, 5222553.331275453791022 ], [ -7901079.140969067811966, 5222507.268583403900266 ], [ -7901329.74314562510699, 5222474.276180958375335 ], [ -7901581.72856954112649, 5222454.444498001597822 ], [ -7901834.406566281802952, 5222447.827891796827316 ], [ -7902087.084563022479415, 5222454.444498001597822 ], [ -7902339.069986937567592, 5222474.276180958375335 ], [ -7902589.672163495793939, 5222507.268583403900266 ], [ -7902838.204209550283849, 5222553.331275453791022 ], [ -7903083.984916036948562, 5222612.338002473115921 ], [ -7903326.340615124441683, 5222684.127031124196947 ], [ -7903564.607026686891913, 5222768.501592668704689 ], [ -7903798.13107905164361, 5222865.230422298423946 ], [ -7904026.272699024528265, 5222974.048393015749753 ], [ -7904248.406566281802952, 5223094.657242325134575 ], [ -7904463.923827334307134, 5223226.726389756426215 ], [ -7904672.233764349482954, 5223369.893842954188585 ], [ -7904872.765414270572364, 5223523.767189882695675 ], [ -7905064.969133782200515, 5223687.924674391746521 ], [ -7905248.318105850368738, 5223861.91635222826153 ], [ -7905422.309783686883748, 5224045.265324296429753 ], [ -7905586.467268195934594, 5224237.469043808057904 ], [ -7905740.340615124441683, 5224438.000693729147315 ], [ -7905883.508068322204053, 5224646.310630744323134 ], [ -7906015.577215753495693, 5224861.827891796827316 ], [ -7906136.186065062880516, 5225083.961759054102004 ], [ -7906245.004035780206323, 5225312.103379026986659 ], [ -7906341.73286540992558, 5225545.627431391738355 ], [ -7906426.107426954433322, 5225783.893842954188585 ], [ -7906497.896455605514348, 5226026.249542041681707 ], [ -7906556.903182624839246, 5226272.030248528346419 ], [ -7906602.965874674730003, 5226520.56229458283633 ], [ -7906635.958277120254934, 5226771.164471140131354 ], [ -7906655.789960077032447, 5227023.149895056150854 ], [ -7906662.406566281802952, 5227275.827891796827316 ], [ -7906655.789960077032447, 5227528.505888537503779 ], [ -7906635.958277120254934, 5227780.491312452591956 ], [ -7906602.965874674730003, 5228031.093489010818303 ], [ -7906556.903182624839246, 5228279.625535065308213 ], [ -7906497.896455605514348, 5228525.406241551972926 ], [ -7906426.107426954433322, 5228767.761940639466047 ], [ -7906341.73286540992558, 5229006.028352201916277 ], [ -7906245.004035780206323, 5229239.552404566667974 ], [ -7906136.186065062880516, 5229467.694024539552629 ], [ -7906015.577215753495693, 5229689.827891796827316 ], [ -7905883.508068322204053, 5229905.345152849331498 ], [ -7905740.340615124441683, 5230113.655089864507318 ], [ -7905586.467268195934594, 5230314.186739785596728 ], [ -7905422.309783686883748, 5230506.390459297224879 ], [ -7905248.318105850368738, 5230689.739431365393102 ], [ -7905064.969133782200515, 5230863.731109201908112 ], [ -7904872.765414270572364, 5231027.888593710958958 ], [ -7904672.233764349482954, 5231181.761940639466047 ], [ -7904463.923827334307134, 5231324.929393837228417 ], [ -7904248.406566281802952, 5231456.998541268520057 ], [ -7904026.272699024528265, 5231577.60739057790488 ], [ -7903798.13107905164361, 5231686.425361295230687 ], [ -7903564.607026686891913, 5231783.154190924949944 ], [ -7903326.340615124441683, 5231867.528752469457686 ], [ -7903083.984916036948562, 5231939.317781120538712 ], [ -7902838.204209550283849, 5231998.32450813986361 ], [ -7902589.672163495793939, 5232044.387200189754367 ], [ -7902339.069986938498914, 5232077.379602635279298 ], [ -7902087.084563022479415, 5232097.211285592056811 ], [ -7901834.406566281802952, 5232103.827891796827316 ], [ -7901581.72856954112649, 5232097.211285592056811 ], [ -7901329.743145626038313, 5232077.379602635279298 ], [ -7901079.140969067811966, 5232044.387200189754367 ], [ -7900830.608923013322055, 5231998.32450813986361 ], [ -7900584.828216526657343, 5231939.317781120538712 ], [ -7900342.472517439164221, 5231867.528752469457686 ], [ -7900104.206105876713991, 5231783.154190924949944 ], [ -7899870.682053511962295, 5231686.425361295230687 ], [ -7899642.54043353907764, 5231577.60739057790488 ], [ -7899420.406566281802952, 5231456.998541268520057 ], [ -7899204.88930522929877, 5231324.929393837228417 ], [ -7898996.579368214122951, 5231181.761940639466047 ], [ -7898796.04771829303354, 5231027.888593710958958 ], [ -7898603.843998781405389, 5230863.731109201908112 ], [ -7898420.495026713237166, 5230689.739431365393102 ], [ -7898246.503348876722157, 5230506.390459297224879 ], [ -7898082.345864367671311, 5230314.186739785596728 ], [ -7897928.472517439164221, 5230113.655089864507318 ], [ -7897785.305064241401851, 5229905.345152849331498 ], [ -7897653.235916810110211, 5229689.827891796827316 ], [ -7897532.627067500725389, 5229467.694024539552629 ], [ -7897423.809096783399582, 5229239.552404566667974 ], [ -7897327.080267153680325, 5229006.028352201916277 ], [ -7897242.705705609172583, 5228767.761940639466047 ], [ -7897170.916676958091557, 5228525.406241551972926 ], [ -7897111.909949938766658, 5228279.625535065308213 ], [ -7897065.847257888875902, 5228031.093489010818303 ], [ -7897032.854855443350971, 5227780.491312453523278 ], [ -7897013.023172486573458, 5227528.505888537503779 ], [ -7897006.406566281802952, 5227275.827891796827316 ] ] ] } },
{ "type": "Feature", "properties": { "facility_name": "Kent County Waste to Energy Facility", "state": "MI" }, "geometry": { "type": "Polygon", "coordinates": [ [ [ -9534482.152558695524931, 5304235.11282928660512 ], [ -9534488.769164901226759, 5303982.434832545928657 ], [ -9534508.600847857072949, 5303730.449408629909158 ], [ -9534541.59325030259788, 5303479.847232072614133 ], [ -9534587.655942352488637, 5303231.315186018124223 ], [ -9534646.662669371813536, 5302985.53447953145951 ], [ -9534718.451698021963239, 5302743.178780443966389 ], [ -9534802.826259566470981, 5302504.912368881516159 ], [ -9534899.555089196190238, 5302271.388316516764462 ], [ -9535008.373059913516045, 5302043.246696543879807 ], [ -9535128.981909224763513, 5301821.11282928660512 ], [ -9535261.05105665512383, 5301605.595568234100938 ], [ -9535404.2185098528862, 5301397.285631218925118 ], [ -9535558.09185678139329, 5301196.753981297835708 ], [ -9535722.249341290444136, 5301004.550261786207557 ], [ -9535896.241019126027822, 5300821.201289718039334 ], [ -9536079.589991195127368, 5300647.209611881524324 ], [ -9536271.793710706755519, 5300483.052127372473478 ], [ -9536472.32536062784493, 5300329.178780443966389 ], [ -9536680.635297643020749, 5300186.011327246204019 ], [ -9536896.152558695524931, 5300053.942179814912379 ], [ -9537118.286425953730941, 5299933.333330505527556 ], [ -9537346.428045924752951, 5299824.515359788201749 ], [ -9537579.952098291367292, 5299727.786530158482492 ], [ -9537818.2185098528862, 5299643.41196861397475 ], [ -9538060.574208941310644, 5299571.622939962893724 ], [ -9538306.354915427044034, 5299512.616212943568826 ], [ -9538554.886961480602622, 5299466.553520893678069 ], [ -9538805.489138038828969, 5299433.561118448153138 ], [ -9539057.474561953917146, 5299413.729435491375625 ], [ -9539310.152558695524931, 5299407.11282928660512 ], [ -9539562.830555437132716, 5299413.729435491375625 ], [ -9539814.815979352220893, 5299433.561118448153138 ], [ -9540065.41815591044724, 5299466.553520893678069 ], [ -9540313.950201964005828, 5299512.616212943568826 ], [ -9540559.730908449739218, 5299571.622939962893724 ], [ -9540802.086607538163662, 5299643.41196861397475 ], [ -9541040.35301909968257, 5299727.786530158482492 ], [ -9541273.877071466296911, 5299824.515359788201749 ], [ -9541502.018691437318921, 5299933.333330505527556 ], [ -9541724.152558695524931, 5300053.942179814912379 ], [ -9541939.669819748029113, 5300186.011327246204019 ], [ -9542147.979756763204932, 5300329.178780443966389 ], [ -9542348.511406684294343, 5300483.052127372473478 ], [ -9542540.715126195922494, 5300647.209611881524324 ], [ -9542724.064098265022039, 5300821.201289718039334 ], [ -9542898.055776100605726, 5301004.550261786207557 ], [ -9543062.213260609656572, 5301196.753981297835708 ], [ -9543216.086607538163662, 5301397.285631218925118 ], [ -9543359.254060735926032, 5301605.595568234100938 ], [ -9543491.323208166286349, 5301821.11282928660512 ], [ -9543611.932057477533817, 5302043.246696543879807 ], [ -9543720.750028194859624, 5302271.388316516764462 ], [ -9543817.478857824578881, 5302504.912368881516159 ], [ -9543901.853419369086623, 5302743.178780443966389 ], [ -9543973.642448019236326, 5302985.53447953145951 ], [ -9544032.649175038561225, 5303231.315186018124223 ], [ -9544078.711867088451982, 5303479.847232072614133 ], [ -9544111.704269533976912, 5303730.449408629909158 ], [ -9544131.535952489823103, 5303982.434832545928657 ], [ -9544138.152558695524931, 5304235.11282928660512 ], [ -9544131.535952489823103, 5304487.790826027281582 ], [ -9544111.704269533976912, 5304739.776249942369759 ], [ -9544078.711867088451982, 5304990.378426500596106 ], [ -9544032.649175038561225, 5305238.910472555086017 ], [ -9543973.642448019236326, 5305484.691179041750729 ], [ -9543901.853419369086623, 5305727.046878129243851 ], [ -9543817.478857824578881, 5305965.313289691694081 ], [ -9543720.750028194859624, 5306198.837342056445777 ], [ -9543611.932057477533817, 5306426.978962029330432 ], [ -9543491.323208166286349, 5306649.11282928660512 ], [ -9543359.254060735926032, 5306864.630090339109302 ], [ -9543216.086607538163662, 5307072.940027354285121 ], [ -9543062.213260609656572, 5307273.471677275374532 ], [ -9542898.055776100605726, 5307465.675396787002683 ], [ -9542724.064098265022039, 5307649.024368855170906 ], [ -9542540.715126195922494, 5307823.016046691685915 ], [ -9542348.511406684294343, 5307987.173531200736761 ], [ -9542147.979756763204932, 5308141.046878129243851 ], [ -9541939.669819748029113, 5308284.214331327006221 ], [ -9541724.152558695524931, 5308416.283478758297861 ], [ -9541502.018691437318921, 5308536.892328067682683 ], [ -9541273.877071466296911, 5308645.71029878500849 ], [ -9541040.35301909968257, 5308742.439128414727747 ], [ -9540802.086607538163662, 5308826.813689959235489 ], [ -9540559.730908449739218, 5308898.602718610316515 ], [ -9540313.950201964005828, 5308957.609445629641414 ], [ -9540065.41815591044724, 5309003.67213767953217 ], [ -9539814.815979352220893, 5309036.664540125057101 ], [ -9539562.830555437132716, 5309056.496223081834614 ], [ -9539310.152558695524931, 5309063.11282928660512 ], [ -9539057.474561953917146, 5309056.496223081834614 ], [ -9538805.489138038828969, 5309036.664540125057101 ], [ -9538554.886961480602622, 5309003.67213767953217 ], [ -9538306.354915427044034, 5308957.609445629641414 ], [ -9538060.574208941310644, 5308898.602718610316515 ], [ -9537818.2185098528862, 5308826.813689959235489 ], [ -9537579.952098291367292, 5308742.439128414727747 ], [ -9537346.428045924752951, 5308645.71029878500849 ], [ -9537118.286425953730941, 5308536.892328067682683 ], [ -9536896.152558695524931, 5308416.283478758297861 ], [ -9536680.635297643020749, 5308284.214331327006221 ], [ -9536472.32536062784493, 5308141.046878129243851 ], [ -9536271.793710706755519, 5307987.173531200736761 ], [ -9536079.589991195127368, 5307823.016046691685915 ], [ -9535896.241019126027822, 5307649.024368855170906 ], [ -9535722.249341290444136, 5307465.675396787002683 ], [ -9535558.09185678139329, 5307273.471677275374532 ], [ -9535404.2185098528862, 5307072.940027354285121 ], [ -9535261.05105665512383, 5306864.630090339109302 ], [ -9535128.981909224763513, 5306649.11282928660512 ], [ -9535008.373059913516045, 5306426.978962029330432 ], [ -9534899.555089196190238, 5306198.837342056445777 ], [ -9534802.826259566470981, 5305965.313289691694081 ], [ -9534718.451698021963239, 5305727.046878129243851 ], [ -9534646.662669371813536, 5305484.691179041750729 ], [ -9534587.655942352488637, 5305238.910472555086017 ], [ -9534541.59325030259788, 5304990.378426500596106 ], [ -9534508.600847857072949, 5304739.776249943301082 ], [ -9534488.769164901226759, 5304487.790826027281582 ], [ -9534482.152558695524931, 5304235.11282928660512 ] ] ] } },
{ "type": "Feature", "properties": { "facility_name": "Hennepin Energy Resource Center (HERC)", "state": "MN" }, "geometry": { "type": "Polygon", "coordinates": [ [ [ -10380277.725039359182119, 5619018.452011941932142 ], [ -10380284.341645564883947, 5618765.774015201255679 ], [ -10380304.173328520730138, 5618513.78859128523618 ], [ -10380337.165730966255069, 5618263.186414727941155 ], [ -10380383.228423016145825, 5618014.654368673451245 ], [ -10380442.235150035470724, 5617768.873662186786532 ], [ -10380514.024178685620427, 5617526.517963099293411 ], [ -10380598.398740230128169, 5617288.251551536843181 ], [ -10380695.127569859847426, 5617054.727499172091484 ], [ -10380803.945540577173233, 5616826.585879199206829 ], [ -10380924.554389888420701, 5616604.452011941932142 ], [ -10381056.623537318781018, 5616388.93475088942796 ], [ -10381199.790990516543388, 5616180.624813874252141 ], [ -10381353.664337445050478, 5615980.09316395316273 ], [ -10381517.821821954101324, 5615787.889444441534579 ], [ -10381691.813499789685011, 5615604.540472373366356 ], [ -10381875.162471858784556, 5615430.548794536851346 ], [ -10382067.366191370412707, 5615266.3913100278005 ], [ -10382267.897841291502118, 5615112.517963099293411 ], [ -10382476.207778306677938, 5614969.350509901531041 ], [ -10382691.725039359182119, 5614837.281362470239401 ], [ -10382913.858906617388129, 5614716.672513160854578 ], [ -10383142.000526588410139, 5614607.854542443528771 ], [ -10383375.524578955024481, 5614511.125712813809514 ], [ -10383613.790990516543388, 5614426.751151269301772 ], [ -10383856.146689604967833, 5614354.962122618220747 ], [ -10384101.927396090701222, 5614295.955395598895848 ], [ -10384350.45944214425981, 5614249.892703549005091 ], [ -10384601.061618702486157, 5614216.90030110348016 ], [ -10384853.047042617574334, 5614197.068618146702647 ], [ -10385105.725039359182119, 5614190.452011941932142 ], [ -10385358.403036100789905, 5614197.068618146702647 ], [ -10385610.388460015878081, 5614216.90030110348016 ], [ -10385860.990636574104428, 5614249.892703549005091 ], [ -10386109.522682627663016, 5614295.955395598895848 ], [ -10386355.303389113396406, 5614354.962122618220747 ], [ -10386597.65908820182085, 5614426.751151269301772 ], [ -10386835.925499763339758, 5614511.125712813809514 ], [ -10387069.4495521299541, 5614607.854542443528771 ], [ -10387297.59117210097611, 5614716.672513160854578 ], [ -10387519.725039359182119, 5614837.281362470239401 ], [ -10387735.242300411686301, 5614969.350509901531041 ], [ -10387943.552237426862121, 5615112.517963099293411 ], [ -10388144.083887347951531, 5615266.3913100278005 ], [ -10388336.287606859579682, 5615430.548794536851346 ], [ -10388519.636578928679228, 5615604.540472373366356 ], [ -10388693.628256764262915, 5615787.889444441534579 ], [ -10388857.785741273313761, 5615980.09316395316273 ], [ -10389011.65908820182085, 5616180.624813874252141 ], [ -10389154.82654139958322, 5616388.93475088942796 ], [ -10389286.895688829943538, 5616604.452011941932142 ], [ -10389407.504538141191006, 5616826.585879199206829 ], [ -10389516.322508858516812, 5617054.727499172091484 ], [ -10389613.05133848823607, 5617288.251551536843181 ], [ -10389697.425900032743812, 5617526.517963099293411 ], [ -10389769.214928682893515, 5617768.873662186786532 ], [ -10389828.221655702218413, 5618014.654368673451245 ], [ -10389874.28434775210917, 5618263.186414727941155 ], [ -10389907.276750197634101, 5618513.78859128523618 ], [ -10389927.108433153480291, 5618765.774015201255679 ], [ -10389933.725039359182119, 5619018.452011941932142 ], [ -10389927.108433153480291, 5619271.130008682608604 ], [ -10389907.276750197634101, 5619523.115432597696781 ], [ -10389874.28434775210917, 5619773.717609155923128 ], [ -10389828.221655702218413, 5620022.249655210413039 ], [ -10389769.214928682893515, 5620268.030361697077751 ], [ -10389697.425900032743812, 5620510.386060784570873 ], [ -10389613.05133848823607, 5620748.652472347021103 ], [ -10389516.322508858516812, 5620982.176524711772799 ], [ -10389407.504538141191006, 5621210.318144684657454 ], [ -10389286.895688829943538, 5621432.452011941932142 ], [ -10389154.82654139958322, 5621647.969272994436324 ], [ -10389011.65908820182085, 5621856.279210009612143 ], [ -10388857.785741273313761, 5622056.810859930701554 ], [ -10388693.628256764262915, 5622249.014579442329705 ], [ -10388519.636578928679228, 5622432.363551510497928 ], [ -10388336.287606859579682, 5622606.355229347012937 ], [ -10388144.083887347951531, 5622770.512713856063783 ], [ -10387943.552237426862121, 5622924.386060784570873 ], [ -10387735.242300411686301, 5623067.553513982333243 ], [ -10387519.725039359182119, 5623199.622661413624883 ], [ -10387297.59117210097611, 5623320.231510723009706 ], [ -10387069.4495521299541, 5623429.049481440335512 ], [ -10386835.925499763339758, 5623525.77831107005477 ], [ -10386597.65908820182085, 5623610.152872614562511 ], [ -10386355.303389113396406, 5623681.941901265643537 ], [ -10386109.522682627663016, 5623740.948628284968436 ], [ -10385860.990636574104428, 5623787.011320334859192 ], [ -10385610.388460015878081, 5623820.003722780384123 ], [ -10385358.403036100789905, 5623839.835405737161636 ], [ -10385105.725039359182119, 5623846.452011941932142 ], [ -10384853.047042617574334, 5623839.835405737161636 ], [ -10384601.061618702486157, 5623820.003722780384123 ], [ -10384350.45944214425981, 5623787.011320334859192 ], [ -10384101.927396090701222, 5623740.948628284968436 ], [ -10383856.146689604967833, 5623681.941901265643537 ], [ -10383613.790990516543388, 5623610.152872614562511 ], [ -10383375.524578955024481, 5623525.77831107005477 ], [ -10383142.000526588410139, 5623429.049481440335512 ], [ -10382913.858906617388129, 5623320.231510723009706 ], [ -10382691.725039359182119, 5623199.622661413624883 ], [ -10382476.207778306677938, 5623067.553513982333243 ], [ -10382267.897841291502118, 5622924.386060784570873 ], [ -10382067.366191370412707, 5622770.512713856063783 ], [ -10381875.162471858784556, 5622606.355229347012937 ], [ -10381691.813499789685011, 5622432.363551510497928 ], [ -10381517.821821954101324, 5622249.014579442329705 ], [ -10381353.664337445050478, 5622056.810859930701554 ], [ -10381199.790990516543388, 5621856.279210009612143 ], [ -10381056.623537318781018, 5621647.969272994436324 ], [ -10380924.554389888420701, 5621432.452011941932142 ], [ -10380803.945540577173233, 5621210.318144684657454 ], [ -10380695.127569859847426, 5620982.176524711772799 ], [ -10380598.398740230128169, 5620748.652472347021103 ], [ -10380514.024178685620427, 5620510.386060784570873 ], [ -10380442.235150035470724, 5620268.030361697077751 ], [ -10380383.228423016145825, 5620022.249655210413039 ], [ -10380337.165730966255069, 5619773.717609155923128 ], [ -10380304.173328520730138, 5619523.115432598628104 ], [ -10380284.341645564883947, 5619271.130008682608604 ], [ -10380277.725039359182119, 5619018.452011941932142 ] ] ] } },
{ "type": "Feature", "properties": { "facility_name": "Great River Energy â€” Elk River Station", "state": "MN" }, "geometry": { "type": "Polygon", "coordinates": [ [ [ -10410116.32455319352448, 5668201.348284096457064 ], [ -10410122.941159399226308, 5667948.670287355780602 ], [ -10410142.772842355072498, 5667696.684863439761102 ], [ -10410175.765244800597429, 5667446.082686882466078 ], [ -10410221.827936850488186, 5667197.550640827976167 ], [ -10410280.834663869813085, 5666951.769934341311455 ], [ -10410352.623692519962788, 5666709.414235253818333 ], [ -10410436.99825406447053, 5666471.147823691368103 ], [ -10410533.727083694189787, 5666237.623771326616406 ], [ -10410642.545054411515594, 5666009.482151353731751 ], [ -10410763.153903722763062, 5665787.348284096457064 ], [ -10410895.223051153123379, 5665571.831023043952882 ], [ -10411038.390504350885749, 5665363.521086028777063 ], [ -10411192.263851279392838, 5665162.989436107687652 ], [ -10411356.421335788443685, 5664970.785716596059501 ], [ -10411530.413013624027371, 5664787.436744527891278 ], [ -10411713.761985693126917, 5664613.445066691376269 ], [ -10411905.965705204755068, 5664449.287582182325423 ], [ -10412106.497355125844479, 5664295.414235253818333 ], [ -10412314.807292141020298, 5664152.246782056055963 ], [ -10412530.32455319352448, 5664020.177634624764323 ], [ -10412752.45842045173049, 5663899.5687853153795 ], [ -10412980.6000404227525, 5663790.750814598053694 ], [ -10413214.124092789366841, 5663694.021984968334436 ], [ -10413452.390504350885749, 5663609.647423423826694 ], [ -10413694.746203439310193, 5663537.858394772745669 ], [ -10413940.526909925043583, 5663478.85166775342077 ], [ -10414189.058955978602171, 5663432.788975703530014 ], [ -10414439.661132536828518, 5663399.796573258005083 ], [ -10414691.646556451916695, 5663379.96489030122757 ], [ -10414944.32455319352448, 5663373.348284096457064 ], [ -10415197.002549935132265, 5663379.96489030122757 ], [ -10415448.987973850220442, 5663399.796573258005083 ], [ -10415699.590150408446789, 5663432.788975703530014 ], [ -10415948.122196462005377, 5663478.85166775342077 ], [ -10416193.902902947738767, 5663537.858394772745669 ], [ -10416436.258602036163211, 5663609.647423423826694 ], [ -10416674.525013597682118, 5663694.021984968334436 ], [ -10416908.04906596429646, 5663790.750814598053694 ], [ -10417136.19068593531847, 5663899.5687853153795 ], [ -10417358.32455319352448, 5664020.177634624764323 ], [ -10417573.841814246028662, 5664152.246782056055963 ], [ -10417782.151751261204481, 5664295.414235253818333 ], [ -10417982.683401182293892, 5664449.287582182325423 ], [ -10418174.887120693922043, 5664613.445066691376269 ], [ -10418358.236092763021588, 5664787.436744527891278 ], [ -10418532.227770598605275, 5664970.785716596059501 ], [ -10418696.385255107656121, 5665162.989436107687652 ], [ -10418850.258602036163211, 5665363.521086028777063 ], [ -10418993.426055233925581, 5665571.831023043952882 ], [ -10419125.495202664285898, 5665787.348284096457064 ], [ -10419246.104051975533366, 5666009.482151353731751 ], [ -10419354.922022692859173, 5666237.623771326616406 ], [ -10419451.65085232257843, 5666471.147823691368103 ], [ -10419536.025413867086172, 5666709.414235253818333 ], [ -10419607.814442517235875, 5666951.769934341311455 ], [ -10419666.821169536560774, 5667197.550640827976167 ], [ -10419712.88386158645153, 5667446.082686882466078 ], [ -10419745.876264031976461, 5667696.684863439761102 ], [ -10419765.707946987822652, 5667948.670287355780602 ], [ -10419772.32455319352448, 5668201.348284096457064 ], [ -10419765.707946987822652, 5668454.026280837133527 ], [ -10419745.876264031976461, 5668706.011704752221704 ], [ -10419712.88386158645153, 5668956.61388131044805 ], [ -10419666.821169536560774, 5669205.145927364937961 ], [ -10419607.814442517235875, 5669450.926633851602674 ], [ -10419536.025413867086172, 5669693.282332939095795 ], [ -10419451.65085232257843, 5669931.548744501546025 ], [ -10419354.922022692859173, 5670165.072796866297722 ], [ -10419246.104051975533366, 5670393.214416839182377 ], [ -10419125.495202664285898, 5670615.348284096457064 ], [ -10418993.426055233925581, 5670830.865545148961246 ], [ -10418850.258602036163211, 5671039.175482164137065 ], [ -10418696.385255107656121, 5671239.707132085226476 ], [ -10418532.227770598605275, 5671431.910851596854627 ], [ -10418358.236092763021588, 5671615.25982366502285 ], [ -10418174.887120693922043, 5671789.251501501537859 ], [ -10417982.683401182293892, 5671953.408986010588706 ], [ -10417782.151751261204481, 5672107.282332939095795 ], [ -10417573.841814246028662, 5672250.449786136858165 ], [ -10417358.32455319352448, 5672382.518933568149805 ], [ -10417136.19068593531847, 5672503.127782877534628 ], [ -10416908.04906596429646, 5672611.945753594860435 ], [ -10416674.525013597682118, 5672708.674583224579692 ], [ -10416436.258602036163211, 5672793.049144769087434 ], [ -10416193.902902947738767, 5672864.838173420168459 ], [ -10415948.122196462005377, 5672923.844900439493358 ], [ -10415699.590150408446789, 5672969.907592489384115 ], [ -10415448.987973850220442, 5673002.899994934909046 ], [ -10415197.002549935132265, 5673022.731677891686559 ], [ -10414944.32455319352448, 5673029.348284096457064 ], [ -10414691.646556451916695, 5673022.731677891686559 ], [ -10414439.661132536828518, 5673002.899994934909046 ], [ -10414189.058955978602171, 5672969.907592489384115 ], [ -10413940.526909925043583, 5672923.844900439493358 ], [ -10413694.746203439310193, 5672864.838173420168459 ], [ -10413452.390504350885749, 5672793.049144769087434 ], [ -10413214.124092789366841, 5672708.674583224579692 ], [ -10412980.6000404227525, 5672611.945753594860435 ], [ -10412752.45842045173049, 5672503.127782877534628 ], [ -10412530.32455319352448, 5672382.518933568149805 ], [ -10412314.807292141020298, 5672250.449786136858165 ], [ -10412106.497355125844479, 5672107.282332939095795 ], [ -10411905.965705204755068, 5671953.408986010588706 ], [ -10411713.761985693126917, 5671789.251501501537859 ], [ -10411530.413013624027371, 5671615.25982366502285 ], [ -10411356.421335788443685, 5671431.910851596854627 ], [ -10411192.263851279392838, 5671239.707132085226476 ], [ -10411038.390504350885749, 5671039.175482164137065 ], [ -10410895.223051153123379, 5670830.865545148961246 ], [ -10410763.153903722763062, 5670615.348284096457064 ], [ -10410642.545054411515594, 5670393.214416839182377 ], [ -10410533.727083694189787, 5670165.072796866297722 ], [ -10410436.99825406447053, 5669931.548744501546025 ], [ -10410352.623692519962788, 5669693.282332939095795 ], [ -10410280.834663869813085, 5669450.926633851602674 ], [ -10410221.827936850488186, 5669205.145927364937961 ], [ -10410175.765244800597429, 5668956.61388131044805 ], [ -10410142.772842355072498, 5668706.011704753153026 ], [ -10410122.941159399226308, 5668454.026280837133527 ], [ -10410116.32455319352448, 5668201.348284096457064 ] ] ] } },
{ "type": "Feature", "properties": { "facility_name": "Olmsted Waste-to-Energy Facility ", "state": "MN" }, "geometry": { "type": "Polygon", "coordinates": [ [ [ -10284731.170820226892829, 5469497.171261012554169 ], [ -10284737.787426432594657, 5469244.493264271877706 ], [ -10284757.619109388440847, 5468992.507840355858207 ], [ -10284790.611511833965778, 5468741.905663798563182 ], [ -10284836.674203883856535, 5468493.373617744073272 ], [ -10284895.680930903181434, 5468247.592911257408559 ], [ -10284967.469959553331137, 5468005.237212169915438 ], [ -10285051.844521097838879, 5467766.970800607465208 ], [ -10285148.573350727558136, 5467533.446748242713511 ], [ -10285257.391321444883943, 5467305.305128269828856 ], [ -10285378.000170756131411, 5467083.171261012554169 ], [ -10285510.069318186491728, 5466867.653999960049987 ], [ -10285653.236771384254098, 5466659.344062944874167 ], [ -10285807.110118312761188, 5466458.812413023784757 ], [ -10285971.267602821812034, 5466266.608693512156606 ], [ -10286145.25928065739572, 5466083.259721443988383 ], [ -10286328.608252726495266, 5465909.268043607473373 ], [ -10286520.811972238123417, 5465745.110559098422527 ], [ -10286721.343622159212828, 5465591.237212169915438 ], [ -10286929.653559174388647, 5465448.069758972153068 ], [ -10287145.170820226892829, 5465316.000611540861428 ], [ -10287367.304687485098839, 5465195.391762231476605 ], [ -10287595.446307456120849, 5465086.573791514150798 ], [ -10287828.97035982273519, 5464989.844961884431541 ], [ -10288067.236771384254098, 5464905.470400339923799 ], [ -10288309.592470472678542, 5464833.681371688842773 ], [ -10288555.373176958411932, 5464774.674644669517875 ], [ -10288803.90522301197052, 5464728.611952619627118 ], [ -10289054.507399570196867, 5464695.619550174102187 ], [ -10289306.492823485285044, 5464675.787867217324674 ], [ -10289559.170820226892829, 5464669.171261012554169 ], [ -10289811.848816968500614, 5464675.787867217324674 ], [ -10290063.834240883588791, 5464695.619550174102187 ], [ -10290314.436417441815138, 5464728.611952619627118 ], [ -10290562.968463495373726, 5464774.674644669517875 ], [ -10290808.749169981107116, 5464833.681371688842773 ], [ -10291051.10486906953156, 5464905.470400339923799 ], [ -10291289.371280631050467, 5464989.844961884431541 ], [ -10291522.895332997664809, 5465086.573791514150798 ], [ -10291751.036952968686819, 5465195.391762231476605 ], [ -10291973.170820226892829, 5465316.000611540861428 ], [ -10292188.688081279397011, 5465448.069758972153068 ], [ -10292396.99801829457283, 5465591.237212169915438 ], [ -10292597.529668215662241, 5465745.110559098422527 ], [ -10292789.733387727290392, 5465909.268043607473373 ], [ -10292973.082359796389937, 5466083.259721443988383 ], [ -10293147.074037631973624, 5466266.608693512156606 ], [ -10293311.23152214102447, 5466458.812413023784757 ], [ -10293465.10486906953156, 5466659.344062944874167 ], [ -10293608.27232226729393, 5466867.653999960049987 ], [ -10293740.341469697654247, 5467083.171261012554169 ], [ -10293860.950319008901715, 5467305.305128269828856 ], [ -10293969.768289726227522, 5467533.446748242713511 ], [ -10294066.497119355946779, 5467766.970800607465208 ], [ -10294150.871680900454521, 5468005.237212169915438 ], [ -10294222.660709550604224, 5468247.592911257408559 ], [ -10294281.667436569929123, 5468493.373617744073272 ], [ -10294327.73012861981988, 5468741.905663798563182 ], [ -10294360.72253106534481, 5468992.507840355858207 ], [ -10294380.554214021191001, 5469244.493264271877706 ], [ -10294387.170820226892829, 5469497.171261012554169 ], [ -10294380.554214021191001, 5469749.849257753230631 ], [ -10294360.72253106534481, 5470001.834681668318808 ], [ -10294327.73012861981988, 5470252.436858226545155 ], [ -10294281.667436569929123, 5470500.968904281035066 ], [ -10294222.660709550604224, 5470746.749610767699778 ], [ -10294150.871680900454521, 5470989.1053098551929 ], [ -10294066.497119355946779, 5471227.37172141764313 ], [ -10293969.768289726227522, 5471460.895773782394826 ], [ -10293860.950319008901715, 5471689.037393755279481 ], [ -10293740.341469697654247, 5471911.171261012554169 ], [ -10293608.27232226729393, 5472126.688522065058351 ], [ -10293465.10486906953156, 5472334.99845908023417 ], [ -10293311.23152214102447, 5472535.530109001323581 ], [ -10293147.074037631973624, 5472727.733828512951732 ], [ -10292973.082359796389937, 5472911.082800581119955 ], [ -10292789.733387727290392, 5473085.074478417634964 ], [ -10292597.529668215662241, 5473249.23196292668581 ], [ -10292396.99801829457283, 5473403.1053098551929 ], [ -10292188.688081279397011, 5473546.27276305295527 ], [ -10291973.170820226892829, 5473678.34191048424691 ], [ -10291751.036952968686819, 5473798.950759793631732 ], [ -10291522.895332997664809, 5473907.768730510957539 ], [ -10291289.371280631050467, 5474004.497560140676796 ], [ -10291051.10486906953156, 5474088.872121685184538 ], [ -10290808.749169981107116, 5474160.661150336265564 ], [ -10290562.968463495373726, 5474219.667877355590463 ], [ -10290314.436417441815138, 5474265.730569405481219 ], [ -10290063.834240883588791, 5474298.72297185100615 ], [ -10289811.848816968500614, 5474318.554654807783663 ], [ -10289559.170820226892829, 5474325.171261012554169 ], [ -10289306.492823485285044, 5474318.554654807783663 ], [ -10289054.507399570196867, 5474298.72297185100615 ], [ -10288803.90522301197052, 5474265.730569405481219 ], [ -10288555.373176958411932, 5474219.667877355590463 ], [ -10288309.592470472678542, 5474160.661150336265564 ], [ -10288067.236771384254098, 5474088.872121685184538 ], [ -10287828.97035982273519, 5474004.497560140676796 ], [ -10287595.446307456120849, 5473907.768730510957539 ], [ -10287367.304687485098839, 5473798.950759793631732 ], [ -10287145.170820226892829, 5473678.34191048424691 ], [ -10286929.653559174388647, 5473546.27276305295527 ], [ -10286721.343622159212828, 5473403.1053098551929 ], [ -10286520.811972238123417, 5473249.23196292668581 ], [ -10286328.608252726495266, 5473085.074478417634964 ], [ -10286145.25928065739572, 5472911.082800581119955 ], [ -10285971.267602821812034, 5472727.733828512951732 ], [ -10285807.110118312761188, 5472535.530109001323581 ], [ -10285653.236771384254098, 5472334.99845908023417 ], [ -10285510.069318186491728, 5472126.688522065058351 ], [ -10285378.000170756131411, 5471911.171261012554169 ], [ -10285257.391321444883943, 5471689.037393755279481 ], [ -10285148.573350727558136, 5471460.895773782394826 ], [ -10285051.844521097838879, 5471227.37172141764313 ], [ -10284967.469959553331137, 5470989.1053098551929 ], [ -10284895.680930903181434, 5470746.749610767699778 ], [ -10284836.674203883856535, 5470500.968904281035066 ], [ -10284790.611511833965778, 5470252.436858226545155 ], [ -10284757.619109388440847, 5470001.834681669250131 ], [ -10284737.787426432594657, 5469749.849257753230631 ], [ -10284731.170820226892829, 5469497.171261012554169 ] ] ] } },
{ "type": "Feature", "properties": { "facility_name": "Perham Resource Recovery Facility", "state": "MN" }, "geometry": { "type": "Polygon", "coordinates": [ [ [ -10633412.714524570852518, 5875632.640624982304871 ], [ -10633419.331130776554346, 5875379.962628241628408 ], [ -10633439.162813732400537, 5875127.977204325608909 ], [ -10633472.155216177925467, 5874877.375027768313885 ], [ -10633518.217908227816224, 5874628.842981713823974 ], [ -10633577.224635247141123, 5874383.062275227159262 ], [ -10633649.013663897290826, 5874140.70657613966614 ], [ -10633733.388225441798568, 5873902.44016457721591 ], [ -10633830.117055071517825, 5873668.916112212464213 ], [ -10633938.935025788843632, 5873440.774492239579558 ], [ -10634059.5438751000911, 5873218.640624982304871 ], [ -10634191.613022530451417, 5873003.123363929800689 ], [ -10634334.780475728213787, 5872794.81342691462487 ], [ -10634488.653822656720877, 5872594.281776993535459 ], [ -10634652.811307165771723, 5872402.078057481907308 ], [ -10634826.80298500135541, 5872218.729085413739085 ], [ -10635010.151957070454955, 5872044.737407577224076 ], [ -10635202.355676582083106, 5871880.57992306817323 ], [ -10635402.887326503172517, 5871726.70657613966614 ], [ -10635611.197263518348336, 5871583.53912294190377 ], [ -10635826.714524570852518, 5871451.46997551061213 ], [ -10636048.848391829058528, 5871330.861126201227307 ], [ -10636276.990011800080538, 5871222.043155483901501 ], [ -10636510.51406416669488, 5871125.314325854182243 ], [ -10636748.780475728213787, 5871040.939764309674501 ], [ -10636991.136174816638231, 5870969.150735658593476 ], [ -10637236.916881302371621, 5870910.144008639268577 ], [ -10637485.448927355930209, 5870864.08131658937782 ], [ -10637736.051103914156556, 5870831.08891414385289 ], [ -10637988.036527829244733, 5870811.257231187075377 ], [ -10638240.714524570852518, 5870804.640624982304871 ], [ -10638493.392521312460303, 5870811.257231187075377 ], [ -10638745.37794522754848, 5870831.08891414385289 ], [ -10638995.980121785774827, 5870864.08131658937782 ], [ -10639244.512167839333415, 5870910.144008639268577 ], [ -10639490.292874325066805, 5870969.150735658593476 ], [ -10639732.648573413491249, 5871040.939764309674501 ], [ -10639970.914984975010157, 5871125.314325854182243 ], [ -10640204.439037341624498, 5871222.043155483901501 ], [ -10640432.580657312646508, 5871330.861126201227307 ], [ -10640654.714524570852518, 5871451.46997551061213 ], [ -10640870.2317856233567, 5871583.53912294190377 ], [ -10641078.541722638532519, 5871726.70657613966614 ], [ -10641279.07337255962193, 5871880.57992306817323 ], [ -10641471.277092071250081, 5872044.737407577224076 ], [ -10641654.626064140349627, 5872218.729085413739085 ], [ -10641828.617741975933313, 5872402.078057481907308 ], [ -10641992.775226484984159, 5872594.281776993535459 ], [ -10642146.648573413491249, 5872794.81342691462487 ], [ -10642289.816026611253619, 5873003.123363929800689 ], [ -10642421.885174041613936, 5873218.640624982304871 ], [ -10642542.494023352861404, 5873440.774492239579558 ], [ -10642651.311994070187211, 5873668.916112212464213 ], [ -10642748.040823699906468, 5873902.44016457721591 ], [ -10642832.41538524441421, 5874140.70657613966614 ], [ -10642904.204413894563913, 5874383.062275227159262 ], [ -10642963.211140913888812, 5874628.842981713823974 ], [ -10643009.273832963779569, 5874877.375027768313885 ], [ -10643042.2662354093045, 5875127.977204325608909 ], [ -10643062.09791836515069, 5875379.962628241628408 ], [ -10643068.714524570852518, 5875632.640624982304871 ], [ -10643062.09791836515069, 5875885.318621722981334 ], [ -10643042.2662354093045, 5876137.30404563806951 ], [ -10643009.273832963779569, 5876387.906222196295857 ], [ -10642963.211140913888812, 5876636.438268250785768 ], [ -10642904.204413894563913, 5876882.21897473745048 ], [ -10642832.41538524441421, 5877124.574673824943602 ], [ -10642748.040823699906468, 5877362.841085387393832 ], [ -10642651.311994070187211, 5877596.365137752145529 ], [ -10642542.494023352861404, 5877824.506757725030184 ], [ -10642421.885174041613936, 5878046.640624982304871 ], [ -10642289.816026611253619, 5878262.157886034809053 ], [ -10642146.648573413491249, 5878470.467823049984872 ], [ -10641992.775226484984159, 5878670.999472971074283 ], [ -10641828.617741975933313, 5878863.203192482702434 ], [ -10641654.626064140349627, 5879046.552164550870657 ], [ -10641471.277092071250081, 5879220.543842387385666 ], [ -10641279.07337255962193, 5879384.701326896436512 ], [ -10641078.541722638532519, 5879538.574673824943602 ], [ -10640870.2317856233567, 5879681.742127022705972 ], [ -10640654.714524570852518, 5879813.811274453997612 ], [ -10640432.580657312646508, 5879934.420123763382435 ], [ -10640204.439037341624498, 5880043.238094480708241 ], [ -10639970.914984975010157, 5880139.966924110427499 ], [ -10639732.648573413491249, 5880224.341485654935241 ], [ -10639490.292874325066805, 5880296.130514306016266 ], [ -10639244.512167839333415, 5880355.137241325341165 ], [ -10638995.980121785774827, 5880401.199933375231922 ], [ -10638745.37794522754848, 5880434.192335820756853 ], [ -10638493.392521312460303, 5880454.024018777534366 ], [ -10638240.714524570852518, 5880460.640624982304871 ], [ -10637988.036527829244733, 5880454.024018777534366 ], [ -10637736.051103914156556, 5880434.192335820756853 ], [ -10637485.448927355930209, 5880401.199933375231922 ], [ -10637236.916881302371621, 5880355.137241325341165 ], [ -10636991.136174816638231, 5880296.130514306016266 ], [ -10636748.780475728213787, 5880224.341485654935241 ], [ -10636510.51406416669488, 5880139.966924110427499 ], [ -10636276.990011800080538, 5880043.238094480708241 ], [ -10636048.848391829058528, 5879934.420123763382435 ], [ -10635826.714524570852518, 5879813.811274453997612 ], [ -10635611.197263518348336, 5879681.742127022705972 ], [ -10635402.887326503172517, 5879538.574673824943602 ], [ -10635202.355676582083106, 5879384.701326896436512 ], [ -10635010.151957070454955, 5879220.543842387385666 ], [ -10634826.80298500135541, 5879046.552164550870657 ], [ -10634652.811307165771723, 5878863.203192482702434 ], [ -10634488.653822656720877, 5878670.999472971074283 ], [ -10634334.780475728213787, 5878470.467823049984872 ], [ -10634191.613022530451417, 5878262.157886034809053 ], [ -10634059.5438751000911, 5878046.640624982304871 ], [ -10633938.935025788843632, 5877824.506757725030184 ], [ -10633830.117055071517825, 5877596.365137752145529 ], [ -10633733.388225441798568, 5877362.841085387393832 ], [ -10633649.013663897290826, 5877124.574673824943602 ], [ -10633577.224635247141123, 5876882.21897473745048 ], [ -10633518.217908227816224, 5876636.438268250785768 ], [ -10633472.155216177925467, 5876387.906222196295857 ], [ -10633439.162813732400537, 5876137.304045639000833 ], [ -10633419.331130776554346, 5875885.318621722981334 ], [ -10633412.714524570852518, 5875632.640624982304871 ] ] ] } },
{ "type": "Feature", "properties": { "facility_name": "Polk County Solid Waste Resource Recovery Facility", "state": "MN" }, "geometry": { "type": "Polygon", "coordinates": [ [ [ -10655179.760399967432022, 6037559.538349380716681 ], [ -10655186.37700617313385, 6037306.860352640040219 ], [ -10655206.208689128980041, 6037054.87492872402072 ], [ -10655239.201091574504972, 6036804.272752166725695 ], [ -10655285.263783624395728, 6036555.740706112235785 ], [ -10655344.270510643720627, 6036309.959999625571072 ], [ -10655416.05953929387033, 6036067.60430053807795 ], [ -10655500.434100838378072, 6035829.33788897562772 ], [ -10655597.162930468097329, 6035595.813836610876024 ], [ -10655705.980901185423136, 6035367.672216637991369 ], [ -10655826.589750496670604, 6035145.538349380716681 ], [ -10655958.658897927030921, 6034930.0210883282125 ], [ -10656101.826351124793291, 6034721.71115131303668 ], [ -10656255.699698053300381, 6034521.179501391947269 ], [ -10656419.857182562351227, 6034328.975781880319118 ], [ -10656593.848860397934914, 6034145.626809812150896 ], [ -10656777.197832467034459, 6033971.635131975635886 ], [ -10656969.40155197866261, 6033807.47764746658504 ], [ -10657169.933201899752021, 6033653.60430053807795 ], [ -10657378.24313891492784, 6033510.43684734031558 ], [ -10657593.760399967432022, 6033378.367699909023941 ], [ -10657815.894267225638032, 6033257.758850599639118 ], [ -10658044.035887196660042, 6033148.940879882313311 ], [ -10658277.559939563274384, 6033052.212050252594054 ], [ -10658515.826351124793291, 6032967.837488708086312 ], [ -10658758.182050213217735, 6032896.048460057005286 ], [ -10659003.962756698951125, 6032837.041733037680387 ], [ -10659252.494802752509713, 6032790.979040987789631 ], [ -10659503.09697931073606, 6032757.9866385422647 ], [ -10659755.082403225824237, 6032738.154955585487187 ], [ -10660007.760399967432022, 6032731.538349380716681 ], [ -10660260.438396709039807, 6032738.154955585487187 ], [ -10660512.423820624127984, 6032757.9866385422647 ], [ -10660763.025997182354331, 6032790.979040987789631 ], [ -10661011.558043235912919, 6032837.041733037680387 ], [ -10661257.338749721646309, 6032896.048460057005286 ], [ -10661499.694448810070753, 6032967.837488708086312 ], [ -10661737.960860371589661, 6033052.212050252594054 ], [ -10661971.484912738204002, 6033148.940879882313311 ], [ -10662199.626532709226012, 6033257.758850599639118 ], [ -10662421.760399967432022, 6033378.367699909023941 ], [ -10662637.277661019936204, 6033510.43684734031558 ], [ -10662845.587598035112023, 6033653.60430053807795 ], [ -10663046.119247956201434, 6033807.47764746658504 ], [ -10663238.322967467829585, 6033971.635131975635886 ], [ -10663421.671939536929131, 6034145.626809812150896 ], [ -10663595.663617372512817, 6034328.975781880319118 ], [ -10663759.821101881563663, 6034521.179501391947269 ], [ -10663913.694448810070753, 6034721.71115131303668 ], [ -10664056.861902007833123, 6034930.0210883282125 ], [ -10664188.93104943819344, 6035145.538349380716681 ], [ -10664309.539898749440908, 6035367.672216637991369 ], [ -10664418.357869466766715, 6035595.813836610876024 ], [ -10664515.086699096485972, 6035829.33788897562772 ], [ -10664599.461260640993714, 6036067.60430053807795 ], [ -10664671.250289291143417, 6036309.959999625571072 ], [ -10664730.257016310468316, 6036555.740706112235785 ], [ -10664776.319708360359073, 6036804.272752166725695 ], [ -10664809.312110805884004, 6037054.87492872402072 ], [ -10664829.143793761730194, 6037306.860352640040219 ], [ -10664835.760399967432022, 6037559.538349380716681 ], [ -10664829.143793761730194, 6037812.216346121393144 ], [ -10664809.312110805884004, 6038064.201770036481321 ], [ -10664776.319708360359073, 6038314.803946594707668 ], [ -10664730.257016310468316, 6038563.335992649197578 ], [ -10664671.250289291143417, 6038809.116699135862291 ], [ -10664599.461260640993714, 6039051.472398223355412 ], [ -10664515.086699096485972, 6039289.738809785805643 ], [ -10664418.357869466766715, 6039523.262862150557339 ], [ -10664309.539898749440908, 6039751.404482123441994 ], [ -10664188.93104943819344, 6039973.538349380716681 ], [ -10664056.861902007833123, 6040189.055610433220863 ], [ -10663913.694448810070753, 6040397.365547448396683 ], [ -10663759.821101881563663, 6040597.897197369486094 ], [ -10663595.663617372512817, 6040790.100916881114244 ], [ -10663421.671939536929131, 6040973.449888949282467 ], [ -10663238.322967467829585, 6041147.441566785797477 ], [ -10663046.119247956201434, 6041311.599051294848323 ], [ -10662845.587598035112023, 6041465.472398223355412 ], [ -10662637.277661019936204, 6041608.639851421117783 ], [ -10662421.760399967432022, 6041740.708998852409422 ], [ -10662199.626532709226012, 6041861.317848161794245 ], [ -10661971.484912738204002, 6041970.135818879120052 ], [ -10661737.960860371589661, 6042066.864648508839309 ], [ -10661499.694448810070753, 6042151.239210053347051 ], [ -10661257.338749721646309, 6042223.028238704428077 ], [ -10661011.558043235912919, 6042282.034965723752975 ], [ -10660763.025997182354331, 6042328.097657773643732 ], [ -10660512.423820624127984, 6042361.090060219168663 ], [ -10660260.438396709039807, 6042380.921743175946176 ], [ -10660007.760399967432022, 6042387.538349380716681 ], [ -10659755.082403225824237, 6042380.921743175946176 ], [ -10659503.09697931073606, 6042361.090060219168663 ], [ -10659252.494802752509713, 6042328.097657773643732 ], [ -10659003.962756698951125, 6042282.034965723752975 ], [ -10658758.182050213217735, 6042223.028238704428077 ], [ -10658515.826351124793291, 6042151.239210053347051 ], [ -10658277.559939563274384, 6042066.864648508839309 ], [ -10658044.035887196660042, 6041970.135818879120052 ], [ -10657815.894267225638032, 6041861.317848161794245 ], [ -10657593.760399967432022, 6041740.708998852409422 ], [ -10657378.24313891492784, 6041608.639851421117783 ], [ -10657169.933201899752021, 6041465.472398223355412 ], [ -10656969.40155197866261, 6041311.599051294848323 ], [ -10656777.197832467034459, 6041147.441566785797477 ], [ -10656593.848860397934914, 6040973.449888949282467 ], [ -10656419.857182562351227, 6040790.100916881114244 ], [ -10656255.699698053300381, 6040597.897197369486094 ], [ -10656101.826351124793291, 6040397.365547448396683 ], [ -10655958.658897927030921, 6040189.055610433220863 ], [ -10655826.589750496670604, 6039973.538349380716681 ], [ -10655705.980901185423136, 6039751.404482123441994 ], [ -10655597.162930468097329, 6039523.262862150557339 ], [ -10655500.434100838378072, 6039289.738809785805643 ], [ -10655416.05953929387033, 6039051.472398223355412 ], [ -10655344.270510643720627, 6038809.116699135862291 ], [ -10655285.263783624395728, 6038563.335992649197578 ], [ -10655239.201091574504972, 6038314.803946594707668 ], [ -10655206.208689128980041, 6038064.201770037412643 ], [ -10655186.37700617313385, 6037812.216346121393144 ], [ -10655179.760399967432022, 6037559.538349380716681 ] ] ] } },
{ "type": "Feature", "properties": { "facility_name": "Pope\/Douglas Waste-to-Energy Facility ", "state": "MN" }, "geometry": { "type": "Polygon", "coordinates": [ [ [ -10611929.744857728481293, 5759316.584247953258455 ], [ -10611936.361463934183121, 5759063.906251212581992 ], [ -10611956.193146890029311, 5758811.920827296562493 ], [ -10611989.185549335554242, 5758561.318650739267468 ], [ -10612035.248241385444999, 5758312.786604684777558 ], [ -10612094.254968404769897, 5758067.005898198112845 ], [ -10612166.0439970549196, 5757824.650199110619724 ], [ -10612250.418558599427342, 5757586.383787548169494 ], [ -10612347.1473882291466, 5757352.859735183417797 ], [ -10612455.965358946472406, 5757124.718115210533142 ], [ -10612576.574208257719874, 5756902.584247953258455 ], [ -10612708.643355688080192, 5756687.066986900754273 ], [ -10612851.810808885842562, 5756478.757049885578454 ], [ -10613005.684155814349651, 5756278.225399964489043 ], [ -10613169.841640323400497, 5756086.021680452860892 ], [ -10613343.833318158984184, 5755902.672708384692669 ], [ -10613527.18229022808373, 5755728.68103054817766 ], [ -10613719.386009739711881, 5755564.523546039126813 ], [ -10613919.917659660801291, 5755410.650199110619724 ], [ -10614128.227596675977111, 5755267.482745912857354 ], [ -10614343.744857728481293, 5755135.413598481565714 ], [ -10614565.878724986687303, 5755014.804749172180891 ], [ -10614794.020344957709312, 5754905.986778454855084 ], [ -10615027.544397324323654, 5754809.257948825135827 ], [ -10615265.810808885842562, 5754724.883387280628085 ], [ -10615508.166507974267006, 5754653.09435862954706 ], [ -10615753.947214460000396, 5754594.087631610222161 ], [ -10616002.479260513558984, 5754548.024939560331404 ], [ -10616253.081437071785331, 5754515.032537114806473 ], [ -10616505.066860986873507, 5754495.20085415802896 ], [ -10616757.744857728481293, 5754488.584247953258455 ], [ -10617010.422854470089078, 5754495.20085415802896 ], [ -10617262.408278385177255, 5754515.032537114806473 ], [ -10617513.010454943403602, 5754548.024939560331404 ], [ -10617761.54250099696219, 5754594.087631610222161 ], [ -10618007.32320748269558, 5754653.09435862954706 ], [ -10618249.678906571120024, 5754724.883387280628085 ], [ -10618487.945318132638931, 5754809.257948825135827 ], [ -10618721.469370499253273, 5754905.986778454855084 ], [ -10618949.610990470275283, 5755014.804749172180891 ], [ -10619171.744857728481293, 5755135.413598481565714 ], [ -10619387.262118780985475, 5755267.482745912857354 ], [ -10619595.572055796161294, 5755410.650199110619724 ], [ -10619796.103705717250705, 5755564.523546039126813 ], [ -10619988.307425228878856, 5755728.68103054817766 ], [ -10620171.656397297978401, 5755902.672708384692669 ], [ -10620345.648075133562088, 5756086.021680452860892 ], [ -10620509.805559642612934, 5756278.225399964489043 ], [ -10620663.678906571120024, 5756478.757049885578454 ], [ -10620806.846359768882394, 5756687.066986900754273 ], [ -10620938.915507199242711, 5756902.584247953258455 ], [ -10621059.524356510490179, 5757124.718115210533142 ], [ -10621168.342327227815986, 5757352.859735183417797 ], [ -10621265.071156857535243, 5757586.383787548169494 ], [ -10621349.445718402042985, 5757824.650199110619724 ], [ -10621421.234747052192688, 5758067.005898198112845 ], [ -10621480.241474071517587, 5758312.786604684777558 ], [ -10621526.304166121408343, 5758561.318650739267468 ], [ -10621559.296568566933274, 5758811.920827296562493 ], [ -10621579.128251522779465, 5759063.906251212581992 ], [ -10621585.744857728481293, 5759316.584247953258455 ], [ -10621579.128251522779465, 5759569.262244693934917 ], [ -10621559.296568566933274, 5759821.247668609023094 ], [ -10621526.304166121408343, 5760071.849845167249441 ], [ -10621480.241474071517587, 5760320.381891221739352 ], [ -10621421.234747052192688, 5760566.162597708404064 ], [ -10621349.445718402042985, 5760808.518296795897186 ], [ -10621265.071156857535243, 5761046.784708358347416 ], [ -10621168.342327227815986, 5761280.308760723099113 ], [ -10621059.524356510490179, 5761508.450380695983768 ], [ -10620938.915507199242711, 5761730.584247953258455 ], [ -10620806.846359768882394, 5761946.101509005762637 ], [ -10620663.678906571120024, 5762154.411446020938456 ], [ -10620509.805559642612934, 5762354.943095942027867 ], [ -10620345.648075133562088, 5762547.146815453656018 ], [ -10620171.656397297978401, 5762730.495787521824241 ], [ -10619988.307425228878856, 5762904.48746535833925 ], [ -10619796.103705717250705, 5763068.644949867390096 ], [ -10619595.572055796161294, 5763222.518296795897186 ], [ -10619387.262118780985475, 5763365.685749993659556 ], [ -10619171.744857728481293, 5763497.754897424951196 ], [ -10618949.610990470275283, 5763618.363746734336019 ], [ -10618721.469370499253273, 5763727.181717451661825 ], [ -10618487.945318132638931, 5763823.910547081381083 ], [ -10618249.678906571120024, 5763908.285108625888824 ], [ -10618007.32320748269558, 5763980.07413727696985 ], [ -10617761.54250099696219, 5764039.080864296294749 ], [ -10617513.010454943403602, 5764085.143556346185505 ], [ -10617262.408278385177255, 5764118.135958791710436 ], [ -10617010.422854470089078, 5764137.967641748487949 ], [ -10616757.744857728481293, 5764144.584247953258455 ], [ -10616505.066860986873507, 5764137.967641748487949 ], [ -10616253.081437071785331, 5764118.135958791710436 ], [ -10616002.479260513558984, 5764085.143556346185505 ], [ -10615753.947214460000396, 5764039.080864296294749 ], [ -10615508.166507974267006, 5763980.07413727696985 ], [ -10615265.810808885842562, 5763908.285108625888824 ], [ -10615027.544397324323654, 5763823.910547081381083 ], [ -10614794.020344957709312, 5763727.181717451661825 ], [ -10614565.878724986687303, 5763618.363746734336019 ], [ -10614343.744857728481293, 5763497.754897424951196 ], [ -10614128.227596675977111, 5763365.685749993659556 ], [ -10613919.917659660801291, 5763222.518296795897186 ], [ -10613719.386009739711881, 5763068.644949867390096 ], [ -10613527.18229022808373, 5762904.48746535833925 ], [ -10613343.833318158984184, 5762730.495787521824241 ], [ -10613169.841640323400497, 5762547.146815453656018 ], [ -10613005.684155814349651, 5762354.943095942027867 ], [ -10612851.810808885842562, 5762154.411446020938456 ], [ -10612708.643355688080192, 5761946.101509005762637 ], [ -10612576.574208257719874, 5761730.584247953258455 ], [ -10612455.965358946472406, 5761508.450380695983768 ], [ -10612347.1473882291466, 5761280.308760723099113 ], [ -10612250.418558599427342, 5761046.784708358347416 ], [ -10612166.0439970549196, 5760808.518296795897186 ], [ -10612094.254968404769897, 5760566.162597708404064 ], [ -10612035.248241385444999, 5760320.381891221739352 ], [ -10611989.185549335554242, 5760071.849845167249441 ], [ -10611956.193146890029311, 5759821.247668609954417 ], [ -10611936.361463934183121, 5759569.262244693934917 ], [ -10611929.744857728481293, 5759316.584247953258455 ] ] ] } },
{ "type": "Feature", "properties": { "facility_name": "Xcel Energy - Red Wing Steam Plant", "state": "MN" }, "geometry": { "type": "Polygon", "coordinates": [ [ [ -10294115.882567910477519, 5553952.015992421656847 ], [ -10294122.499174116179347, 5553699.337995680980384 ], [ -10294142.330857072025537, 5553447.352571764960885 ], [ -10294175.323259517550468, 5553196.750395207665861 ], [ -10294221.385951567441225, 5552948.21834915317595 ], [ -10294280.392678586766124, 5552702.437642666511238 ], [ -10294352.181707236915827, 5552460.081943579018116 ], [ -10294436.556268781423569, 5552221.815532016567886 ], [ -10294533.285098411142826, 5551988.291479651816189 ], [ -10294642.103069128468633, 5551760.149859678931534 ], [ -10294762.711918439716101, 5551538.015992421656847 ], [ -10294894.781065870076418, 5551322.498731369152665 ], [ -10295037.948519067838788, 5551114.188794353976846 ], [ -10295191.821865996345878, 5550913.657144432887435 ], [ -10295355.979350505396724, 5550721.453424921259284 ], [ -10295529.971028340980411, 5550538.104452853091061 ], [ -10295713.320000410079956, 5550364.112775016576052 ], [ -10295905.523719921708107, 5550199.955290507525206 ], [ -10296106.055369842797518, 5550046.081943579018116 ], [ -10296314.365306857973337, 5549902.914490381255746 ], [ -10296529.882567910477519, 5549770.845342949964106 ], [ -10296752.016435168683529, 5549650.236493640579283 ], [ -10296980.158055139705539, 5549541.418522923253477 ], [ -10297213.68210750631988, 5549444.689693293534219 ], [ -10297451.948519067838788, 5549360.315131749026477 ], [ -10297694.304218156263232, 5549288.526103097945452 ], [ -10297940.084924641996622, 5549229.519376078620553 ], [ -10298188.61697069555521, 5549183.456684028729796 ], [ -10298439.219147253781557, 5549150.464281583204865 ], [ -10298691.204571168869734, 5549130.632598626427352 ], [ -10298943.882567910477519, 5549124.015992421656847 ], [ -10299196.560564652085304, 5549130.632598626427352 ], [ -10299448.545988567173481, 5549150.464281583204865 ], [ -10299699.148165125399828, 5549183.456684028729796 ], [ -10299947.680211178958416, 5549229.519376078620553 ], [ -10300193.460917664691806, 5549288.526103097945452 ], [ -10300435.81661675311625, 5549360.315131749026477 ], [ -10300674.083028314635158, 5549444.689693293534219 ], [ -10300907.607080681249499, 5549541.418522923253477 ], [ -10301135.748700652271509, 5549650.236493640579283 ], [ -10301357.882567910477519, 5549770.845342949964106 ], [ -10301573.399828962981701, 5549902.914490381255746 ], [ -10301781.70976597815752, 5550046.081943579018116 ], [ -10301982.241415899246931, 5550199.955290507525206 ], [ -10302174.445135410875082, 5550364.112775016576052 ], [ -10302357.794107479974627, 5550538.104452853091061 ], [ -10302531.785785315558314, 5550721.453424921259284 ], [ -10302695.94326982460916, 5550913.657144432887435 ], [ -10302849.81661675311625, 5551114.188794353976846 ], [ -10302992.98406995087862, 5551322.498731369152665 ], [ -10303125.053217381238937, 5551538.015992421656847 ], [ -10303245.662066692486405, 5551760.149859678931534 ], [ -10303354.480037409812212, 5551988.291479651816189 ], [ -10303451.208867039531469, 5552221.815532016567886 ], [ -10303535.583428584039211, 5552460.081943579018116 ], [ -10303607.372457234188914, 5552702.437642666511238 ], [ -10303666.379184253513813, 5552948.21834915317595 ], [ -10303712.44187630340457, 5553196.750395207665861 ], [ -10303745.434278748929501, 5553447.352571764960885 ], [ -10303765.265961704775691, 5553699.337995680980384 ], [ -10303771.882567910477519, 5553952.015992421656847 ], [ -10303765.265961704775691, 5554204.69398916233331 ], [ -10303745.434278748929501, 5554456.679413077421486 ], [ -10303712.44187630340457, 5554707.281589635647833 ], [ -10303666.379184253513813, 5554955.813635690137744 ], [ -10303607.372457234188914, 5555201.594342176802456 ], [ -10303535.583428584039211, 5555443.950041264295578 ], [ -10303451.208867039531469, 5555682.216452826745808 ], [ -10303354.480037409812212, 5555915.740505191497505 ], [ -10303245.662066692486405, 5556143.88212516438216 ], [ -10303125.053217381238937, 5556366.015992421656847 ], [ -10302992.98406995087862, 5556581.533253474161029 ], [ -10302849.81661675311625, 5556789.843190489336848 ], [ -10302695.94326982460916, 5556990.374840410426259 ], [ -10302531.785785315558314, 5557182.57855992205441 ], [ -10302357.794107479974627, 5557365.927531990222633 ], [ -10302174.445135410875082, 5557539.919209826737642 ], [ -10301982.241415899246931, 5557704.076694335788488 ], [ -10301781.70976597815752, 5557857.950041264295578 ], [ -10301573.399828962981701, 5558001.117494462057948 ], [ -10301357.882567910477519, 5558133.186641893349588 ], [ -10301135.748700652271509, 5558253.795491202734411 ], [ -10300907.607080681249499, 5558362.613461920060217 ], [ -10300674.083028314635158, 5558459.342291549779475 ], [ -10300435.81661675311625, 5558543.716853094287217 ], [ -10300193.460917664691806, 5558615.505881745368242 ], [ -10299947.680211178958416, 5558674.512608764693141 ], [ -10299699.148165125399828, 5558720.575300814583898 ], [ -10299448.545988567173481, 5558753.567703260108829 ], [ -10299196.560564652085304, 5558773.399386216886342 ], [ -10298943.882567910477519, 5558780.015992421656847 ], [ -10298691.204571168869734, 5558773.399386216886342 ], [ -10298439.219147253781557, 5558753.567703260108829 ], [ -10298188.61697069555521, 5558720.575300814583898 ], [ -10297940.084924641996622, 5558674.512608764693141 ], [ -10297694.304218156263232, 5558615.505881745368242 ], [ -10297451.948519067838788, 5558543.716853094287217 ], [ -10297213.68210750631988, 5558459.342291549779475 ], [ -10296980.158055139705539, 5558362.613461920060217 ], [ -10296752.016435168683529, 5558253.795491202734411 ], [ -10296529.882567910477519, 5558133.186641893349588 ], [ -10296314.365306857973337, 5558001.117494462057948 ], [ -10296106.055369842797518, 5557857.950041264295578 ], [ -10295905.523719921708107, 5557704.076694335788488 ], [ -10295713.320000410079956, 5557539.919209826737642 ], [ -10295529.971028340980411, 5557365.927531990222633 ], [ -10295355.979350505396724, 5557182.57855992205441 ], [ -10295191.821865996345878, 5556990.374840410426259 ], [ -10295037.948519067838788, 5556789.843190489336848 ], [ -10294894.781065870076418, 5556581.533253474161029 ], [ -10294762.711918439716101, 5556366.015992421656847 ], [ -10294642.103069128468633, 5556143.88212516438216 ], [ -10294533.285098411142826, 5555915.740505191497505 ], [ -10294436.556268781423569, 5555682.216452826745808 ], [ -10294352.181707236915827, 5555443.950041264295578 ], [ -10294280.392678586766124, 5555201.594342176802456 ], [ -10294221.385951567441225, 5554955.813635690137744 ], [ -10294175.323259517550468, 5554707.281589635647833 ], [ -10294142.330857072025537, 5554456.679413078352809 ], [ -10294122.499174116179347, 5554204.69398916233331 ], [ -10294115.882567910477519, 5553952.015992421656847 ] ] ] } },
{ "type": "Feature", "properties": { "facility_name": "Xcel Energy - Wilmarth Plant", "state": "MN" }, "geometry": { "type": "Polygon", "coordinates": [ [ [ -10460441.573159322142601, 5496555.920202371664345 ], [ -10460448.189765527844429, 5496303.242205630987883 ], [ -10460468.021448483690619, 5496051.256781714968383 ], [ -10460501.01385092921555, 5495800.654605157673359 ], [ -10460547.076542979106307, 5495552.122559103183448 ], [ -10460606.083269998431206, 5495306.341852616518736 ], [ -10460677.872298648580909, 5495063.986153529025614 ], [ -10460762.246860193088651, 5494825.719741966575384 ], [ -10460858.975689822807908, 5494592.195689601823688 ], [ -10460967.793660540133715, 5494364.054069628939033 ], [ -10461088.402509851381183, 5494141.920202371664345 ], [ -10461220.4716572817415, 5493926.402941319160163 ], [ -10461363.63911047950387, 5493718.093004303984344 ], [ -10461517.51245740801096, 5493517.561354382894933 ], [ -10461681.669941917061806, 5493325.357634871266782 ], [ -10461855.661619752645493, 5493142.008662803098559 ], [ -10462039.010591821745038, 5492968.01698496658355 ], [ -10462231.214311333373189, 5492803.859500457532704 ], [ -10462431.7459612544626, 5492649.986153529025614 ], [ -10462640.055898269638419, 5492506.818700331263244 ], [ -10462855.573159322142601, 5492374.749552899971604 ], [ -10463077.707026580348611, 5492254.140703590586782 ], [ -10463305.848646551370621, 5492145.322732873260975 ], [ -10463539.372698917984962, 5492048.593903243541718 ], [ -10463777.63911047950387, 5491964.219341699033976 ], [ -10464019.994809567928314, 5491892.43031304795295 ], [ -10464265.775516053661704, 5491833.423586028628051 ], [ -10464514.307562107220292, 5491787.360893978737295 ], [ -10464764.909738665446639, 5491754.368491533212364 ], [ -10465016.895162580534816, 5491734.536808576434851 ], [ -10465269.573159322142601, 5491727.920202371664345 ], [ -10465522.251156063750386, 5491734.536808576434851 ], [ -10465774.236579978838563, 5491754.368491533212364 ], [ -10466024.83875653706491, 5491787.360893978737295 ], [ -10466273.370802590623498, 5491833.423586028628051 ], [ -10466519.151509076356888, 5491892.43031304795295 ], [ -10466761.507208164781332, 5491964.219341699033976 ], [ -10466999.77361972630024, 5492048.593903243541718 ], [ -10467233.297672092914581, 5492145.322732873260975 ], [ -10467461.439292063936591, 5492254.140703590586782 ], [ -10467683.573159322142601, 5492374.749552899971604 ], [ -10467899.090420374646783, 5492506.818700331263244 ], [ -10468107.400357389822602, 5492649.986153529025614 ], [ -10468307.932007310912013, 5492803.859500457532704 ], [ -10468500.135726822540164, 5492968.01698496658355 ], [ -10468683.484698891639709, 5493142.008662803098559 ], [ -10468857.476376727223396, 5493325.357634871266782 ], [ -10469021.633861236274242, 5493517.561354382894933 ], [ -10469175.507208164781332, 5493718.093004303984344 ], [ -10469318.674661362543702, 5493926.402941319160163 ], [ -10469450.743808792904019, 5494141.920202371664345 ], [ -10469571.352658104151487, 5494364.054069628939033 ], [ -10469680.170628821477294, 5494592.195689601823688 ], [ -10469776.899458451196551, 5494825.719741966575384 ], [ -10469861.274019995704293, 5495063.986153529025614 ], [ -10469933.063048645853996, 5495306.341852616518736 ], [ -10469992.069775665178895, 5495552.122559103183448 ], [ -10470038.132467715069652, 5495800.654605157673359 ], [ -10470071.124870160594583, 5496051.256781714968383 ], [ -10470090.956553116440773, 5496303.242205630987883 ], [ -10470097.573159322142601, 5496555.920202371664345 ], [ -10470090.956553116440773, 5496808.598199112340808 ], [ -10470071.124870160594583, 5497060.583623027428985 ], [ -10470038.132467715069652, 5497311.185799585655332 ], [ -10469992.069775665178895, 5497559.717845640145242 ], [ -10469933.063048645853996, 5497805.498552126809955 ], [ -10469861.274019995704293, 5498047.854251214303076 ], [ -10469776.899458451196551, 5498286.120662776753306 ], [ -10469680.170628821477294, 5498519.644715141505003 ], [ -10469571.352658104151487, 5498747.786335114389658 ], [ -10469450.743808792904019, 5498969.920202371664345 ], [ -10469318.674661362543702, 5499185.437463424168527 ], [ -10469175.507208164781332, 5499393.747400439344347 ], [ -10469021.633861236274242, 5499594.279050360433757 ], [ -10468857.476376727223396, 5499786.482769872061908 ], [ -10468683.484698891639709, 5499969.831741940230131 ], [ -10468500.135726822540164, 5500143.823419776745141 ], [ -10468307.932007310912013, 5500307.980904285795987 ], [ -10468107.400357389822602, 5500461.854251214303076 ], [ -10467899.090420374646783, 5500605.021704412065446 ], [ -10467683.573159322142601, 5500737.090851843357086 ], [ -10467461.439292063936591, 5500857.699701152741909 ], [ -10467233.297672092914581, 5500966.517671870067716 ], [ -10466999.77361972630024, 5501063.246501499786973 ], [ -10466761.507208164781332, 5501147.621063044294715 ], [ -10466519.151509076356888, 5501219.410091695375741 ], [ -10466273.370802590623498, 5501278.416818714700639 ], [ -10466024.83875653706491, 5501324.479510764591396 ], [ -10465774.236579978838563, 5501357.471913210116327 ], [ -10465522.251156063750386, 5501377.30359616689384 ], [ -10465269.573159322142601, 5501383.920202371664345 ], [ -10465016.895162580534816, 5501377.30359616689384 ], [ -10464764.909738665446639, 5501357.471913210116327 ], [ -10464514.307562107220292, 5501324.479510764591396 ], [ -10464265.775516053661704, 5501278.416818714700639 ], [ -10464019.994809567928314, 5501219.410091695375741 ], [ -10463777.63911047950387, 5501147.621063044294715 ], [ -10463539.372698917984962, 5501063.246501499786973 ], [ -10463305.848646551370621, 5500966.517671870067716 ], [ -10463077.707026580348611, 5500857.699701152741909 ], [ -10462855.573159322142601, 5500737.090851843357086 ], [ -10462640.055898269638419, 5500605.021704412065446 ], [ -10462431.7459612544626, 5500461.854251214303076 ], [ -10462231.214311333373189, 5500307.980904285795987 ], [ -10462039.010591821745038, 5500143.823419776745141 ], [ -10461855.661619752645493, 5499969.831741940230131 ], [ -10461681.669941917061806, 5499786.482769872061908 ], [ -10461517.51245740801096, 5499594.279050360433757 ], [ -10461363.63911047950387, 5499393.747400439344347 ], [ -10461220.4716572817415, 5499185.437463424168527 ], [ -10461088.402509851381183, 5498969.920202371664345 ], [ -10460967.793660540133715, 5498747.786335114389658 ], [ -10460858.975689822807908, 5498519.644715141505003 ], [ -10460762.246860193088651, 5498286.120662776753306 ], [ -10460677.872298648580909, 5498047.854251214303076 ], [ -10460606.083269998431206, 5497805.498552126809955 ], [ -10460547.076542979106307, 5497559.717845640145242 ], [ -10460501.01385092921555, 5497311.185799585655332 ], [ -10460468.021448483690619, 5497060.583623028360307 ], [ -10460448.189765527844429, 5496808.598199112340808 ], [ -10460441.573159322142601, 5496555.920202371664345 ] ] ] } },
{ "type": "Feature", "properties": { "facility_name": "Wheelabrator Concord", "state": "NH" }, "geometry": { "type": "Polygon", "coordinates": [ [ [ -7963053.017426469363272, 5355709.490370119921863 ], [ -7963059.634032674133778, 5355456.8123733792454 ], [ -7963079.465715630911291, 5355204.826949463225901 ], [ -7963112.458118076436222, 5354954.224772905930877 ], [ -7963158.520810126326978, 5354705.692726851440966 ], [ -7963217.527537145651877, 5354459.912020364776254 ], [ -7963289.316565796732903, 5354217.556321277283132 ], [ -7963373.691127341240644, 5353979.289909714832902 ], [ -7963470.419956970959902, 5353745.765857350081205 ], [ -7963579.237927688285708, 5353517.62423737719655 ], [ -7963699.846776997670531, 5353295.490370119921863 ], [ -7963831.915924428962171, 5353079.973109067417681 ], [ -7963975.083377626724541, 5352871.663172052241862 ], [ -7964128.956724555231631, 5352671.131522131152451 ], [ -7964293.114209064282477, 5352478.9278026195243 ], [ -7964467.105886900797486, 5352295.578830551356077 ], [ -7964650.454858968965709, 5352121.587152714841068 ], [ -7964842.65857848059386, 5351957.429668205790222 ], [ -7965043.190228401683271, 5351803.556321277283132 ], [ -7965251.50016541685909, 5351660.388868079520762 ], [ -7965467.017426469363272, 5351528.319720648229122 ], [ -7965689.151293726637959, 5351407.710871338844299 ], [ -7965917.292913699522614, 5351298.892900621518493 ], [ -7966150.816966064274311, 5351202.164070991799235 ], [ -7966389.083377626724541, 5351117.789509447291493 ], [ -7966631.439076714217663, 5351046.000480796210468 ], [ -7966877.219783200882375, 5350986.993753776885569 ], [ -7967125.751829255372286, 5350940.931061726994812 ], [ -7967376.35400581266731, 5350907.938659281469882 ], [ -7967628.33942972868681, 5350888.106976324692369 ], [ -7967881.017426469363272, 5350881.490370119921863 ], [ -7968133.695423210039735, 5350888.106976324692369 ], [ -7968385.680847125127912, 5350907.938659281469882 ], [ -7968636.283023683354259, 5350940.931061726994812 ], [ -7968884.815069737844169, 5350986.993753776885569 ], [ -7969130.595776224508882, 5351046.000480796210468 ], [ -7969372.951475312002003, 5351117.789509447291493 ], [ -7969611.217886874452233, 5351202.164070991799235 ], [ -7969844.74193923920393, 5351298.892900621518493 ], [ -7970072.883559212088585, 5351407.710871338844299 ], [ -7970295.017426469363272, 5351528.319720648229122 ], [ -7970510.534687521867454, 5351660.388868079520762 ], [ -7970718.844624537043273, 5351803.556321277283132 ], [ -7970919.376274458132684, 5351957.429668205790222 ], [ -7971111.579993969760835, 5352121.587152714841068 ], [ -7971294.928966037929058, 5352295.578830551356077 ], [ -7971468.920643874444067, 5352478.9278026195243 ], [ -7971633.078128383494914, 5352671.131522131152451 ], [ -7971786.951475312002003, 5352871.663172052241862 ], [ -7971930.118928509764373, 5353079.973109067417681 ], [ -7972062.188075941056013, 5353295.490370119921863 ], [ -7972182.796925250440836, 5353517.62423737719655 ], [ -7972291.614895967766643, 5353745.765857350081205 ], [ -7972388.3437255974859, 5353979.289909714832902 ], [ -7972472.718287141993642, 5354217.556321277283132 ], [ -7972544.507315793074667, 5354459.912020364776254 ], [ -7972603.514042812399566, 5354705.692726851440966 ], [ -7972649.576734862290323, 5354954.224772905930877 ], [ -7972682.569137307815254, 5355204.826949463225901 ], [ -7972702.400820264592767, 5355456.8123733792454 ], [ -7972709.017426469363272, 5355709.490370119921863 ], [ -7972702.400820264592767, 5355962.168366860598326 ], [ -7972682.569137307815254, 5356214.153790775686502 ], [ -7972649.576734862290323, 5356464.755967333912849 ], [ -7972603.514042812399566, 5356713.28801338840276 ], [ -7972544.507315793074667, 5356959.068719875067472 ], [ -7972472.718287141993642, 5357201.424418962560594 ], [ -7972388.3437255974859, 5357439.690830525010824 ], [ -7972291.614895967766643, 5357673.214882889762521 ], [ -7972182.796925250440836, 5357901.356502862647176 ], [ -7972062.188075941056013, 5358123.490370119921863 ], [ -7971930.118928509764373, 5358339.007631172426045 ], [ -7971786.951475312002003, 5358547.317568187601864 ], [ -7971633.078128383494914, 5358747.849218108691275 ], [ -7971468.920643874444067, 5358940.052937620319426 ], [ -7971294.928966037929058, 5359123.401909688487649 ], [ -7971111.579993969760835, 5359297.393587525002658 ], [ -7970919.376274458132684, 5359461.551072034053504 ], [ -7970718.844624537043273, 5359615.424418962560594 ], [ -7970510.534687521867454, 5359758.591872160322964 ], [ -7970295.017426469363272, 5359890.661019591614604 ], [ -7970072.883559212088585, 5360011.269868900999427 ], [ -7969844.74193923920393, 5360120.087839618325233 ], [ -7969611.217886874452233, 5360216.816669248044491 ], [ -7969372.951475312002003, 5360301.191230792552233 ], [ -7969130.595776224508882, 5360372.980259443633258 ], [ -7968884.815069737844169, 5360431.986986462958157 ], [ -7968636.283023683354259, 5360478.049678512848914 ], [ -7968385.680847126059234, 5360511.042080958373845 ], [ -7968133.695423210039735, 5360530.873763915151358 ], [ -7967881.017426469363272, 5360537.490370119921863 ], [ -7967628.33942972868681, 5360530.873763915151358 ], [ -7967376.354005813598633, 5360511.042080958373845 ], [ -7967125.751829255372286, 5360478.049678512848914 ], [ -7966877.219783200882375, 5360431.986986462958157 ], [ -7966631.439076714217663, 5360372.980259443633258 ], [ -7966389.083377626724541, 5360301.191230792552233 ], [ -7966150.816966064274311, 5360216.816669248044491 ], [ -7965917.292913699522614, 5360120.087839618325233 ], [ -7965689.151293726637959, 5360011.269868900999427 ], [ -7965467.017426469363272, 5359890.661019591614604 ], [ -7965251.50016541685909, 5359758.591872160322964 ], [ -7965043.190228401683271, 5359615.424418962560594 ], [ -7964842.65857848059386, 5359461.551072034053504 ], [ -7964650.454858968965709, 5359297.393587525002658 ], [ -7964467.105886900797486, 5359123.401909688487649 ], [ -7964293.114209064282477, 5358940.052937620319426 ], [ -7964128.956724555231631, 5358747.849218108691275 ], [ -7963975.083377626724541, 5358547.317568187601864 ], [ -7963831.915924428962171, 5358339.007631172426045 ], [ -7963699.846776997670531, 5358123.490370119921863 ], [ -7963579.237927688285708, 5357901.356502862647176 ], [ -7963470.419956970959902, 5357673.214882889762521 ], [ -7963373.691127341240644, 5357439.690830525010824 ], [ -7963289.316565796732903, 5357201.424418962560594 ], [ -7963217.527537145651877, 5356959.068719875067472 ], [ -7963158.520810126326978, 5356713.28801338840276 ], [ -7963112.458118076436222, 5356464.755967333912849 ], [ -7963079.465715630911291, 5356214.153790776617825 ], [ -7963059.634032674133778, 5355962.168366860598326 ], [ -7963053.017426469363272, 5355709.490370119921863 ] ] ] } },
{ "type": "Feature", "properties": { "facility_name": "Covanta Camden Energy Recovery Center ", "state": "NJ" }, "geometry": { "type": "Polygon", "coordinates": [ [ [ -8357041.627279520966113, 4852812.553677323274314 ], [ -8357048.243885725736618, 4852559.875680582597852 ], [ -8357068.075568682514131, 4852307.890256666578352 ], [ -8357101.067971128039062, 4852057.288080109283328 ], [ -8357147.130663177929819, 4851808.756034054793417 ], [ -8357206.137390197254717, 4851562.975327568128705 ], [ -8357277.926418848335743, 4851320.619628480635583 ], [ -8357362.300980392843485, 4851082.353216918185353 ], [ -8357459.029810022562742, 4850848.829164553433657 ], [ -8357567.847780739888549, 4850620.687544580549002 ], [ -8357688.456630049273372, 4850398.553677323274314 ], [ -8357820.525777480565012, 4850183.036416270770133 ], [ -8357963.693230678327382, 4849974.726479255594313 ], [ -8358117.566577606834471, 4849774.194829334504902 ], [ -8358281.724062115885317, 4849581.991109822876751 ], [ -8358455.715739952400327, 4849398.642137754708529 ], [ -8358639.06471202056855, 4849224.650459918193519 ], [ -8358831.268431532196701, 4849060.492975409142673 ], [ -8359031.800081453286111, 4848906.619628480635583 ], [ -8359240.110018468461931, 4848763.452175282873213 ], [ -8359455.627279520966113, 4848631.383027851581573 ], [ -8359677.7611467782408, 4848510.774178542196751 ], [ -8359905.902766751125455, 4848401.956207824870944 ], [ -8360139.426819115877151, 4848305.227378195151687 ], [ -8360377.693230678327382, 4848220.852816650643945 ], [ -8360620.048929765820503, 4848149.063787999562919 ], [ -8360865.829636252485216, 4848090.05706098023802 ], [ -8361114.361682306975126, 4848043.994368930347264 ], [ -8361364.963858864270151, 4848011.001966484822333 ], [ -8361616.94928278028965, 4847991.17028352804482 ], [ -8361869.627279520966113, 4847984.553677323274314 ], [ -8362122.305276261642575, 4847991.17028352804482 ], [ -8362374.290700176730752, 4848011.001966484822333 ], [ -8362624.892876734957099, 4848043.994368930347264 ], [ -8362873.42492278944701, 4848090.05706098023802 ], [ -8363119.205629276111722, 4848149.063787999562919 ], [ -8363361.561328363604844, 4848220.852816650643945 ], [ -8363599.827739926055074, 4848305.227378195151687 ], [ -8363833.35179229080677, 4848401.956207824870944 ], [ -8364061.493412263691425, 4848510.774178542196751 ], [ -8364283.627279520966113, 4848631.383027851581573 ], [ -8364499.144540573470294, 4848763.452175282873213 ], [ -8364707.454477588646114, 4848906.619628480635583 ], [ -8364907.986127509735525, 4849060.492975409142673 ], [ -8365100.189847021363676, 4849224.650459918193519 ], [ -8365283.538819089531898, 4849398.642137754708529 ], [ -8365457.530496926046908, 4849581.991109822876751 ], [ -8365621.687981435097754, 4849774.194829334504902 ], [ -8365775.561328363604844, 4849974.726479255594313 ], [ -8365918.728781561367214, 4850183.036416270770133 ], [ -8366050.797928992658854, 4850398.553677323274314 ], [ -8366171.406778302043676, 4850620.687544580549002 ], [ -8366280.224749019369483, 4850848.829164553433657 ], [ -8366376.95357864908874, 4851082.353216918185353 ], [ -8366461.328140193596482, 4851320.619628480635583 ], [ -8366533.117168844677508, 4851562.975327568128705 ], [ -8366592.123895864002407, 4851808.756034054793417 ], [ -8366638.186587913893163, 4852057.288080109283328 ], [ -8366671.178990359418094, 4852307.890256666578352 ], [ -8366691.010673316195607, 4852559.875680582597852 ], [ -8366697.627279520966113, 4852812.553677323274314 ], [ -8366691.010673316195607, 4853065.231674063950777 ], [ -8366671.178990359418094, 4853317.217097979038954 ], [ -8366638.186587913893163, 4853567.819274537265301 ], [ -8366592.123895864002407, 4853816.351320591755211 ], [ -8366533.117168844677508, 4854062.132027078419924 ], [ -8366461.328140193596482, 4854304.487726165913045 ], [ -8366376.95357864908874, 4854542.754137728363276 ], [ -8366280.224749019369483, 4854776.278190093114972 ], [ -8366171.406778302043676, 4855004.419810065999627 ], [ -8366050.797928992658854, 4855226.553677323274314 ], [ -8365918.728781561367214, 4855442.070938375778496 ], [ -8365775.561328363604844, 4855650.380875390954316 ], [ -8365621.687981435097754, 4855850.912525312043726 ], [ -8365457.530496926046908, 4856043.116244823671877 ], [ -8365283.538819089531898, 4856226.4652168918401 ], [ -8365100.189847021363676, 4856400.45689472835511 ], [ -8364907.986127509735525, 4856564.614379237405956 ], [ -8364707.454477588646114, 4856718.487726165913045 ], [ -8364499.144540573470294, 4856861.655179363675416 ], [ -8364283.627279520966113, 4856993.724326794967055 ], [ -8364061.493412263691425, 4857114.333176104351878 ], [ -8363833.35179229080677, 4857223.151146821677685 ], [ -8363599.827739926055074, 4857319.879976451396942 ], [ -8363361.561328363604844, 4857404.254537995904684 ], [ -8363119.205629276111722, 4857476.04356664698571 ], [ -8362873.42492278944701, 4857535.050293666310608 ], [ -8362624.892876734957099, 4857581.112985716201365 ], [ -8362374.290700177662075, 4857614.105388161726296 ], [ -8362122.305276261642575, 4857633.937071118503809 ], [ -8361869.627279520966113, 4857640.553677323274314 ], [ -8361616.94928278028965, 4857633.937071118503809 ], [ -8361364.963858865201473, 4857614.105388161726296 ], [ -8361114.361682306975126, 4857581.112985716201365 ], [ -8360865.829636252485216, 4857535.050293666310608 ], [ -8360620.048929765820503, 4857476.04356664698571 ], [ -8360377.693230678327382, 4857404.254537995904684 ], [ -8360139.426819115877151, 4857319.879976451396942 ], [ -8359905.902766751125455, 4857223.151146821677685 ], [ -8359677.7611467782408, 4857114.333176104351878 ], [ -8359455.627279520966113, 4856993.724326794967055 ], [ -8359240.110018468461931, 4856861.655179363675416 ], [ -8359031.800081453286111, 4856718.487726165913045 ], [ -8358831.268431532196701, 4856564.614379237405956 ], [ -8358639.06471202056855, 4856400.45689472835511 ], [ -8358455.715739952400327, 4856226.4652168918401 ], [ -8358281.724062115885317, 4856043.116244823671877 ], [ -8358117.566577606834471, 4855850.912525312043726 ], [ -8357963.693230678327382, 4855650.380875390954316 ], [ -8357820.525777480565012, 4855442.070938375778496 ], [ -8357688.456630049273372, 4855226.553677323274314 ], [ -8357567.847780739888549, 4855004.419810065999627 ], [ -8357459.029810022562742, 4854776.278190093114972 ], [ -8357362.300980392843485, 4854542.754137728363276 ], [ -8357277.926418848335743, 4854304.487726165913045 ], [ -8357206.137390197254717, 4854062.132027078419924 ], [ -8357147.130663177929819, 4853816.351320591755211 ], [ -8357101.067971128039062, 4853567.819274537265301 ], [ -8357068.075568682514131, 4853317.217097979970276 ], [ -8357048.243885725736618, 4853065.231674063950777 ], [ -8357041.627279520966113, 4852812.553677323274314 ] ] ] } },
{ "type": "Feature", "properties": { "facility_name": "Essex County Resource Recovery Facility", "state": "NJ" }, "geometry": { "type": "Polygon", "coordinates": [ [ [ -8246702.415922174230218, 4973633.403518253006041 ], [ -8246709.032528379000723, 4973380.725521512329578 ], [ -8246728.864211335778236, 4973128.740097596310079 ], [ -8246761.856613781303167, 4972878.137921039015055 ], [ -8246807.919305831193924, 4972629.605874984525144 ], [ -8246866.926032850518823, 4972383.825168497860432 ], [ -8246938.715061501599848, 4972141.46946941036731 ], [ -8247023.08962304610759, 4971903.20305784791708 ], [ -8247119.818452675826848, 4971669.679005483165383 ], [ -8247228.636423393152654, 4971441.537385510280728 ], [ -8247349.245272702537477, 4971219.403518253006041 ], [ -8247481.314420133829117, 4971003.886257200501859 ], [ -8247624.481873331591487, 4970795.57632018532604 ], [ -8247778.355220260098577, 4970595.044670264236629 ], [ -8247942.512704769149423, 4970402.840950752608478 ], [ -8248116.504382605664432, 4970219.491978684440255 ], [ -8248299.853354673832655, 4970045.500300847925246 ], [ -8248492.057074185460806, 4969881.3428163388744 ], [ -8248692.588724106550217, 4969727.46946941036731 ], [ -8248900.898661121726036, 4969584.30201621260494 ], [ -8249116.415922174230218, 4969452.2328687813133 ], [ -8249338.549789431504905, 4969331.624019471928477 ], [ -8249566.69140940438956, 4969222.806048754602671 ], [ -8249800.215461769141257, 4969126.077219124883413 ], [ -8250038.481873331591487, 4969041.702657580375671 ], [ -8250280.837572419084609, 4968969.913628929294646 ], [ -8250526.618278905749321, 4968910.906901909969747 ], [ -8250775.150324960239232, 4968864.84420986007899 ], [ -8251025.752501517534256, 4968831.85180741455406 ], [ -8251277.737925433553755, 4968812.020124457776546 ], [ -8251530.415922174230218, 4968805.403518253006041 ], [ -8251783.093918914906681, 4968812.020124457776546 ], [ -8252035.07934283092618, 4968831.85180741455406 ], [ -8252285.681519388221204, 4968864.84420986007899 ], [ -8252534.213565442711115, 4968910.906901909969747 ], [ -8252779.994271929375827, 4968969.913628929294646 ], [ -8253022.349971016868949, 4969041.702657580375671 ], [ -8253260.616382579319179, 4969126.077219124883413 ], [ -8253494.140434944070876, 4969222.806048754602671 ], [ -8253722.282054916955531, 4969331.624019471928477 ], [ -8253944.415922174230218, 4969452.2328687813133 ], [ -8254159.9331832267344, 4969584.30201621260494 ], [ -8254368.243120241910219, 4969727.46946941036731 ], [ -8254568.77477016299963, 4969881.3428163388744 ], [ -8254760.978489674627781, 4970045.500300847925246 ], [ -8254944.327461742796004, 4970219.491978684440255 ], [ -8255118.319139579311013, 4970402.840950752608478 ], [ -8255282.476624088361859, 4970595.044670264236629 ], [ -8255436.349971016868949, 4970795.57632018532604 ], [ -8255579.517424214631319, 4971003.886257200501859 ], [ -8255711.586571645922959, 4971219.403518253006041 ], [ -8255832.195420955307782, 4971441.537385510280728 ], [ -8255941.013391672633588, 4971669.679005483165383 ], [ -8256037.742221302352846, 4971903.20305784791708 ], [ -8256122.116782846860588, 4972141.46946941036731 ], [ -8256193.905811497941613, 4972383.825168497860432 ], [ -8256252.912538517266512, 4972629.605874984525144 ], [ -8256298.975230567157269, 4972878.137921039015055 ], [ -8256331.967633012682199, 4973128.740097596310079 ], [ -8256351.799315969459713, 4973380.725521512329578 ], [ -8256358.415922174230218, 4973633.403518253006041 ], [ -8256351.799315969459713, 4973886.081514993682504 ], [ -8256331.967633012682199, 4974138.06693890877068 ], [ -8256298.975230567157269, 4974388.669115466997027 ], [ -8256252.912538517266512, 4974637.201161521486938 ], [ -8256193.905811497941613, 4974882.98186800815165 ], [ -8256122.116782846860588, 4975125.337567095644772 ], [ -8256037.742221302352846, 4975363.603978658095002 ], [ -8255941.013391672633588, 4975597.128031022846699 ], [ -8255832.195420955307782, 4975825.269650995731354 ], [ -8255711.586571645922959, 4976047.403518253006041 ], [ -8255579.517424214631319, 4976262.920779305510223 ], [ -8255436.349971016868949, 4976471.230716320686042 ], [ -8255282.476624088361859, 4976671.762366241775453 ], [ -8255118.319139579311013, 4976863.966085753403604 ], [ -8254944.327461742796004, 4977047.315057821571827 ], [ -8254760.978489674627781, 4977221.306735658086836 ], [ -8254568.77477016299963, 4977385.464220167137682 ], [ -8254368.243120241910219, 4977539.337567095644772 ], [ -8254159.9331832267344, 4977682.505020293407142 ], [ -8253944.415922174230218, 4977814.574167724698782 ], [ -8253722.282054916955531, 4977935.183017034083605 ], [ -8253494.140434944070876, 4978044.000987751409411 ], [ -8253260.616382579319179, 4978140.729817381128669 ], [ -8253022.349971016868949, 4978225.104378925636411 ], [ -8252779.994271929375827, 4978296.893407576717436 ], [ -8252534.213565442711115, 4978355.900134596042335 ], [ -8252285.681519388221204, 4978401.962826645933092 ], [ -8252035.07934283092618, 4978434.955229091458023 ], [ -8251783.093918914906681, 4978454.786912048235536 ], [ -8251530.415922174230218, 4978461.403518253006041 ], [ -8251277.737925433553755, 4978454.786912048235536 ], [ -8251025.752501518465579, 4978434.955229091458023 ], [ -8250775.150324960239232, 4978401.962826645933092 ], [ -8250526.618278905749321, 4978355.900134596042335 ], [ -8250280.837572419084609, 4978296.893407576717436 ], [ -8250038.481873331591487, 4978225.104378925636411 ], [ -8249800.215461769141257, 4978140.729817381128669 ], [ -8249566.69140940438956, 4978044.000987751409411 ], [ -8249338.549789431504905, 4977935.183017034083605 ], [ -8249116.415922174230218, 4977814.574167724698782 ], [ -8248900.898661121726036, 4977682.505020293407142 ], [ -8248692.588724106550217, 4977539.337567095644772 ], [ -8248492.057074185460806, 4977385.464220167137682 ], [ -8248299.853354673832655, 4977221.306735658086836 ], [ -8248116.504382605664432, 4977047.315057821571827 ], [ -8247942.512704769149423, 4976863.966085753403604 ], [ -8247778.355220260098577, 4976671.762366241775453 ], [ -8247624.481873331591487, 4976471.230716320686042 ], [ -8247481.314420133829117, 4976262.920779305510223 ], [ -8247349.245272702537477, 4976047.403518253006041 ], [ -8247228.636423393152654, 4975825.269650995731354 ], [ -8247119.818452675826848, 4975597.128031022846699 ], [ -8247023.08962304610759, 4975363.603978658095002 ], [ -8246938.715061501599848, 4975125.337567095644772 ], [ -8246866.926032850518823, 4974882.98186800815165 ], [ -8246807.919305831193924, 4974637.201161521486938 ], [ -8246761.856613781303167, 4974388.669115466997027 ], [ -8246728.864211335778236, 4974138.066938909702003 ], [ -8246709.032528379000723, 4973886.081514993682504 ], [ -8246702.415922174230218, 4973633.403518253006041 ] ] ] } },
{ "type": "Feature", "properties": { "facility_name": "Union County Resource Recovery Facility", "state": "NJ" }, "geometry": { "type": "Polygon", "coordinates": [ [ [ -8262423.433085809461772, 4953659.178583228960633 ], [ -8262430.049692014232278, 4953406.500586488284171 ], [ -8262449.881374971009791, 4953154.515162572264671 ], [ -8262482.873777416534722, 4952903.912986014969647 ], [ -8262528.936469466425478, 4952655.380939960479736 ], [ -8262587.943196485750377, 4952409.600233473815024 ], [ -8262659.732225136831403, 4952167.244534386321902 ], [ -8262744.106786681339145, 4951928.978122823871672 ], [ -8262840.835616311058402, 4951695.454070459119976 ], [ -8262949.653587028384209, 4951467.312450486235321 ], [ -8263070.262436337769032, 4951245.178583228960633 ], [ -8263202.331583769060671, 4951029.661322176456451 ], [ -8263345.499036966823041, 4950821.351385161280632 ], [ -8263499.372383895330131, 4950620.819735240191221 ], [ -8263663.529868404380977, 4950428.61601572856307 ], [ -8263837.521546240895987, 4950245.267043660394847 ], [ -8264020.870518309064209, 4950071.275365823879838 ], [ -8264213.07423782069236, 4949907.117881314828992 ], [ -8264413.605887741781771, 4949753.244534386321902 ], [ -8264621.915824756957591, 4949610.077081188559532 ], [ -8264837.433085809461772, 4949478.007933757267892 ], [ -8265059.56695306673646, 4949357.39908444788307 ], [ -8265287.708573039621115, 4949248.581113730557263 ], [ -8265521.232625404372811, 4949151.852284100838006 ], [ -8265759.499036966823041, 4949067.477722556330264 ], [ -8266001.854736054316163, 4948995.688693905249238 ], [ -8266247.635442540980875, 4948936.681966885924339 ], [ -8266496.167488595470786, 4948890.619274836033583 ], [ -8266746.76966515276581, 4948857.626872390508652 ], [ -8266998.75508906878531, 4948837.795189433731139 ], [ -8267251.433085809461772, 4948831.178583228960633 ], [ -8267504.111082550138235, 4948837.795189433731139 ], [ -8267756.096506465226412, 4948857.626872390508652 ], [ -8268006.698683023452759, 4948890.619274836033583 ], [ -8268255.230729077942669, 4948936.681966885924339 ], [ -8268501.011435564607382, 4948995.688693905249238 ], [ -8268743.367134652100503, 4949067.477722556330264 ], [ -8268981.633546214550734, 4949151.852284100838006 ], [ -8269215.15759857930243, 4949248.581113730557263 ], [ -8269443.299218552187085, 4949357.39908444788307 ], [ -8269665.433085809461772, 4949478.007933757267892 ], [ -8269880.950346861965954, 4949610.077081188559532 ], [ -8270089.260283877141774, 4949753.244534386321902 ], [ -8270289.791933798231184, 4949907.117881314828992 ], [ -8270481.995653309859335, 4950071.275365823879838 ], [ -8270665.344625378027558, 4950245.267043660394847 ], [ -8270839.336303214542568, 4950428.61601572856307 ], [ -8271003.493787723593414, 4950620.819735240191221 ], [ -8271157.367134652100503, 4950821.351385161280632 ], [ -8271300.534587849862874, 4951029.661322176456451 ], [ -8271432.603735281154513, 4951245.178583228960633 ], [ -8271553.212584590539336, 4951467.312450486235321 ], [ -8271662.030555307865143, 4951695.454070459119976 ], [ -8271758.7593849375844, 4951928.978122823871672 ], [ -8271843.133946482092142, 4952167.244534386321902 ], [ -8271914.922975133173168, 4952409.600233473815024 ], [ -8271973.929702152498066, 4952655.380939960479736 ], [ -8272019.992394202388823, 4952903.912986014969647 ], [ -8272052.984796647913754, 4953154.515162572264671 ], [ -8272072.816479604691267, 4953406.500586488284171 ], [ -8272079.433085809461772, 4953659.178583228960633 ], [ -8272072.816479604691267, 4953911.856579969637096 ], [ -8272052.984796647913754, 4954163.842003884725273 ], [ -8272019.992394202388823, 4954414.44418044295162 ], [ -8271973.929702152498066, 4954662.97622649744153 ], [ -8271914.922975133173168, 4954908.756932984106243 ], [ -8271843.133946482092142, 4955151.112632071599364 ], [ -8271758.7593849375844, 4955389.379043634049594 ], [ -8271662.030555307865143, 4955622.903095998801291 ], [ -8271553.212584590539336, 4955851.044715971685946 ], [ -8271432.603735281154513, 4956073.178583228960633 ], [ -8271300.534587849862874, 4956288.695844281464815 ], [ -8271157.367134652100503, 4956497.005781296640635 ], [ -8271003.493787723593414, 4956697.537431217730045 ], [ -8270839.336303214542568, 4956889.741150729358196 ], [ -8270665.344625378027558, 4957073.090122797526419 ], [ -8270481.995653309859335, 4957247.081800634041429 ], [ -8270289.791933798231184, 4957411.239285143092275 ], [ -8270089.260283877141774, 4957565.112632071599364 ], [ -8269880.950346861965954, 4957708.280085269361734 ], [ -8269665.433085809461772, 4957840.349232700653374 ], [ -8269443.299218552187085, 4957960.958082010038197 ], [ -8269215.15759857930243, 4958069.776052727364004 ], [ -8268981.633546214550734, 4958166.504882357083261 ], [ -8268743.367134652100503, 4958250.879443901591003 ], [ -8268501.011435564607382, 4958322.668472552672029 ], [ -8268255.230729077942669, 4958381.675199571996927 ], [ -8268006.698683023452759, 4958427.737891621887684 ], [ -8267756.096506466157734, 4958460.730294067412615 ], [ -8267504.111082550138235, 4958480.561977024190128 ], [ -8267251.433085809461772, 4958487.178583228960633 ], [ -8266998.75508906878531, 4958480.561977024190128 ], [ -8266746.769665153697133, 4958460.730294067412615 ], [ -8266496.167488595470786, 4958427.737891621887684 ], [ -8266247.635442540980875, 4958381.675199571996927 ], [ -8266001.854736054316163, 4958322.668472552672029 ], [ -8265759.499036966823041, 4958250.879443901591003 ], [ -8265521.232625404372811, 4958166.504882357083261 ], [ -8265287.708573039621115, 4958069.776052727364004 ], [ -8265059.56695306673646, 4957960.958082010038197 ], [ -8264837.433085809461772, 4957840.349232700653374 ], [ -8264621.915824756957591, 4957708.280085269361734 ], [ -8264413.605887741781771, 4957565.112632071599364 ], [ -8264213.07423782069236, 4957411.239285143092275 ], [ -8264020.870518309064209, 4957247.081800634041429 ], [ -8263837.521546240895987, 4957073.090122797526419 ], [ -8263663.529868404380977, 4956889.741150729358196 ], [ -8263499.372383895330131, 4956697.537431217730045 ], [ -8263345.499036966823041, 4956497.005781296640635 ], [ -8263202.331583769060671, 4956288.695844281464815 ], [ -8263070.262436337769032, 4956073.178583228960633 ], [ -8262949.653587028384209, 4955851.044715971685946 ], [ -8262840.835616311058402, 4955622.903095998801291 ], [ -8262744.106786681339145, 4955389.379043634049594 ], [ -8262659.732225136831403, 4955151.112632071599364 ], [ -8262587.943196485750377, 4954908.756932984106243 ], [ -8262528.936469466425478, 4954662.97622649744153 ], [ -8262482.873777416534722, 4954414.44418044295162 ], [ -8262449.881374971009791, 4954163.842003885656595 ], [ -8262430.049692014232278, 4953911.856579969637096 ], [ -8262423.433085809461772, 4953659.178583228960633 ] ] ] } },
{ "type": "Feature", "properties": { "facility_name": "Wheelabrator Gloucester Company ", "state": "NJ" }, "geometry": { "type": "Polygon", "coordinates": [ [ [ -8359471.152902186848223, 4847565.452909940853715 ], [ -8359477.769508391618729, 4847312.774913200177252 ], [ -8359497.601191348396242, 4847060.789489284157753 ], [ -8359530.593593793921173, 4846810.187312726862729 ], [ -8359576.656285843811929, 4846561.655266672372818 ], [ -8359635.663012863136828, 4846315.874560185708106 ], [ -8359707.452041514217854, 4846073.518861098214984 ], [ -8359791.826603058725595, 4845835.252449535764754 ], [ -8359888.555432688444853, 4845601.728397171013057 ], [ -8359997.373403405770659, 4845373.586777198128402 ], [ -8360117.982252715155482, 4845151.452909940853715 ], [ -8360250.051400146447122, 4844935.935648888349533 ], [ -8360393.218853344209492, 4844727.625711873173714 ], [ -8360547.092200272716582, 4844527.094061952084303 ], [ -8360711.249684781767428, 4844334.890342440456152 ], [ -8360885.241362618282437, 4844151.541370372287929 ], [ -8361068.59033468645066, 4843977.54969253577292 ], [ -8361260.794054198078811, 4843813.392208026722074 ], [ -8361461.325704119168222, 4843659.518861098214984 ], [ -8361669.635641134344041, 4843516.351407900452614 ], [ -8361885.152902186848223, 4843384.282260469160974 ], [ -8362107.28676944412291, 4843263.673411159776151 ], [ -8362335.428389417007565, 4843154.855440442450345 ], [ -8362568.952441781759262, 4843058.126610812731087 ], [ -8362807.218853344209492, 4842973.752049268223345 ], [ -8363049.574552431702614, 4842901.96302061714232 ], [ -8363295.355258918367326, 4842842.956293597817421 ], [ -8363543.887304972857237, 4842796.893601547926664 ], [ -8363794.489481530152261, 4842763.901199102401733 ], [ -8364046.474905446171761, 4842744.06951614562422 ], [ -8364299.152902186848223, 4842737.452909940853715 ], [ -8364551.830898927524686, 4842744.06951614562422 ], [ -8364803.816322842612863, 4842763.901199102401733 ], [ -8365054.41849940083921, 4842796.893601547926664 ], [ -8365302.95054545532912, 4842842.956293597817421 ], [ -8365548.731251941993833, 4842901.96302061714232 ], [ -8365791.086951029486954, 4842973.752049268223345 ], [ -8366029.353362591937184, 4843058.126610812731087 ], [ -8366262.877414956688881, 4843154.855440442450345 ], [ -8366491.019034929573536, 4843263.673411159776151 ], [ -8366713.152902186848223, 4843384.282260469160974 ], [ -8366928.670163239352405, 4843516.351407900452614 ], [ -8367136.980100254528224, 4843659.518861098214984 ], [ -8367337.511750175617635, 4843813.392208026722074 ], [ -8367529.715469687245786, 4843977.54969253577292 ], [ -8367713.064441755414009, 4844151.541370372287929 ], [ -8367887.056119591929018, 4844334.890342440456152 ], [ -8368051.213604100979865, 4844527.094061952084303 ], [ -8368205.086951029486954, 4844727.625711873173714 ], [ -8368348.254404227249324, 4844935.935648888349533 ], [ -8368480.323551658540964, 4845151.452909940853715 ], [ -8368600.932400967925787, 4845373.586777198128402 ], [ -8368709.750371685251594, 4845601.728397171013057 ], [ -8368806.479201314970851, 4845835.252449535764754 ], [ -8368890.853762859478593, 4846073.518861098214984 ], [ -8368962.642791510559618, 4846315.874560185708106 ], [ -8369021.649518529884517, 4846561.655266672372818 ], [ -8369067.712210579775274, 4846810.187312726862729 ], [ -8369100.704613025300205, 4847060.789489284157753 ], [ -8369120.536295982077718, 4847312.774913200177252 ], [ -8369127.152902186848223, 4847565.452909940853715 ], [ -8369120.536295982077718, 4847818.130906681530178 ], [ -8369100.704613025300205, 4848070.116330596618354 ], [ -8369067.712210579775274, 4848320.718507154844701 ], [ -8369021.649518529884517, 4848569.250553209334612 ], [ -8368962.642791510559618, 4848815.031259695999324 ], [ -8368890.853762859478593, 4849057.386958783492446 ], [ -8368806.479201314970851, 4849295.653370345942676 ], [ -8368709.750371685251594, 4849529.177422710694373 ], [ -8368600.932400967925787, 4849757.319042683579028 ], [ -8368480.323551658540964, 4849979.452909940853715 ], [ -8368348.254404227249324, 4850194.970170993357897 ], [ -8368205.086951029486954, 4850403.280108008533716 ], [ -8368051.213604100979865, 4850603.811757929623127 ], [ -8367887.056119591929018, 4850796.015477441251278 ], [ -8367713.064441755414009, 4850979.364449509419501 ], [ -8367529.715469687245786, 4851153.35612734593451 ], [ -8367337.511750175617635, 4851317.513611854985356 ], [ -8367136.980100254528224, 4851471.386958783492446 ], [ -8366928.670163239352405, 4851614.554411981254816 ], [ -8366713.152902186848223, 4851746.623559412546456 ], [ -8366491.019034929573536, 4851867.232408721931279 ], [ -8366262.877414956688881, 4851976.050379439257085 ], [ -8366029.353362591937184, 4852072.779209068976343 ], [ -8365791.086951029486954, 4852157.153770613484085 ], [ -8365548.731251941993833, 4852228.94279926456511 ], [ -8365302.95054545532912, 4852287.949526283890009 ], [ -8365054.41849940083921, 4852334.012218333780766 ], [ -8364803.816322843544185, 4852367.004620779305696 ], [ -8364551.830898927524686, 4852386.83630373608321 ], [ -8364299.152902186848223, 4852393.452909940853715 ], [ -8364046.474905446171761, 4852386.83630373608321 ], [ -8363794.489481531083584, 4852367.004620779305696 ], [ -8363543.887304972857237, 4852334.012218333780766 ], [ -8363295.355258918367326, 4852287.949526283890009 ], [ -8363049.574552431702614, 4852228.94279926456511 ], [ -8362807.218853344209492, 4852157.153770613484085 ], [ -8362568.952441781759262, 4852072.779209068976343 ], [ -8362335.428389417007565, 4851976.050379439257085 ], [ -8362107.28676944412291, 4851867.232408721931279 ], [ -8361885.152902186848223, 4851746.623559412546456 ], [ -8361669.635641134344041, 4851614.554411981254816 ], [ -8361461.325704119168222, 4851471.386958783492446 ], [ -8361260.794054198078811, 4851317.513611854985356 ], [ -8361068.59033468645066, 4851153.35612734593451 ], [ -8360885.241362618282437, 4850979.364449509419501 ], [ -8360711.249684781767428, 4850796.015477441251278 ], [ -8360547.092200272716582, 4850603.811757929623127 ], [ -8360393.218853344209492, 4850403.280108008533716 ], [ -8360250.051400146447122, 4850194.970170993357897 ], [ -8360117.982252715155482, 4849979.452909940853715 ], [ -8359997.373403405770659, 4849757.319042683579028 ], [ -8359888.555432688444853, 4849529.177422710694373 ], [ -8359791.826603058725595, 4849295.653370345942676 ], [ -8359707.452041514217854, 4849057.386958783492446 ], [ -8359635.663012863136828, 4848815.031259695999324 ], [ -8359576.656285843811929, 4848569.250553209334612 ], [ -8359530.593593793921173, 4848320.718507154844701 ], [ -8359497.601191348396242, 4848070.116330597549677 ], [ -8359477.769508391618729, 4847818.130906681530178 ], [ -8359471.152902186848223, 4847565.452909940853715 ] ] ] } },
{ "type": "Feature", "properties": { "facility_name": "Babylon Resource Recovery Center", "state": "NY" }, "geometry": { "type": "Polygon", "coordinates": [ [ [ -8164342.067269622348249, 4973073.966424782760441 ], [ -8164348.683875827118754, 4972821.288428042083979 ], [ -8164368.515558783896267, 4972569.303004126064479 ], [ -8164401.507961229421198, 4972318.700827568769455 ], [ -8164447.570653279311955, 4972070.168781514279544 ], [ -8164506.577380298636854, 4971824.388075027614832 ], [ -8164578.366408949717879, 4971582.03237594012171 ], [ -8164662.740970494225621, 4971343.76596437767148 ], [ -8164759.469800123944879, 4971110.241912012919784 ], [ -8164868.287770841270685, 4970882.100292040035129 ], [ -8164988.896620150655508, 4970659.966424782760441 ], [ -8165120.965767581947148, 4970444.449163730256259 ], [ -8165264.133220779709518, 4970236.13922671508044 ], [ -8165418.006567708216608, 4970035.607576793991029 ], [ -8165582.164052217267454, 4969843.403857282362878 ], [ -8165756.155730053782463, 4969660.054885214194655 ], [ -8165939.504702121950686, 4969486.063207377679646 ], [ -8166131.708421633578837, 4969321.9057228686288 ], [ -8166332.240071554668248, 4969168.03237594012171 ], [ -8166540.550008569844067, 4969024.86492274235934 ], [ -8166756.067269622348249, 4968892.7957753110677 ], [ -8166978.201136879622936, 4968772.186926001682878 ], [ -8167206.342756852507591, 4968663.368955284357071 ], [ -8167439.866809217259288, 4968566.640125654637814 ], [ -8167678.133220779709518, 4968482.265564110130072 ], [ -8167920.48891986720264, 4968410.476535459049046 ], [ -8168166.269626353867352, 4968351.469808439724147 ], [ -8168414.801672408357263, 4968305.407116389833391 ], [ -8168665.403848965652287, 4968272.41471394430846 ], [ -8168917.389272881671786, 4968252.583030987530947 ], [ -8169170.067269622348249, 4968245.966424782760441 ], [ -8169422.745266363024712, 4968252.583030987530947 ], [ -8169674.730690278112888, 4968272.41471394430846 ], [ -8169925.332866836339235, 4968305.407116389833391 ], [ -8170173.864912890829146, 4968351.469808439724147 ], [ -8170419.645619377493858, 4968410.476535459049046 ], [ -8170662.00131846498698, 4968482.265564110130072 ], [ -8170900.26773002743721, 4968566.640125654637814 ], [ -8171133.791782392188907, 4968663.368955284357071 ], [ -8171361.933402365073562, 4968772.186926001682878 ], [ -8171584.067269622348249, 4968892.7957753110677 ], [ -8171799.584530674852431, 4969024.86492274235934 ], [ -8172007.89446769002825, 4969168.03237594012171 ], [ -8172208.426117611117661, 4969321.9057228686288 ], [ -8172400.629837122745812, 4969486.063207377679646 ], [ -8172583.978809190914035, 4969660.054885214194655 ], [ -8172757.970487027429044, 4969843.403857282362878 ], [ -8172922.12797153647989, 4970035.607576793991029 ], [ -8173076.00131846498698, 4970236.13922671508044 ], [ -8173219.16877166274935, 4970444.449163730256259 ], [ -8173351.23791909404099, 4970659.966424782760441 ], [ -8173471.846768403425813, 4970882.100292040035129 ], [ -8173580.664739120751619, 4971110.241912012919784 ], [ -8173677.393568750470877, 4971343.76596437767148 ], [ -8173761.768130294978619, 4971582.03237594012171 ], [ -8173833.557158946059644, 4971824.388075027614832 ], [ -8173892.563885965384543, 4972070.168781514279544 ], [ -8173938.6265780152753, 4972318.700827568769455 ], [ -8173971.618980460800231, 4972569.303004126064479 ], [ -8173991.450663417577744, 4972821.288428042083979 ], [ -8173998.067269622348249, 4973073.966424782760441 ], [ -8173991.450663417577744, 4973326.644421523436904 ], [ -8173971.618980460800231, 4973578.629845438525081 ], [ -8173938.6265780152753, 4973829.232021996751428 ], [ -8173892.563885965384543, 4974077.764068051241338 ], [ -8173833.557158946059644, 4974323.544774537906051 ], [ -8173761.768130294978619, 4974565.900473625399172 ], [ -8173677.393568750470877, 4974804.166885187849402 ], [ -8173580.664739120751619, 4975037.690937552601099 ], [ -8173471.846768403425813, 4975265.832557525485754 ], [ -8173351.23791909404099, 4975487.966424782760441 ], [ -8173219.16877166274935, 4975703.483685835264623 ], [ -8173076.00131846498698, 4975911.793622850440443 ], [ -8172922.12797153647989, 4976112.325272771529853 ], [ -8172757.970487027429044, 4976304.528992283158004 ], [ -8172583.978809190914035, 4976487.877964351326227 ], [ -8172400.629837122745812, 4976661.869642187841237 ], [ -8172208.426117611117661, 4976826.027126696892083 ], [ -8172007.89446769002825, 4976979.900473625399172 ], [ -8171799.584530674852431, 4977123.067926823161542 ], [ -8171584.067269622348249, 4977255.137074254453182 ], [ -8171361.933402365073562, 4977375.745923563838005 ], [ -8171133.791782392188907, 4977484.563894281163812 ], [ -8170900.26773002743721, 4977581.292723910883069 ], [ -8170662.00131846498698, 4977665.667285455390811 ], [ -8170419.645619377493858, 4977737.456314106471837 ], [ -8170173.864912890829146, 4977796.463041125796735 ], [ -8169925.332866836339235, 4977842.525733175687492 ], [ -8169674.730690279044211, 4977875.518135621212423 ], [ -8169422.745266363024712, 4977895.349818577989936 ], [ -8169170.067269622348249, 4977901.966424782760441 ], [ -8168917.389272881671786, 4977895.349818577989936 ], [ -8168665.40384896658361, 4977875.518135621212423 ], [ -8168414.801672408357263, 4977842.525733175687492 ], [ -8168166.269626353867352, 4977796.463041125796735 ], [ -8167920.48891986720264, 4977737.456314106471837 ], [ -8167678.133220779709518, 4977665.667285455390811 ], [ -8167439.866809217259288, 4977581.292723910883069 ], [ -8167206.342756852507591, 4977484.563894281163812 ], [ -8166978.201136879622936, 4977375.745923563838005 ], [ -8166756.067269622348249, 4977255.137074254453182 ], [ -8166540.550008569844067, 4977123.067926823161542 ], [ -8166332.240071554668248, 4976979.900473625399172 ], [ -8166131.708421633578837, 4976826.027126696892083 ], [ -8165939.504702121950686, 4976661.869642187841237 ], [ -8165756.155730053782463, 4976487.877964351326227 ], [ -8165582.164052217267454, 4976304.528992283158004 ], [ -8165418.006567708216608, 4976112.325272771529853 ], [ -8165264.133220779709518, 4975911.793622850440443 ], [ -8165120.965767581947148, 4975703.483685835264623 ], [ -8164988.896620150655508, 4975487.966424782760441 ], [ -8164868.287770841270685, 4975265.832557525485754 ], [ -8164759.469800123944879, 4975037.690937552601099 ], [ -8164662.740970494225621, 4974804.166885187849402 ], [ -8164578.366408949717879, 4974565.900473625399172 ], [ -8164506.577380298636854, 4974323.544774537906051 ], [ -8164447.570653279311955, 4974077.764068051241338 ], [ -8164401.507961229421198, 4973829.232021996751428 ], [ -8164368.515558783896267, 4973578.629845439456403 ], [ -8164348.683875827118754, 4973326.644421523436904 ], [ -8164342.067269622348249, 4973073.966424782760441 ] ] ] } },
{ "type": "Feature", "properties": { "facility_name": "Covanta Hempstead", "state": "NY" }, "geometry": { "type": "Polygon", "coordinates": [ [ [ -8187251.685266570188105, 4973800.93236343190074 ], [ -8187258.301872774958611, 4973548.254366691224277 ], [ -8187278.133555731736124, 4973296.268942775204778 ], [ -8187311.125958177261055, 4973045.666766217909753 ], [ -8187357.188650227151811, 4972797.134720163419843 ], [ -8187416.19537724647671, 4972551.35401367675513 ], [ -8187487.984405897557735, 4972308.998314589262009 ], [ -8187572.358967442065477, 4972070.731903026811779 ], [ -8187669.087797071784735, 4971837.207850662060082 ], [ -8187777.905767789110541, 4971609.066230689175427 ], [ -8187898.514617098495364, 4971386.93236343190074 ], [ -8188030.583764529787004, 4971171.415102379396558 ], [ -8188173.751217727549374, 4970963.105165364220738 ], [ -8188327.624564656056464, 4970762.573515443131328 ], [ -8188491.78204916510731, 4970570.369795931503177 ], [ -8188665.773727001622319, 4970387.020823863334954 ], [ -8188849.122699069790542, 4970213.029146026819944 ], [ -8189041.326418581418693, 4970048.871661517769098 ], [ -8189241.858068502508104, 4969894.998314589262009 ], [ -8189450.168005517683923, 4969751.830861391499639 ], [ -8189665.685266570188105, 4969619.761713960207999 ], [ -8189887.819133827462792, 4969499.152864650823176 ], [ -8190115.960753800347447, 4969390.334893933497369 ], [ -8190349.484806165099144, 4969293.606064303778112 ], [ -8190587.751217727549374, 4969209.23150275927037 ], [ -8190830.106916815042496, 4969137.442474108189344 ], [ -8191075.887623301707208, 4969078.435747088864446 ], [ -8191324.419669356197119, 4969032.373055038973689 ], [ -8191575.021845913492143, 4968999.380652593448758 ], [ -8191827.007269829511642, 4968979.548969636671245 ], [ -8192079.685266570188105, 4968972.93236343190074 ], [ -8192332.363263310864568, 4968979.548969636671245 ], [ -8192584.348687225952744, 4968999.380652593448758 ], [ -8192834.950863784179091, 4969032.373055038973689 ], [ -8193083.482909838669002, 4969078.435747088864446 ], [ -8193329.263616325333714, 4969137.442474108189344 ], [ -8193571.619315412826836, 4969209.23150275927037 ], [ -8193809.885726975277066, 4969293.606064303778112 ], [ -8194043.409779340028763, 4969390.334893933497369 ], [ -8194271.551399312913418, 4969499.152864650823176 ], [ -8194493.685266570188105, 4969619.761713960207999 ], [ -8194709.202527622692287, 4969751.830861391499639 ], [ -8194917.512464637868106, 4969894.998314589262009 ], [ -8195118.044114558957517, 4970048.871661517769098 ], [ -8195310.247834070585668, 4970213.029146026819944 ], [ -8195493.596806138753891, 4970387.020823863334954 ], [ -8195667.5884839752689, 4970570.369795931503177 ], [ -8195831.745968484319746, 4970762.573515443131328 ], [ -8195985.619315412826836, 4970963.105165364220738 ], [ -8196128.786768610589206, 4971171.415102379396558 ], [ -8196260.855916041880846, 4971386.93236343190074 ], [ -8196381.464765351265669, 4971609.066230689175427 ], [ -8196490.282736068591475, 4971837.207850662060082 ], [ -8196587.011565698310733, 4972070.731903026811779 ], [ -8196671.386127242818475, 4972308.998314589262009 ], [ -8196743.1751558938995, 4972551.35401367675513 ], [ -8196802.181882913224399, 4972797.134720163419843 ], [ -8196848.244574963115156, 4973045.666766217909753 ], [ -8196881.236977408640087, 4973296.268942775204778 ], [ -8196901.0686603654176, 4973548.254366691224277 ], [ -8196907.685266570188105, 4973800.93236343190074 ], [ -8196901.0686603654176, 4974053.610360172577202 ], [ -8196881.236977408640087, 4974305.595784087665379 ], [ -8196848.244574963115156, 4974556.197960645891726 ], [ -8196802.181882913224399, 4974804.730006700381637 ], [ -8196743.1751558938995, 4975050.510713187046349 ], [ -8196671.386127242818475, 4975292.866412274539471 ], [ -8196587.011565698310733, 4975531.132823836989701 ], [ -8196490.282736068591475, 4975764.656876201741397 ], [ -8196381.464765351265669, 4975992.798496174626052 ], [ -8196260.855916041880846, 4976214.93236343190074 ], [ -8196128.786768610589206, 4976430.449624484404922 ], [ -8195985.619315412826836, 4976638.759561499580741 ], [ -8195831.745968484319746, 4976839.291211420670152 ], [ -8195667.5884839752689, 4977031.494930932298303 ], [ -8195493.596806138753891, 4977214.843903000466526 ], [ -8195310.247834070585668, 4977388.835580836981535 ], [ -8195118.044114558957517, 4977552.993065346032381 ], [ -8194917.512464637868106, 4977706.866412274539471 ], [ -8194709.202527622692287, 4977850.033865472301841 ], [ -8194493.685266570188105, 4977982.103012903593481 ], [ -8194271.551399312913418, 4978102.711862212978303 ], [ -8194043.409779340028763, 4978211.52983293030411 ], [ -8193809.885726975277066, 4978308.258662560023367 ], [ -8193571.619315412826836, 4978392.633224104531109 ], [ -8193329.263616325333714, 4978464.422252755612135 ], [ -8193083.482909838669002, 4978523.428979774937034 ], [ -8192834.950863784179091, 4978569.49167182482779 ], [ -8192584.348687226884067, 4978602.484074270352721 ], [ -8192332.363263310864568, 4978622.315757227130234 ], [ -8192079.685266570188105, 4978628.93236343190074 ], [ -8191827.007269829511642, 4978622.315757227130234 ], [ -8191575.021845914423466, 4978602.484074270352721 ], [ -8191324.419669356197119, 4978569.49167182482779 ], [ -8191075.887623301707208, 4978523.428979774937034 ], [ -8190830.106916815042496, 4978464.422252755612135 ], [ -8190587.751217727549374, 4978392.633224104531109 ], [ -8190349.484806165099144, 4978308.258662560023367 ], [ -8190115.960753800347447, 4978211.52983293030411 ], [ -8189887.819133827462792, 4978102.711862212978303 ], [ -8189665.685266570188105, 4977982.103012903593481 ], [ -8189450.168005517683923, 4977850.033865472301841 ], [ -8189241.858068502508104, 4977706.866412274539471 ], [ -8189041.326418581418693, 4977552.993065346032381 ], [ -8188849.122699069790542, 4977388.835580836981535 ], [ -8188665.773727001622319, 4977214.843903000466526 ], [ -8188491.78204916510731, 4977031.494930932298303 ], [ -8188327.624564656056464, 4976839.291211420670152 ], [ -8188173.751217727549374, 4976638.759561499580741 ], [ -8188030.583764529787004, 4976430.449624484404922 ], [ -8187898.514617098495364, 4976214.93236343190074 ], [ -8187777.905767789110541, 4975992.798496174626052 ], [ -8187669.087797071784735, 4975764.656876201741397 ], [ -8187572.358967442065477, 4975531.132823836989701 ], [ -8187487.984405897557735, 4975292.866412274539471 ], [ -8187416.19537724647671, 4975050.510713187046349 ], [ -8187357.188650227151811, 4974804.730006700381637 ], [ -8187311.125958177261055, 4974556.197960645891726 ], [ -8187278.133555731736124, 4974305.595784088596702 ], [ -8187258.301872774958611, 4974053.610360172577202 ], [ -8187251.685266570188105, 4973800.93236343190074 ] ] ] } },
{ "type": "Feature", "properties": { "facility_name": "Dutchess County Resource Recovery Facility", "state": "NY" }, "geometry": { "type": "Polygon", "coordinates": [ [ [ -8226167.765865449793637, 5108241.144700214266777 ], [ -8226174.382471654564142, 5107988.466703473590314 ], [ -8226194.214154611341655, 5107736.481279557570815 ], [ -8226227.206557056866586, 5107485.879103000275791 ], [ -8226273.269249106757343, 5107237.34705694578588 ], [ -8226332.275976126082242, 5106991.566350459121168 ], [ -8226404.065004777163267, 5106749.210651371628046 ], [ -8226488.439566321671009, 5106510.944239809177816 ], [ -8226585.168395951390266, 5106277.420187444426119 ], [ -8226693.986366668716073, 5106049.278567471541464 ], [ -8226814.595215978100896, 5105827.144700214266777 ], [ -8226946.664363409392536, 5105611.627439161762595 ], [ -8227089.831816607154906, 5105403.317502146586776 ], [ -8227243.705163535661995, 5105202.785852225497365 ], [ -8227407.862648044712842, 5105010.582132713869214 ], [ -8227581.854325881227851, 5104827.233160645700991 ], [ -8227765.203297949396074, 5104653.241482809185982 ], [ -8227957.407017461024225, 5104489.083998300135136 ], [ -8228157.938667382113636, 5104335.210651371628046 ], [ -8228366.248604397289455, 5104192.043198173865676 ], [ -8228581.765865449793637, 5104059.974050742574036 ], [ -8228803.899732707068324, 5103939.365201433189213 ], [ -8229032.041352679952979, 5103830.547230715863407 ], [ -8229265.565405044704676, 5103733.818401086144149 ], [ -8229503.831816607154906, 5103649.443839541636407 ], [ -8229746.187515694648027, 5103577.654810890555382 ], [ -8229991.96822218131274, 5103518.648083871230483 ], [ -8230240.50026823580265, 5103472.585391821339726 ], [ -8230491.102444793097675, 5103439.592989375814795 ], [ -8230743.087868709117174, 5103419.761306419037282 ], [ -8230995.765865449793637, 5103413.144700214266777 ], [ -8231248.443862190470099, 5103419.761306419037282 ], [ -8231500.429286105558276, 5103439.592989375814795 ], [ -8231751.031462663784623, 5103472.585391821339726 ], [ -8231999.563508718274534, 5103518.648083871230483 ], [ -8232245.344215204939246, 5103577.654810890555382 ], [ -8232487.699914292432368, 5103649.443839541636407 ], [ -8232725.966325854882598, 5103733.818401086144149 ], [ -8232959.490378219634295, 5103830.547230715863407 ], [ -8233187.63199819251895, 5103939.365201433189213 ], [ -8233409.765865449793637, 5104059.974050742574036 ], [ -8233625.283126502297819, 5104192.043198173865676 ], [ -8233833.593063517473638, 5104335.210651371628046 ], [ -8234034.124713438563049, 5104489.083998300135136 ], [ -8234226.3284329501912, 5104653.241482809185982 ], [ -8234409.677405018359423, 5104827.233160645700991 ], [ -8234583.669082854874432, 5105010.582132713869214 ], [ -8234747.826567363925278, 5105202.785852225497365 ], [ -8234901.699914292432368, 5105403.317502146586776 ], [ -8235044.867367490194738, 5105611.627439161762595 ], [ -8235176.936514921486378, 5105827.144700214266777 ], [ -8235297.545364230871201, 5106049.278567471541464 ], [ -8235406.363334948197007, 5106277.420187444426119 ], [ -8235503.092164577916265, 5106510.944239809177816 ], [ -8235587.466726122424006, 5106749.210651371628046 ], [ -8235659.255754773505032, 5106991.566350459121168 ], [ -8235718.262481792829931, 5107237.34705694578588 ], [ -8235764.325173842720687, 5107485.879103000275791 ], [ -8235797.317576288245618, 5107736.481279557570815 ], [ -8235817.149259245023131, 5107988.466703473590314 ], [ -8235823.765865449793637, 5108241.144700214266777 ], [ -8235817.149259245023131, 5108493.82269695494324 ], [ -8235797.317576288245618, 5108745.808120870031416 ], [ -8235764.325173842720687, 5108996.410297428257763 ], [ -8235718.262481792829931, 5109244.942343482747674 ], [ -8235659.255754773505032, 5109490.723049969412386 ], [ -8235587.466726122424006, 5109733.078749056905508 ], [ -8235503.092164577916265, 5109971.345160619355738 ], [ -8235406.363334948197007, 5110204.869212984107435 ], [ -8235297.545364230871201, 5110433.01083295699209 ], [ -8235176.936514921486378, 5110655.144700214266777 ], [ -8235044.867367490194738, 5110870.661961266770959 ], [ -8234901.699914292432368, 5111078.971898281946778 ], [ -8234747.826567363925278, 5111279.503548203036189 ], [ -8234583.669082854874432, 5111471.70726771466434 ], [ -8234409.677405018359423, 5111655.056239782832563 ], [ -8234226.3284329501912, 5111829.047917619347572 ], [ -8234034.124713438563049, 5111993.205402128398418 ], [ -8233833.593063517473638, 5112147.078749056905508 ], [ -8233625.283126502297819, 5112290.246202254667878 ], [ -8233409.765865449793637, 5112422.315349685959518 ], [ -8233187.63199819251895, 5112542.924198995344341 ], [ -8232959.490378219634295, 5112651.742169712670147 ], [ -8232725.966325854882598, 5112748.470999342389405 ], [ -8232487.699914292432368, 5112832.845560886897147 ], [ -8232245.344215204939246, 5112904.634589537978172 ], [ -8231999.563508718274534, 5112963.641316557303071 ], [ -8231751.031462663784623, 5113009.704008607193828 ], [ -8231500.429286106489599, 5113042.696411052718759 ], [ -8231248.443862190470099, 5113062.528094009496272 ], [ -8230995.765865449793637, 5113069.144700214266777 ], [ -8230743.087868709117174, 5113062.528094009496272 ], [ -8230491.102444794028997, 5113042.696411052718759 ], [ -8230240.50026823580265, 5113009.704008607193828 ], [ -8229991.96822218131274, 5112963.641316557303071 ], [ -8229746.187515694648027, 5112904.634589537978172 ], [ -8229503.831816607154906, 5112832.845560886897147 ], [ -8229265.565405044704676, 5112748.470999342389405 ], [ -8229032.041352679952979, 5112651.742169712670147 ], [ -8228803.899732707068324, 5112542.924198995344341 ], [ -8228581.765865449793637, 5112422.315349685959518 ], [ -8228366.248604397289455, 5112290.246202254667878 ], [ -8228157.938667382113636, 5112147.078749056905508 ], [ -8227957.407017461024225, 5111993.205402128398418 ], [ -8227765.203297949396074, 5111829.047917619347572 ], [ -8227581.854325881227851, 5111655.056239782832563 ], [ -8227407.862648044712842, 5111471.70726771466434 ], [ -8227243.705163535661995, 5111279.503548203036189 ], [ -8227089.831816607154906, 5111078.971898281946778 ], [ -8226946.664363409392536, 5110870.661961266770959 ], [ -8226814.595215978100896, 5110655.144700214266777 ], [ -8226693.986366668716073, 5110433.01083295699209 ], [ -8226585.168395951390266, 5110204.869212984107435 ], [ -8226488.439566321671009, 5109971.345160619355738 ], [ -8226404.065004777163267, 5109733.078749056905508 ], [ -8226332.275976126082242, 5109490.723049969412386 ], [ -8226273.269249106757343, 5109244.942343482747674 ], [ -8226227.206557056866586, 5108996.410297428257763 ], [ -8226194.214154611341655, 5108745.808120870962739 ], [ -8226174.382471654564142, 5108493.82269695494324 ], [ -8226167.765865449793637, 5108241.144700214266777 ] ] ] } },
{ "type": "Feature", "properties": { "facility_name": "Huntington Resource Recovery Facility", "state": "NY" }, "geometry": { "type": "Polygon", "coordinates": [ [ [ -8153669.478069051168859, 4994950.826408866792917 ], [ -8153676.094675255939364, 4994698.148412126116455 ], [ -8153695.926358212716877, 4994446.162988210096955 ], [ -8153728.918760658241808, 4994195.560811652801931 ], [ -8153774.981452708132565, 4993947.02876559831202 ], [ -8153833.988179727457464, 4993701.248059111647308 ], [ -8153905.777208378538489, 4993458.892360024154186 ], [ -8153990.151769923046231, 4993220.625948461703956 ], [ -8154086.880599552765489, 4992987.10189609695226 ], [ -8154195.698570270091295, 4992758.960276124067605 ], [ -8154316.307419579476118, 4992536.826408866792917 ], [ -8154448.376567010767758, 4992321.309147814288735 ], [ -8154591.544020208530128, 4992112.999210799112916 ], [ -8154745.417367137037218, 4991912.467560878023505 ], [ -8154909.574851646088064, 4991720.263841366395354 ], [ -8155083.566529482603073, 4991536.914869298227131 ], [ -8155266.915501550771296, 4991362.923191461712122 ], [ -8155459.119221062399447, 4991198.765706952661276 ], [ -8155659.650870983488858, 4991044.892360024154186 ], [ -8155867.960807998664677, 4990901.724906826391816 ], [ -8156083.478069051168859, 4990769.655759395100176 ], [ -8156305.611936308443546, 4990649.046910085715353 ], [ -8156533.753556281328201, 4990540.228939368389547 ], [ -8156767.277608646079898, 4990443.50010973867029 ], [ -8157005.544020208530128, 4990359.125548194162548 ], [ -8157247.89971929602325, 4990287.336519543081522 ], [ -8157493.680425782687962, 4990228.329792523756623 ], [ -8157742.212471837177873, 4990182.267100473865867 ], [ -8157992.814648394472897, 4990149.274698028340936 ], [ -8158244.800072310492396, 4990129.443015071563423 ], [ -8158497.478069051168859, 4990122.826408866792917 ], [ -8158750.156065791845322, 4990129.443015071563423 ], [ -8159002.141489706933498, 4990149.274698028340936 ], [ -8159252.743666265159845, 4990182.267100473865867 ], [ -8159501.275712319649756, 4990228.329792523756623 ], [ -8159747.056418806314468, 4990287.336519543081522 ], [ -8159989.41211789380759, 4990359.125548194162548 ], [ -8160227.67852945625782, 4990443.50010973867029 ], [ -8160461.202581821009517, 4990540.228939368389547 ], [ -8160689.344201793894172, 4990649.046910085715353 ], [ -8160911.478069051168859, 4990769.655759395100176 ], [ -8161126.995330103673041, 4990901.724906826391816 ], [ -8161335.30526711884886, 4991044.892360024154186 ], [ -8161535.836917039938271, 4991198.765706952661276 ], [ -8161728.040636551566422, 4991362.923191461712122 ], [ -8161911.389608619734645, 4991536.914869298227131 ], [ -8162085.381286456249654, 4991720.263841366395354 ], [ -8162249.5387709653005, 4991912.467560878023505 ], [ -8162403.41211789380759, 4992112.999210799112916 ], [ -8162546.57957109156996, 4992321.309147814288735 ], [ -8162678.6487185228616, 4992536.826408866792917 ], [ -8162799.257567832246423, 4992758.960276124067605 ], [ -8162908.075538549572229, 4992987.10189609695226 ], [ -8163004.804368179291487, 4993220.625948461703956 ], [ -8163089.178929723799229, 4993458.892360024154186 ], [ -8163160.967958374880254, 4993701.248059111647308 ], [ -8163219.974685394205153, 4993947.02876559831202 ], [ -8163266.03737744409591, 4994195.560811652801931 ], [ -8163299.029779889620841, 4994446.162988210096955 ], [ -8163318.861462846398354, 4994698.148412126116455 ], [ -8163325.478069051168859, 4994950.826408866792917 ], [ -8163318.861462846398354, 4995203.50440560746938 ], [ -8163299.029779889620841, 4995455.489829522557557 ], [ -8163266.03737744409591, 4995706.092006080783904 ], [ -8163219.974685394205153, 4995954.624052135273814 ], [ -8163160.967958374880254, 4996200.404758621938527 ], [ -8163089.178929723799229, 4996442.760457709431648 ], [ -8163004.804368179291487, 4996681.026869271881878 ], [ -8162908.075538549572229, 4996914.550921636633575 ], [ -8162799.257567832246423, 4997142.69254160951823 ], [ -8162678.6487185228616, 4997364.826408866792917 ], [ -8162546.57957109156996, 4997580.343669919297099 ], [ -8162403.41211789380759, 4997788.653606934472919 ], [ -8162249.5387709653005, 4997989.185256855562329 ], [ -8162085.381286456249654, 4998181.38897636719048 ], [ -8161911.389608619734645, 4998364.737948435358703 ], [ -8161728.040636551566422, 4998538.729626271873713 ], [ -8161535.836917039938271, 4998702.887110780924559 ], [ -8161335.30526711884886, 4998856.760457709431648 ], [ -8161126.995330103673041, 4998999.927910907194018 ], [ -8160911.478069051168859, 4999131.997058338485658 ], [ -8160689.344201793894172, 4999252.605907647870481 ], [ -8160461.202581821009517, 4999361.423878365196288 ], [ -8160227.67852945625782, 4999458.152707994915545 ], [ -8159989.41211789380759, 4999542.527269539423287 ], [ -8159747.056418806314468, 4999614.316298190504313 ], [ -8159501.275712319649756, 4999673.323025209829211 ], [ -8159252.743666265159845, 4999719.385717259719968 ], [ -8159002.141489707864821, 4999752.378119705244899 ], [ -8158750.156065791845322, 4999772.209802662022412 ], [ -8158497.478069051168859, 4999778.826408866792917 ], [ -8158244.800072310492396, 4999772.209802662022412 ], [ -8157992.81464839540422, 4999752.378119705244899 ], [ -8157742.212471837177873, 4999719.385717259719968 ], [ -8157493.680425782687962, 4999673.323025209829211 ], [ -8157247.89971929602325, 4999614.316298190504313 ], [ -8157005.544020208530128, 4999542.527269539423287 ], [ -8156767.277608646079898, 4999458.152707994915545 ], [ -8156533.753556281328201, 4999361.423878365196288 ], [ -8156305.611936308443546, 4999252.605907647870481 ], [ -8156083.478069051168859, 4999131.997058338485658 ], [ -8155867.960807998664677, 4998999.927910907194018 ], [ -8155659.650870983488858, 4998856.760457709431648 ], [ -8155459.119221062399447, 4998702.887110780924559 ], [ -8155266.915501550771296, 4998538.729626271873713 ], [ -8155083.566529482603073, 4998364.737948435358703 ], [ -8154909.574851646088064, 4998181.38897636719048 ], [ -8154745.417367137037218, 4997989.185256855562329 ], [ -8154591.544020208530128, 4997788.653606934472919 ], [ -8154448.376567010767758, 4997580.343669919297099 ], [ -8154316.307419579476118, 4997364.826408866792917 ], [ -8154195.698570270091295, 4997142.69254160951823 ], [ -8154086.880599552765489, 4996914.550921636633575 ], [ -8153990.151769923046231, 4996681.026869271881878 ], [ -8153905.777208378538489, 4996442.760457709431648 ], [ -8153833.988179727457464, 4996200.404758621938527 ], [ -8153774.981452708132565, 4995954.624052135273814 ], [ -8153728.918760658241808, 4995706.092006080783904 ], [ -8153695.926358212716877, 4995455.489829523488879 ], [ -8153676.094675255939364, 4995203.50440560746938 ], [ -8153669.478069051168859, 4994950.826408866792917 ] ] ] } },
{ "type": "Feature", "properties": { "facility_name": "MacArthur Waste-to-Energy Facility", "state": "NY" }, "geometry": { "type": "Polygon", "coordinates": [ [ [ -8133342.572446047328413, 4980531.68531980086118 ], [ -8133349.189052252098918, 4980279.007323060184717 ], [ -8133369.020735208876431, 4980027.021899144165218 ], [ -8133402.013137654401362, 4979776.419722586870193 ], [ -8133448.075829704292119, 4979527.887676532380283 ], [ -8133507.082556723617017, 4979282.10697004571557 ], [ -8133578.871585374698043, 4979039.751270958222449 ], [ -8133663.246146919205785, 4978801.484859395772219 ], [ -8133759.974976548925042, 4978567.960807031020522 ], [ -8133868.792947266250849, 4978339.819187058135867 ], [ -8133989.401796575635672, 4978117.68531980086118 ], [ -8134121.470944006927311, 4977902.168058748356998 ], [ -8134264.638397204689682, 4977693.858121733181179 ], [ -8134418.511744133196771, 4977493.326471812091768 ], [ -8134582.669228642247617, 4977301.122752300463617 ], [ -8134756.660906478762627, 4977117.773780232295394 ], [ -8134940.00987854693085, 4976943.782102395780385 ], [ -8135132.213598058559, 4976779.624617886729538 ], [ -8135332.745247979648411, 4976625.751270958222449 ], [ -8135541.055184994824231, 4976482.583817760460079 ], [ -8135756.572446047328413, 4976350.514670329168439 ], [ -8135978.7063133046031, 4976229.905821019783616 ], [ -8136206.847933277487755, 4976121.087850302457809 ], [ -8136440.371985642239451, 4976024.359020672738552 ], [ -8136678.638397204689682, 4975939.98445912823081 ], [ -8136920.994096292182803, 4975868.195430477149785 ], [ -8137166.774802778847516, 4975809.188703457824886 ], [ -8137415.306848833337426, 4975763.126011407934129 ], [ -8137665.909025390632451, 4975730.133608962409198 ], [ -8137917.89444930665195, 4975710.301926005631685 ], [ -8138170.572446047328413, 4975703.68531980086118 ], [ -8138423.250442788004875, 4975710.301926005631685 ], [ -8138675.235866703093052, 4975730.133608962409198 ], [ -8138925.838043261319399, 4975763.126011407934129 ], [ -8139174.370089315809309, 4975809.188703457824886 ], [ -8139420.150795802474022, 4975868.195430477149785 ], [ -8139662.506494889967144, 4975939.98445912823081 ], [ -8139900.772906452417374, 4976024.359020672738552 ], [ -8140134.29695881716907, 4976121.087850302457809 ], [ -8140362.438578790053725, 4976229.905821019783616 ], [ -8140584.572446047328413, 4976350.514670329168439 ], [ -8140800.089707099832594, 4976482.583817760460079 ], [ -8141008.399644115008414, 4976625.751270958222449 ], [ -8141208.931294036097825, 4976779.624617886729538 ], [ -8141401.135013547725976, 4976943.782102395780385 ], [ -8141584.483985615894198, 4977117.773780232295394 ], [ -8141758.475663452409208, 4977301.122752300463617 ], [ -8141922.633147961460054, 4977493.326471812091768 ], [ -8142076.506494889967144, 4977693.858121733181179 ], [ -8142219.673948087729514, 4977902.168058748356998 ], [ -8142351.743095519021153, 4978117.68531980086118 ], [ -8142472.351944828405976, 4978339.819187058135867 ], [ -8142581.169915545731783, 4978567.960807031020522 ], [ -8142677.89874517545104, 4978801.484859395772219 ], [ -8142762.273306719958782, 4979039.751270958222449 ], [ -8142834.062335371039808, 4979282.10697004571557 ], [ -8142893.069062390364707, 4979527.887676532380283 ], [ -8142939.131754440255463, 4979776.419722586870193 ], [ -8142972.124156885780394, 4980027.021899144165218 ], [ -8142991.955839842557907, 4980279.007323060184717 ], [ -8142998.572446047328413, 4980531.68531980086118 ], [ -8142991.955839842557907, 4980784.363316541537642 ], [ -8142972.124156885780394, 4981036.348740456625819 ], [ -8142939.131754440255463, 4981286.950917014852166 ], [ -8142893.069062390364707, 4981535.482963069342077 ], [ -8142834.062335371039808, 4981781.263669556006789 ], [ -8142762.273306719958782, 4982023.619368643499911 ], [ -8142677.89874517545104, 4982261.885780205950141 ], [ -8142581.169915545731783, 4982495.409832570701838 ], [ -8142472.351944828405976, 4982723.551452543586493 ], [ -8142351.743095519021153, 4982945.68531980086118 ], [ -8142219.673948087729514, 4983161.202580853365362 ], [ -8142076.506494889967144, 4983369.512517868541181 ], [ -8141922.633147961460054, 4983570.044167789630592 ], [ -8141758.475663452409208, 4983762.247887301258743 ], [ -8141584.483985615894198, 4983945.596859369426966 ], [ -8141401.135013547725976, 4984119.588537205941975 ], [ -8141208.931294036097825, 4984283.746021714992821 ], [ -8141008.399644115008414, 4984437.619368643499911 ], [ -8140800.089707099832594, 4984580.786821841262281 ], [ -8140584.572446047328413, 4984712.855969272553921 ], [ -8140362.438578790053725, 4984833.464818581938744 ], [ -8140134.29695881716907, 4984942.28278929926455 ], [ -8139900.772906452417374, 4985039.011618928983808 ], [ -8139662.506494889967144, 4985123.386180473491549 ], [ -8139420.150795802474022, 4985195.175209124572575 ], [ -8139174.370089315809309, 4985254.181936143897474 ], [ -8138925.838043261319399, 4985300.24462819378823 ], [ -8138675.235866704024374, 4985333.237030639313161 ], [ -8138423.250442788004875, 4985353.068713596090674 ], [ -8138170.572446047328413, 4985359.68531980086118 ], [ -8137917.89444930665195, 4985353.068713596090674 ], [ -8137665.909025391563773, 4985333.237030639313161 ], [ -8137415.306848833337426, 4985300.24462819378823 ], [ -8137166.774802778847516, 4985254.181936143897474 ], [ -8136920.994096292182803, 4985195.175209124572575 ], [ -8136678.638397204689682, 4985123.386180473491549 ], [ -8136440.371985642239451, 4985039.011618928983808 ], [ -8136206.847933277487755, 4984942.28278929926455 ], [ -8135978.7063133046031, 4984833.464818581938744 ], [ -8135756.572446047328413, 4984712.855969272553921 ], [ -8135541.055184994824231, 4984580.786821841262281 ], [ -8135332.745247979648411, 4984437.619368643499911 ], [ -8135132.213598058559, 4984283.746021714992821 ], [ -8134940.00987854693085, 4984119.588537205941975 ], [ -8134756.660906478762627, 4983945.596859369426966 ], [ -8134582.669228642247617, 4983762.247887301258743 ], [ -8134418.511744133196771, 4983570.044167789630592 ], [ -8134264.638397204689682, 4983369.512517868541181 ], [ -8134121.470944006927311, 4983161.202580853365362 ], [ -8133989.401796575635672, 4982945.68531980086118 ], [ -8133868.792947266250849, 4982723.551452543586493 ], [ -8133759.974976548925042, 4982495.409832570701838 ], [ -8133663.246146919205785, 4982261.885780205950141 ], [ -8133578.871585374698043, 4982023.619368643499911 ], [ -8133507.082556723617017, 4981781.263669556006789 ], [ -8133448.075829704292119, 4981535.482963069342077 ], [ -8133402.013137654401362, 4981286.950917014852166 ], [ -8133369.020735208876431, 4981036.348740457557142 ], [ -8133349.189052252098918, 4980784.363316541537642 ], [ -8133342.572446047328413, 4980531.68531980086118 ] ] ] } },
{ "type": "Feature", "properties": { "facility_name": "Niagara Falls Resource Recovery Facility ", "state": "NY" }, "geometry": { "type": "Polygon", "coordinates": [ [ [ -8790206.337798045948148, 5324674.866085411049426 ], [ -8790212.954404251649976, 5324422.188088670372963 ], [ -8790232.786087207496166, 5324170.202664754353464 ], [ -8790265.778489653021097, 5323919.600488197058439 ], [ -8790311.841181702911854, 5323671.068442142568529 ], [ -8790370.847908722236753, 5323425.287735655903816 ], [ -8790442.636937372386456, 5323182.932036568410695 ], [ -8790527.011498916894197, 5322944.665625005960464 ], [ -8790623.740328546613455, 5322711.141572641208768 ], [ -8790732.558299263939261, 5322482.999952668324113 ], [ -8790853.167148575186729, 5322260.866085411049426 ], [ -8790985.236296005547047, 5322045.348824358545244 ], [ -8791128.403749203309417, 5321837.038887343369424 ], [ -8791282.277096131816506, 5321636.507237422280014 ], [ -8791446.434580640867352, 5321444.303517910651863 ], [ -8791620.426258476451039, 5321260.95454584248364 ], [ -8791803.775230545550585, 5321086.96286800596863 ], [ -8791995.978950057178736, 5320922.805383496917784 ], [ -8792196.510599978268147, 5320768.932036568410695 ], [ -8792404.820536993443966, 5320625.764583370648324 ], [ -8792620.337798045948148, 5320493.695435939356685 ], [ -8792842.471665304154158, 5320373.086586629971862 ], [ -8793070.613285275176167, 5320264.268615912646055 ], [ -8793304.137337641790509, 5320167.539786282926798 ], [ -8793542.403749203309417, 5320083.165224738419056 ], [ -8793784.759448291733861, 5320011.37619608733803 ], [ -8794030.540154777467251, 5319952.369469068013132 ], [ -8794279.072200831025839, 5319906.306777018122375 ], [ -8794529.674377389252186, 5319873.314374572597444 ], [ -8794781.659801304340363, 5319853.482691615819931 ], [ -8795034.337798045948148, 5319846.866085411049426 ], [ -8795287.015794787555933, 5319853.482691615819931 ], [ -8795539.00121870264411, 5319873.314374572597444 ], [ -8795789.603395260870457, 5319906.306777018122375 ], [ -8796038.135441314429045, 5319952.369469068013132 ], [ -8796283.916147800162435, 5320011.37619608733803 ], [ -8796526.271846888586879, 5320083.165224738419056 ], [ -8796764.538258450105786, 5320167.539786282926798 ], [ -8796998.062310816720128, 5320264.268615912646055 ], [ -8797226.203930787742138, 5320373.086586629971862 ], [ -8797448.337798045948148, 5320493.695435939356685 ], [ -8797663.85505909845233, 5320625.764583370648324 ], [ -8797872.164996113628149, 5320768.932036568410695 ], [ -8798072.69664603471756, 5320922.805383496917784 ], [ -8798264.900365546345711, 5321086.96286800596863 ], [ -8798448.249337615445256, 5321260.95454584248364 ], [ -8798622.241015451028943, 5321444.303517910651863 ], [ -8798786.398499960079789, 5321636.507237422280014 ], [ -8798940.271846888586879, 5321837.038887343369424 ], [ -8799083.439300086349249, 5322045.348824358545244 ], [ -8799215.508447516709566, 5322260.866085411049426 ], [ -8799336.117296827957034, 5322482.999952668324113 ], [ -8799444.935267545282841, 5322711.141572641208768 ], [ -8799541.664097175002098, 5322944.665625005960464 ], [ -8799626.03865871950984, 5323182.932036568410695 ], [ -8799697.827687369659543, 5323425.287735655903816 ], [ -8799756.834414388984442, 5323671.068442142568529 ], [ -8799802.897106438875198, 5323919.600488197058439 ], [ -8799835.889508884400129, 5324170.202664754353464 ], [ -8799855.72119184024632, 5324422.188088670372963 ], [ -8799862.337798045948148, 5324674.866085411049426 ], [ -8799855.72119184024632, 5324927.544082151725888 ], [ -8799835.889508884400129, 5325179.529506066814065 ], [ -8799802.897106438875198, 5325430.131682625040412 ], [ -8799756.834414388984442, 5325678.663728679530323 ], [ -8799697.827687369659543, 5325924.444435166195035 ], [ -8799626.03865871950984, 5326166.800134253688157 ], [ -8799541.664097175002098, 5326405.066545816138387 ], [ -8799444.935267545282841, 5326638.590598180890083 ], [ -8799336.117296827957034, 5326866.732218153774738 ], [ -8799215.508447516709566, 5327088.866085411049426 ], [ -8799083.439300086349249, 5327304.383346463553607 ], [ -8798940.271846888586879, 5327512.693283478729427 ], [ -8798786.398499960079789, 5327713.224933399818838 ], [ -8798622.241015451028943, 5327905.428652911446989 ], [ -8798448.249337615445256, 5328088.777624979615211 ], [ -8798264.900365546345711, 5328262.769302816130221 ], [ -8798072.69664603471756, 5328426.926787325181067 ], [ -8797872.164996113628149, 5328580.800134253688157 ], [ -8797663.85505909845233, 5328723.967587451450527 ], [ -8797448.337798045948148, 5328856.036734882742167 ], [ -8797226.203930787742138, 5328976.645584192126989 ], [ -8796998.062310816720128, 5329085.463554909452796 ], [ -8796764.538258450105786, 5329182.192384539172053 ], [ -8796526.271846888586879, 5329266.566946083679795 ], [ -8796283.916147800162435, 5329338.355974734760821 ], [ -8796038.135441314429045, 5329397.36270175408572 ], [ -8795789.603395260870457, 5329443.425393803976476 ], [ -8795539.00121870264411, 5329476.417796249501407 ], [ -8795287.015794787555933, 5329496.24947920627892 ], [ -8795034.337798045948148, 5329502.866085411049426 ], [ -8794781.659801304340363, 5329496.24947920627892 ], [ -8794529.674377389252186, 5329476.417796249501407 ], [ -8794279.072200831025839, 5329443.425393803976476 ], [ -8794030.540154777467251, 5329397.36270175408572 ], [ -8793784.759448291733861, 5329338.355974734760821 ], [ -8793542.403749203309417, 5329266.566946083679795 ], [ -8793304.137337641790509, 5329182.192384539172053 ], [ -8793070.613285275176167, 5329085.463554909452796 ], [ -8792842.471665304154158, 5328976.645584192126989 ], [ -8792620.337798045948148, 5328856.036734882742167 ], [ -8792404.820536993443966, 5328723.967587451450527 ], [ -8792196.510599978268147, 5328580.800134253688157 ], [ -8791995.978950057178736, 5328426.926787325181067 ], [ -8791803.775230545550585, 5328262.769302816130221 ], [ -8791620.426258476451039, 5328088.777624979615211 ], [ -8791446.434580640867352, 5327905.428652911446989 ], [ -8791282.277096131816506, 5327713.224933399818838 ], [ -8791128.403749203309417, 5327512.693283478729427 ], [ -8790985.236296005547047, 5327304.383346463553607 ], [ -8790853.167148575186729, 5327088.866085411049426 ], [ -8790732.558299263939261, 5326866.732218153774738 ], [ -8790623.740328546613455, 5326638.590598180890083 ], [ -8790527.011498916894197, 5326405.066545816138387 ], [ -8790442.636937372386456, 5326166.800134253688157 ], [ -8790370.847908722236753, 5325924.444435166195035 ], [ -8790311.841181702911854, 5325678.663728679530323 ], [ -8790265.778489653021097, 5325430.131682625040412 ], [ -8790232.786087207496166, 5325179.529506067745388 ], [ -8790212.954404251649976, 5324927.544082151725888 ], [ -8790206.337798045948148, 5324674.866085411049426 ] ] ] } },
{ "type": "Feature", "properties": { "facility_name": "Onodaga Resource Recovery Facility", "state": "NY" }, "geometry": { "type": "Polygon", "coordinates": [ [ [ -8463442.677879124879837, 5310674.542870482429862 ], [ -8463449.294485330581665, 5310421.864873741753399 ], [ -8463469.126168286427855, 5310169.8794498257339 ], [ -8463502.118570731952786, 5309919.277273268438876 ], [ -8463548.181262781843543, 5309670.745227213948965 ], [ -8463607.187989801168442, 5309424.964520727284253 ], [ -8463678.977018451318145, 5309182.608821639791131 ], [ -8463763.351579995825887, 5308944.342410077340901 ], [ -8463860.080409625545144, 5308710.818357712589204 ], [ -8463968.898380342870951, 5308482.676737739704549 ], [ -8464089.507229654118419, 5308260.542870482429862 ], [ -8464221.576377084478736, 5308045.02560942992568 ], [ -8464364.743830282241106, 5307836.715672414749861 ], [ -8464518.617177210748196, 5307636.18402249366045 ], [ -8464682.774661719799042, 5307443.980302982032299 ], [ -8464856.766339555382729, 5307260.631330913864076 ], [ -8465040.115311624482274, 5307086.639653077349067 ], [ -8465232.319031136110425, 5306922.482168568298221 ], [ -8465432.850681057199836, 5306768.608821639791131 ], [ -8465641.160618072375655, 5306625.441368442028761 ], [ -8465856.677879124879837, 5306493.372221010737121 ], [ -8466078.811746383085847, 5306372.763371701352298 ], [ -8466306.953366354107857, 5306263.945400984026492 ], [ -8466540.477418720722198, 5306167.216571354307234 ], [ -8466778.743830282241106, 5306082.842009809799492 ], [ -8467021.09952937066555, 5306011.052981158718467 ], [ -8467266.88023585639894, 5305952.046254139393568 ], [ -8467515.412281909957528, 5305905.983562089502811 ], [ -8467766.014458468183875, 5305872.99115964397788 ], [ -8468017.999882383272052, 5305853.159476687200367 ], [ -8468270.677879124879837, 5305846.542870482429862 ], [ -8468523.355875866487622, 5305853.159476687200367 ], [ -8468775.341299781575799, 5305872.99115964397788 ], [ -8469025.943476339802146, 5305905.983562089502811 ], [ -8469274.475522393360734, 5305952.046254139393568 ], [ -8469520.256228879094124, 5306011.052981158718467 ], [ -8469762.611927967518568, 5306082.842009809799492 ], [ -8470000.878339529037476, 5306167.216571354307234 ], [ -8470234.402391895651817, 5306263.945400984026492 ], [ -8470462.544011866673827, 5306372.763371701352298 ], [ -8470684.677879124879837, 5306493.372221010737121 ], [ -8470900.195140177384019, 5306625.441368442028761 ], [ -8471108.505077192559838, 5306768.608821639791131 ], [ -8471309.036727113649249, 5306922.482168568298221 ], [ -8471501.2404466252774, 5307086.639653077349067 ], [ -8471684.589418694376945, 5307260.631330913864076 ], [ -8471858.581096529960632, 5307443.980302982032299 ], [ -8472022.738581039011478, 5307636.18402249366045 ], [ -8472176.611927967518568, 5307836.715672414749861 ], [ -8472319.779381165280938, 5308045.02560942992568 ], [ -8472451.848528595641255, 5308260.542870482429862 ], [ -8472572.457377906888723, 5308482.676737739704549 ], [ -8472681.27534862421453, 5308710.818357712589204 ], [ -8472778.004178253933787, 5308944.342410077340901 ], [ -8472862.378739798441529, 5309182.608821639791131 ], [ -8472934.167768448591232, 5309424.964520727284253 ], [ -8472993.174495467916131, 5309670.745227213948965 ], [ -8473039.237187517806888, 5309919.277273268438876 ], [ -8473072.229589963331819, 5310169.8794498257339 ], [ -8473092.061272919178009, 5310421.864873741753399 ], [ -8473098.677879124879837, 5310674.542870482429862 ], [ -8473092.061272919178009, 5310927.220867223106325 ], [ -8473072.229589963331819, 5311179.206291138194501 ], [ -8473039.237187517806888, 5311429.808467696420848 ], [ -8472993.174495467916131, 5311678.340513750910759 ], [ -8472934.167768448591232, 5311924.121220237575471 ], [ -8472862.378739798441529, 5312166.476919325068593 ], [ -8472778.004178253933787, 5312404.743330887518823 ], [ -8472681.27534862421453, 5312638.26738325227052 ], [ -8472572.457377906888723, 5312866.409003225155175 ], [ -8472451.848528595641255, 5313088.542870482429862 ], [ -8472319.779381165280938, 5313304.060131534934044 ], [ -8472176.611927967518568, 5313512.370068550109863 ], [ -8472022.738581039011478, 5313712.901718471199274 ], [ -8471858.581096529960632, 5313905.105437982827425 ], [ -8471684.589418694376945, 5314088.454410050995648 ], [ -8471501.2404466252774, 5314262.446087887510657 ], [ -8471309.036727113649249, 5314426.603572396561503 ], [ -8471108.505077192559838, 5314580.476919325068593 ], [ -8470900.195140177384019, 5314723.644372522830963 ], [ -8470684.677879124879837, 5314855.713519954122603 ], [ -8470462.544011866673827, 5314976.322369263507426 ], [ -8470234.402391895651817, 5315085.140339980833232 ], [ -8470000.878339529037476, 5315181.86916961055249 ], [ -8469762.611927967518568, 5315266.243731155060232 ], [ -8469520.256228879094124, 5315338.032759806141257 ], [ -8469274.475522393360734, 5315397.039486825466156 ], [ -8469025.943476339802146, 5315443.102178875356913 ], [ -8468775.341299781575799, 5315476.094581320881844 ], [ -8468523.355875866487622, 5315495.926264277659357 ], [ -8468270.677879124879837, 5315502.542870482429862 ], [ -8468017.999882383272052, 5315495.926264277659357 ], [ -8467766.014458468183875, 5315476.094581320881844 ], [ -8467515.412281909957528, 5315443.102178875356913 ], [ -8467266.88023585639894, 5315397.039486825466156 ], [ -8467021.09952937066555, 5315338.032759806141257 ], [ -8466778.743830282241106, 5315266.243731155060232 ], [ -8466540.477418720722198, 5315181.86916961055249 ], [ -8466306.953366354107857, 5315085.140339980833232 ], [ -8466078.811746383085847, 5314976.322369263507426 ], [ -8465856.677879124879837, 5314855.713519954122603 ], [ -8465641.160618072375655, 5314723.644372522830963 ], [ -8465432.850681057199836, 5314580.476919325068593 ], [ -8465232.319031136110425, 5314426.603572396561503 ], [ -8465040.115311624482274, 5314262.446087887510657 ], [ -8464856.766339555382729, 5314088.454410050995648 ], [ -8464682.774661719799042, 5313905.105437982827425 ], [ -8464518.617177210748196, 5313712.901718471199274 ], [ -8464364.743830282241106, 5313512.370068550109863 ], [ -8464221.576377084478736, 5313304.060131534934044 ], [ -8464089.507229654118419, 5313088.542870482429862 ], [ -8463968.898380342870951, 5312866.409003225155175 ], [ -8463860.080409625545144, 5312638.26738325227052 ], [ -8463763.351579995825887, 5312404.743330887518823 ], [ -8463678.977018451318145, 5312166.476919325068593 ], [ -8463607.187989801168442, 5311924.121220237575471 ], [ -8463548.181262781843543, 5311678.340513750910759 ], [ -8463502.118570731952786, 5311429.808467696420848 ], [ -8463469.126168286427855, 5311179.206291139125824 ], [ -8463449.294485330581665, 5310927.220867223106325 ], [ -8463442.677879124879837, 5310674.542870482429862 ] ] ] } },
{ "type": "Feature", "properties": { "facility_name": "Oswego County Energy Recovery Facility", "state": "NY" }, "geometry": { "type": "Polygon", "coordinates": [ [ [ -8502784.087988426908851, 5365259.245738443918526 ], [ -8502790.704594632610679, 5365006.567741703242064 ], [ -8502810.536277588456869, 5364754.582317787222564 ], [ -8502843.5286800339818, 5364503.98014122992754 ], [ -8502889.591372083872557, 5364255.448095175437629 ], [ -8502948.598099103197455, 5364009.667388688772917 ], [ -8503020.387127753347158, 5363767.311689601279795 ], [ -8503104.7616892978549, 5363529.045278038829565 ], [ -8503201.490518927574158, 5363295.521225674077868 ], [ -8503310.308489644899964, 5363067.379605701193213 ], [ -8503430.917338956147432, 5362845.245738443918526 ], [ -8503562.98648638650775, 5362629.728477391414344 ], [ -8503706.15393958427012, 5362421.418540376238525 ], [ -8503860.027286512777209, 5362220.886890455149114 ], [ -8504024.184771021828055, 5362028.683170943520963 ], [ -8504198.176448857411742, 5361845.33419887535274 ], [ -8504381.525420926511288, 5361671.342521038837731 ], [ -8504573.729140438139439, 5361507.185036529786885 ], [ -8504774.260790359228849, 5361353.311689601279795 ], [ -8504982.570727374404669, 5361210.144236403517425 ], [ -8505198.087988426908851, 5361078.075088972225785 ], [ -8505420.221855685114861, 5360957.466239662840962 ], [ -8505648.36347565613687, 5360848.648268945515156 ], [ -8505881.887528022751212, 5360751.919439315795898 ], [ -8506120.15393958427012, 5360667.544877771288157 ], [ -8506362.509638672694564, 5360595.755849120207131 ], [ -8506608.290345158427954, 5360536.749122100882232 ], [ -8506856.822391211986542, 5360490.686430050991476 ], [ -8507107.424567770212889, 5360457.694027605466545 ], [ -8507359.409991685301065, 5360437.862344648689032 ], [ -8507612.087988426908851, 5360431.245738443918526 ], [ -8507864.765985168516636, 5360437.862344648689032 ], [ -8508116.751409083604813, 5360457.694027605466545 ], [ -8508367.35358564183116, 5360490.686430050991476 ], [ -8508615.885631695389748, 5360536.749122100882232 ], [ -8508861.666338181123137, 5360595.755849120207131 ], [ -8509104.022037269547582, 5360667.544877771288157 ], [ -8509342.288448831066489, 5360751.919439315795898 ], [ -8509575.812501197680831, 5360848.648268945515156 ], [ -8509803.954121168702841, 5360957.466239662840962 ], [ -8510026.087988426908851, 5361078.075088972225785 ], [ -8510241.605249479413033, 5361210.144236403517425 ], [ -8510449.915186494588852, 5361353.311689601279795 ], [ -8510650.446836415678263, 5361507.185036529786885 ], [ -8510842.650555927306414, 5361671.342521038837731 ], [ -8511025.999527996405959, 5361845.33419887535274 ], [ -8511199.991205831989646, 5362028.683170943520963 ], [ -8511364.148690341040492, 5362220.886890455149114 ], [ -8511518.022037269547582, 5362421.418540376238525 ], [ -8511661.189490467309952, 5362629.728477391414344 ], [ -8511793.258637897670269, 5362845.245738443918526 ], [ -8511913.867487208917737, 5363067.379605701193213 ], [ -8512022.685457926243544, 5363295.521225674077868 ], [ -8512119.414287555962801, 5363529.045278038829565 ], [ -8512203.788849100470543, 5363767.311689601279795 ], [ -8512275.577877750620246, 5364009.667388688772917 ], [ -8512334.584604769945145, 5364255.448095175437629 ], [ -8512380.647296819835901, 5364503.98014122992754 ], [ -8512413.639699265360832, 5364754.582317787222564 ], [ -8512433.471382221207023, 5365006.567741703242064 ], [ -8512440.087988426908851, 5365259.245738443918526 ], [ -8512433.471382221207023, 5365511.923735184594989 ], [ -8512413.639699265360832, 5365763.909159099683166 ], [ -8512380.647296819835901, 5366014.511335657909513 ], [ -8512334.584604769945145, 5366263.043381712399423 ], [ -8512275.577877750620246, 5366508.824088199064136 ], [ -8512203.788849100470543, 5366751.179787286557257 ], [ -8512119.414287555962801, 5366989.446198849007487 ], [ -8512022.685457926243544, 5367222.970251213759184 ], [ -8511913.867487208917737, 5367451.111871186643839 ], [ -8511793.258637897670269, 5367673.245738443918526 ], [ -8511661.189490467309952, 5367888.762999496422708 ], [ -8511518.022037269547582, 5368097.072936511598527 ], [ -8511364.148690341040492, 5368297.604586432687938 ], [ -8511199.991205831989646, 5368489.808305944316089 ], [ -8511025.999527996405959, 5368673.157278012484312 ], [ -8510842.650555927306414, 5368847.148955848999321 ], [ -8510650.446836415678263, 5369011.306440358050168 ], [ -8510449.915186494588852, 5369165.179787286557257 ], [ -8510241.605249479413033, 5369308.347240484319627 ], [ -8510026.087988426908851, 5369440.416387915611267 ], [ -8509803.954121168702841, 5369561.02523722499609 ], [ -8509575.812501197680831, 5369669.843207942321897 ], [ -8509342.288448831066489, 5369766.572037572041154 ], [ -8509104.022037269547582, 5369850.946599116548896 ], [ -8508861.666338181123137, 5369922.735627767629921 ], [ -8508615.885631695389748, 5369981.74235478695482 ], [ -8508367.35358564183116, 5370027.805046836845577 ], [ -8508116.751409083604813, 5370060.797449282370508 ], [ -8507864.765985168516636, 5370080.629132239148021 ], [ -8507612.087988426908851, 5370087.245738443918526 ], [ -8507359.409991685301065, 5370080.629132239148021 ], [ -8507107.424567770212889, 5370060.797449282370508 ], [ -8506856.822391211986542, 5370027.805046836845577 ], [ -8506608.290345158427954, 5369981.74235478695482 ], [ -8506362.509638672694564, 5369922.735627767629921 ], [ -8506120.15393958427012, 5369850.946599116548896 ], [ -8505881.887528022751212, 5369766.572037572041154 ], [ -8505648.36347565613687, 5369669.843207942321897 ], [ -8505420.221855685114861, 5369561.02523722499609 ], [ -8505198.087988426908851, 5369440.416387915611267 ], [ -8504982.570727374404669, 5369308.347240484319627 ], [ -8504774.260790359228849, 5369165.179787286557257 ], [ -8504573.729140438139439, 5369011.306440358050168 ], [ -8504381.525420926511288, 5368847.148955848999321 ], [ -8504198.176448857411742, 5368673.157278012484312 ], [ -8504024.184771021828055, 5368489.808305944316089 ], [ -8503860.027286512777209, 5368297.604586432687938 ], [ -8503706.15393958427012, 5368097.072936511598527 ], [ -8503562.98648638650775, 5367888.762999496422708 ], [ -8503430.917338956147432, 5367673.245738443918526 ], [ -8503310.308489644899964, 5367451.111871186643839 ], [ -8503201.490518927574158, 5367222.970251213759184 ], [ -8503104.7616892978549, 5366989.446198849007487 ], [ -8503020.387127753347158, 5366751.179787286557257 ], [ -8502948.598099103197455, 5366508.824088199064136 ], [ -8502889.591372083872557, 5366263.043381712399423 ], [ -8502843.5286800339818, 5366014.511335657909513 ], [ -8502810.536277588456869, 5365763.909159100614488 ], [ -8502790.704594632610679, 5365511.923735184594989 ], [ -8502784.087988426908851, 5365259.245738443918526 ] ] ] } },
{ "type": "Feature", "properties": { "facility_name": "Wheelabrator Hudson Falls", "state": "NY" }, "geometry": { "type": "Polygon", "coordinates": [ [ [ -8187322.684837798587978, 5358617.183406395837665 ], [ -8187329.301444003358483, 5358364.505409655161202 ], [ -8187349.133126960135996, 5358112.519985739141703 ], [ -8187382.125529405660927, 5357861.917809181846678 ], [ -8187428.188221455551684, 5357613.385763127356768 ], [ -8187487.194948474876583, 5357367.605056640692055 ], [ -8187558.983977125957608, 5357125.249357553198934 ], [ -8187643.35853867046535, 5356886.982945990748703 ], [ -8187740.087368300184608, 5356653.458893625997007 ], [ -8187848.905339017510414, 5356425.317273653112352 ], [ -8187969.514188326895237, 5356203.183406395837665 ], [ -8188101.583335758186877, 5355987.666145343333483 ], [ -8188244.750788955949247, 5355779.356208328157663 ], [ -8188398.624135884456336, 5355578.824558407068253 ], [ -8188562.781620393507183, 5355386.620838895440102 ], [ -8188736.773298230022192, 5355203.271866827271879 ], [ -8188920.122270298190415, 5355029.280188990756869 ], [ -8189112.325989809818566, 5354865.122704481706023 ], [ -8189312.857639730907977, 5354711.249357553198934 ], [ -8189521.167576746083796, 5354568.081904355436563 ], [ -8189736.684837798587978, 5354436.012756924144924 ], [ -8189958.818705055862665, 5354315.403907614760101 ], [ -8190186.96032502874732, 5354206.585936897434294 ], [ -8190420.484377393499017, 5354109.857107267715037 ], [ -8190658.750788955949247, 5354025.482545723207295 ], [ -8190901.106488043442369, 5353953.693517072126269 ], [ -8191146.887194530107081, 5353894.686790052801371 ], [ -8191395.419240584596992, 5353848.624098002910614 ], [ -8191646.021417141892016, 5353815.631695557385683 ], [ -8191898.006841057911515, 5353795.80001260060817 ], [ -8192150.684837798587978, 5353789.183406395837665 ], [ -8192403.362834539264441, 5353795.80001260060817 ], [ -8192655.348258454352617, 5353815.631695557385683 ], [ -8192905.950435012578964, 5353848.624098002910614 ], [ -8193154.482481067068875, 5353894.686790052801371 ], [ -8193400.263187553733587, 5353953.693517072126269 ], [ -8193642.618886641226709, 5354025.482545723207295 ], [ -8193880.885298203676939, 5354109.857107267715037 ], [ -8194114.409350568428636, 5354206.585936897434294 ], [ -8194342.550970541313291, 5354315.403907614760101 ], [ -8194564.684837798587978, 5354436.012756924144924 ], [ -8194780.20209885109216, 5354568.081904355436563 ], [ -8194988.512035866267979, 5354711.249357553198934 ], [ -8195189.04368578735739, 5354865.122704481706023 ], [ -8195381.247405298985541, 5355029.280188990756869 ], [ -8195564.596377367153764, 5355203.271866827271879 ], [ -8195738.588055203668773, 5355386.620838895440102 ], [ -8195902.745539712719619, 5355578.824558407068253 ], [ -8196056.618886641226709, 5355779.356208328157663 ], [ -8196199.786339838989079, 5355987.666145343333483 ], [ -8196331.855487270280719, 5356203.183406395837665 ], [ -8196452.464336579665542, 5356425.317273653112352 ], [ -8196561.282307296991348, 5356653.458893625997007 ], [ -8196658.011136926710606, 5356886.982945990748703 ], [ -8196742.385698471218348, 5357125.249357553198934 ], [ -8196814.174727122299373, 5357367.605056640692055 ], [ -8196873.181454141624272, 5357613.385763127356768 ], [ -8196919.244146191515028, 5357861.917809181846678 ], [ -8196952.236548637039959, 5358112.519985739141703 ], [ -8196972.068231593817472, 5358364.505409655161202 ], [ -8196978.684837798587978, 5358617.183406395837665 ], [ -8196972.068231593817472, 5358869.861403136514127 ], [ -8196952.236548637039959, 5359121.846827051602304 ], [ -8196919.244146191515028, 5359372.449003609828651 ], [ -8196873.181454141624272, 5359620.981049664318562 ], [ -8196814.174727122299373, 5359866.761756150983274 ], [ -8196742.385698471218348, 5360109.117455238476396 ], [ -8196658.011136926710606, 5360347.383866800926626 ], [ -8196561.282307296991348, 5360580.907919165678322 ], [ -8196452.464336579665542, 5360809.049539138562977 ], [ -8196331.855487270280719, 5361031.183406395837665 ], [ -8196199.786339838989079, 5361246.700667448341846 ], [ -8196056.618886641226709, 5361455.010604463517666 ], [ -8195902.745539712719619, 5361655.542254384607077 ], [ -8195738.588055203668773, 5361847.745973896235228 ], [ -8195564.596377367153764, 5362031.09494596440345 ], [ -8195381.247405298985541, 5362205.08662380091846 ], [ -8195189.04368578735739, 5362369.244108309969306 ], [ -8194988.512035866267979, 5362523.117455238476396 ], [ -8194780.20209885109216, 5362666.284908436238766 ], [ -8194564.684837798587978, 5362798.354055867530406 ], [ -8194342.550970541313291, 5362918.962905176915228 ], [ -8194114.409350568428636, 5363027.780875894241035 ], [ -8193880.885298203676939, 5363124.509705523960292 ], [ -8193642.618886641226709, 5363208.884267068468034 ], [ -8193400.263187553733587, 5363280.67329571954906 ], [ -8193154.482481067068875, 5363339.680022738873959 ], [ -8192905.950435012578964, 5363385.742714788764715 ], [ -8192655.34825845528394, 5363418.735117234289646 ], [ -8192403.362834539264441, 5363438.566800191067159 ], [ -8192150.684837798587978, 5363445.183406395837665 ], [ -8191898.006841057911515, 5363438.566800191067159 ], [ -8191646.021417142823339, 5363418.735117234289646 ], [ -8191395.419240584596992, 5363385.742714788764715 ], [ -8191146.887194530107081, 5363339.680022738873959 ], [ -8190901.106488043442369, 5363280.67329571954906 ], [ -8190658.750788955949247, 5363208.884267068468034 ], [ -8190420.484377393499017, 5363124.509705523960292 ], [ -8190186.96032502874732, 5363027.780875894241035 ], [ -8189958.818705055862665, 5362918.962905176915228 ], [ -8189736.684837798587978, 5362798.354055867530406 ], [ -8189521.167576746083796, 5362666.284908436238766 ], [ -8189312.857639730907977, 5362523.117455238476396 ], [ -8189112.325989809818566, 5362369.244108309969306 ], [ -8188920.122270298190415, 5362205.08662380091846 ], [ -8188736.773298230022192, 5362031.09494596440345 ], [ -8188562.781620393507183, 5361847.745973896235228 ], [ -8188398.624135884456336, 5361655.542254384607077 ], [ -8188244.750788955949247, 5361455.010604463517666 ], [ -8188101.583335758186877, 5361246.700667448341846 ], [ -8187969.514188326895237, 5361031.183406395837665 ], [ -8187848.905339017510414, 5360809.049539138562977 ], [ -8187740.087368300184608, 5360580.907919165678322 ], [ -8187643.35853867046535, 5360347.383866800926626 ], [ -8187558.983977125957608, 5360109.117455238476396 ], [ -8187487.194948474876583, 5359866.761756150983274 ], [ -8187428.188221455551684, 5359620.981049664318562 ], [ -8187382.125529405660927, 5359372.449003609828651 ], [ -8187349.133126960135996, 5359121.846827052533627 ], [ -8187329.301444003358483, 5358869.861403136514127 ], [ -8187322.684837798587978, 5358617.183406395837665 ] ] ] } },
{ "type": "Feature", "properties": { "facility_name": "Wheelabrator Westchester", "state": "NY" }, "geometry": { "type": "Polygon", "coordinates": [ [ [ -8226348.404003160074353, 5053292.851147344335914 ], [ -8226355.020609364844859, 5053040.173150603659451 ], [ -8226374.852292321622372, 5052788.187726687639952 ], [ -8226407.844694767147303, 5052537.585550130344927 ], [ -8226453.907386817038059, 5052289.053504075855017 ], [ -8226512.914113836362958, 5052043.272797589190304 ], [ -8226584.703142487443984, 5051800.917098501697183 ], [ -8226669.077704031951725, 5051562.650686939246953 ], [ -8226765.806533661670983, 5051329.126634574495256 ], [ -8226874.624504378996789, 5051100.985014601610601 ], [ -8226995.233353688381612, 5050878.851147344335914 ], [ -8227127.302501119673252, 5050663.333886291831732 ], [ -8227270.469954317435622, 5050455.023949276655912 ], [ -8227424.343301245942712, 5050254.492299355566502 ], [ -8227588.500785754993558, 5050062.288579843938351 ], [ -8227762.492463591508567, 5049878.939607775770128 ], [ -8227945.84143565967679, 5049704.947929939255118 ], [ -8228138.045155171304941, 5049540.790445430204272 ], [ -8228338.576805092394352, 5049386.917098501697183 ], [ -8228546.886742107570171, 5049243.749645303934813 ], [ -8228762.404003160074353, 5049111.680497872643173 ], [ -8228984.537870417349041, 5048991.07164856325835 ], [ -8229212.679490390233696, 5048882.253677845932543 ], [ -8229446.203542754985392, 5048785.524848216213286 ], [ -8229684.469954317435622, 5048701.150286671705544 ], [ -8229926.825653404928744, 5048629.361258020624518 ], [ -8230172.606359891593456, 5048570.35453100129962 ], [ -8230421.138405946083367, 5048524.291838951408863 ], [ -8230671.740582503378391, 5048491.299436505883932 ], [ -8230923.726006419397891, 5048471.467753549106419 ], [ -8231176.404003160074353, 5048464.851147344335914 ], [ -8231429.081999900750816, 5048471.467753549106419 ], [ -8231681.067423816770315, 5048491.299436505883932 ], [ -8231931.66960037406534, 5048524.291838951408863 ], [ -8232180.20164642855525, 5048570.35453100129962 ], [ -8232425.982352915219963, 5048629.361258020624518 ], [ -8232668.338052002713084, 5048701.150286671705544 ], [ -8232906.604463565163314, 5048785.524848216213286 ], [ -8233140.128515929915011, 5048882.253677845932543 ], [ -8233368.270135902799666, 5048991.07164856325835 ], [ -8233590.404003160074353, 5049111.680497872643173 ], [ -8233805.921264212578535, 5049243.749645303934813 ], [ -8234014.231201227754354, 5049386.917098501697183 ], [ -8234214.762851148843765, 5049540.790445430204272 ], [ -8234406.966570660471916, 5049704.947929939255118 ], [ -8234590.315542728640139, 5049878.939607775770128 ], [ -8234764.307220565155149, 5050062.288579843938351 ], [ -8234928.464705074205995, 5050254.492299355566502 ], [ -8235082.338052002713084, 5050455.023949276655912 ], [ -8235225.505505200475454, 5050663.333886291831732 ], [ -8235357.574652631767094, 5050878.851147344335914 ], [ -8235478.183501941151917, 5051100.985014601610601 ], [ -8235587.001472658477724, 5051329.126634574495256 ], [ -8235683.730302288196981, 5051562.650686939246953 ], [ -8235768.104863832704723, 5051800.917098501697183 ], [ -8235839.893892483785748, 5052043.272797589190304 ], [ -8235898.900619503110647, 5052289.053504075855017 ], [ -8235944.963311553001404, 5052537.585550130344927 ], [ -8235977.955713998526335, 5052788.187726687639952 ], [ -8235997.787396955303848, 5053040.173150603659451 ], [ -8236004.404003160074353, 5053292.851147344335914 ], [ -8235997.787396955303848, 5053545.529144085012376 ], [ -8235977.955713998526335, 5053797.514568000100553 ], [ -8235944.963311553001404, 5054048.1167445583269 ], [ -8235898.900619503110647, 5054296.648790612816811 ], [ -8235839.893892483785748, 5054542.429497099481523 ], [ -8235768.104863832704723, 5054784.785196186974645 ], [ -8235683.730302288196981, 5055023.051607749424875 ], [ -8235587.001472658477724, 5055256.575660114176571 ], [ -8235478.183501941151917, 5055484.717280087061226 ], [ -8235357.574652631767094, 5055706.851147344335914 ], [ -8235225.505505200475454, 5055922.368408396840096 ], [ -8235082.338052002713084, 5056130.678345412015915 ], [ -8234928.464705074205995, 5056331.209995333105326 ], [ -8234764.307220565155149, 5056523.413714844733477 ], [ -8234590.315542728640139, 5056706.7626869129017 ], [ -8234406.966570660471916, 5056880.754364749416709 ], [ -8234214.762851148843765, 5057044.911849258467555 ], [ -8234014.231201227754354, 5057198.785196186974645 ], [ -8233805.921264212578535, 5057341.952649384737015 ], [ -8233590.404003160074353, 5057474.021796816028655 ], [ -8233368.270135902799666, 5057594.630646125413477 ], [ -8233140.128515929915011, 5057703.448616842739284 ], [ -8232906.604463565163314, 5057800.177446472458541 ], [ -8232668.338052002713084, 5057884.552008016966283 ], [ -8232425.982352915219963, 5057956.341036668047309 ], [ -8232180.20164642855525, 5058015.347763687372208 ], [ -8231931.66960037406534, 5058061.410455737262964 ], [ -8231681.067423816770315, 5058094.402858182787895 ], [ -8231429.081999900750816, 5058114.234541139565408 ], [ -8231176.404003160074353, 5058120.851147344335914 ], [ -8230923.726006419397891, 5058114.234541139565408 ], [ -8230671.740582504309714, 5058094.402858182787895 ], [ -8230421.138405946083367, 5058061.410455737262964 ], [ -8230172.606359891593456, 5058015.347763687372208 ], [ -8229926.825653404928744, 5057956.341036668047309 ], [ -8229684.469954317435622, 5057884.552008016966283 ], [ -8229446.203542754985392, 5057800.177446472458541 ], [ -8229212.679490390233696, 5057703.448616842739284 ], [ -8228984.537870417349041, 5057594.630646125413477 ], [ -8228762.404003160074353, 5057474.021796816028655 ], [ -8228546.886742107570171, 5057341.952649384737015 ], [ -8228338.576805092394352, 5057198.785196186974645 ], [ -8228138.045155171304941, 5057044.911849258467555 ], [ -8227945.84143565967679, 5056880.754364749416709 ], [ -8227762.492463591508567, 5056706.7626869129017 ], [ -8227588.500785754993558, 5056523.413714844733477 ], [ -8227424.343301245942712, 5056331.209995333105326 ], [ -8227270.469954317435622, 5056130.678345412015915 ], [ -8227127.302501119673252, 5055922.368408396840096 ], [ -8226995.233353688381612, 5055706.851147344335914 ], [ -8226874.624504378996789, 5055484.717280087061226 ], [ -8226765.806533661670983, 5055256.575660114176571 ], [ -8226669.077704031951725, 5055023.051607749424875 ], [ -8226584.703142487443984, 5054784.785196186974645 ], [ -8226512.914113836362958, 5054542.429497099481523 ], [ -8226453.907386817038059, 5054296.648790612816811 ], [ -8226407.844694767147303, 5054048.1167445583269 ], [ -8226374.852292321622372, 5053797.514568001031876 ], [ -8226355.020609364844859, 5053545.529144085012376 ], [ -8226348.404003160074353, 5053292.851147344335914 ] ] ] } },
{ "type": "Feature", "properties": { "facility_name": "Covanta Tulsa Renewable Energy Facility", "state": "NY" }, "geometry": { "type": "Polygon", "coordinates": [ [ [ -10683832.061496265232563, 4318821.930889345705509 ], [ -10683838.678102470934391, 4318569.252892605029047 ], [ -10683858.509785426780581, 4318317.267468689009547 ], [ -10683891.502187872305512, 4318066.665292131714523 ], [ -10683937.564879922196269, 4317818.133246077224612 ], [ -10683996.571606941521168, 4317572.3525395905599 ], [ -10684068.360635591670871, 4317329.996840503066778 ], [ -10684152.735197136178613, 4317091.730428940616548 ], [ -10684249.46402676589787, 4316858.206376575864851 ], [ -10684358.281997483223677, 4316630.064756602980196 ], [ -10684478.890846794471145, 4316407.930889345705509 ], [ -10684610.959994224831462, 4316192.413628293201327 ], [ -10684754.127447422593832, 4315984.103691278025508 ], [ -10684908.000794351100922, 4315783.572041356936097 ], [ -10685072.158278860151768, 4315591.368321845307946 ], [ -10685246.149956695735455, 4315408.019349777139723 ], [ -10685429.498928764835, 4315234.027671940624714 ], [ -10685621.702648276463151, 4315069.870187431573868 ], [ -10685822.234298197552562, 4314915.996840503066778 ], [ -10686030.544235212728381, 4314772.829387305304408 ], [ -10686246.061496265232563, 4314640.760239874012768 ], [ -10686468.195363523438573, 4314520.151390564627945 ], [ -10686696.336983494460583, 4314411.333419847302139 ], [ -10686929.861035861074924, 4314314.604590217582881 ], [ -10687168.127447422593832, 4314230.23002867307514 ], [ -10687410.483146511018276, 4314158.441000021994114 ], [ -10687656.263852996751666, 4314099.434273002669215 ], [ -10687904.795899050310254, 4314053.371580952778459 ], [ -10688155.398075608536601, 4314020.379178507253528 ], [ -10688407.383499523624778, 4314000.547495550476015 ], [ -10688660.061496265232563, 4313993.930889345705509 ], [ -10688912.739493006840348, 4314000.547495550476015 ], [ -10689164.724916921928525, 4314020.379178507253528 ], [ -10689415.327093480154872, 4314053.371580952778459 ], [ -10689663.85913953371346, 4314099.434273002669215 ], [ -10689909.63984601944685, 4314158.441000021994114 ], [ -10690151.995545107871294, 4314230.23002867307514 ], [ -10690390.261956669390202, 4314314.604590217582881 ], [ -10690623.786009036004543, 4314411.333419847302139 ], [ -10690851.927629007026553, 4314520.151390564627945 ], [ -10691074.061496265232563, 4314640.760239874012768 ], [ -10691289.578757317736745, 4314772.829387305304408 ], [ -10691497.888694332912564, 4314915.996840503066778 ], [ -10691698.420344254001975, 4315069.870187431573868 ], [ -10691890.624063765630126, 4315234.027671940624714 ], [ -10692073.973035834729671, 4315408.019349777139723 ], [ -10692247.964713670313358, 4315591.368321845307946 ], [ -10692412.122198179364204, 4315783.572041356936097 ], [ -10692565.995545107871294, 4315984.103691278025508 ], [ -10692709.162998305633664, 4316192.413628293201327 ], [ -10692841.232145735993981, 4316407.930889345705509 ], [ -10692961.840995047241449, 4316630.064756602980196 ], [ -10693070.658965764567256, 4316858.206376575864851 ], [ -10693167.387795394286513, 4317091.730428940616548 ], [ -10693251.762356938794255, 4317329.996840503066778 ], [ -10693323.551385588943958, 4317572.3525395905599 ], [ -10693382.558112608268857, 4317818.133246077224612 ], [ -10693428.620804658159614, 4318066.665292131714523 ], [ -10693461.613207103684545, 4318317.267468689009547 ], [ -10693481.444890059530735, 4318569.252892605029047 ], [ -10693488.061496265232563, 4318821.930889345705509 ], [ -10693481.444890059530735, 4319074.608886086381972 ], [ -10693461.613207103684545, 4319326.594310001470149 ], [ -10693428.620804658159614, 4319577.196486559696496 ], [ -10693382.558112608268857, 4319825.728532614186406 ], [ -10693323.551385588943958, 4320071.509239100851119 ], [ -10693251.762356938794255, 4320313.86493818834424 ], [ -10693167.387795394286513, 4320552.13134975079447 ], [ -10693070.658965764567256, 4320785.655402115546167 ], [ -10692961.840995047241449, 4321013.797022088430822 ], [ -10692841.232145735993981, 4321235.930889345705509 ], [ -10692709.162998305633664, 4321451.448150398209691 ], [ -10692565.995545107871294, 4321659.75808741338551 ], [ -10692412.122198179364204, 4321860.289737334474921 ], [ -10692247.964713670313358, 4322052.493456846103072 ], [ -10692073.973035834729671, 4322235.842428914271295 ], [ -10691890.624063765630126, 4322409.834106750786304 ], [ -10691698.420344254001975, 4322573.991591259837151 ], [ -10691497.888694332912564, 4322727.86493818834424 ], [ -10691289.578757317736745, 4322871.03239138610661 ], [ -10691074.061496265232563, 4323003.10153881739825 ], [ -10690851.927629007026553, 4323123.710388126783073 ], [ -10690623.786009036004543, 4323232.52835884410888 ], [ -10690390.261956669390202, 4323329.257188473828137 ], [ -10690151.995545107871294, 4323413.631750018335879 ], [ -10689909.63984601944685, 4323485.420778669416904 ], [ -10689663.85913953371346, 4323544.427505688741803 ], [ -10689415.327093480154872, 4323590.49019773863256 ], [ -10689164.724916921928525, 4323623.482600184157491 ], [ -10688912.739493006840348, 4323643.314283140935004 ], [ -10688660.061496265232563, 4323649.930889345705509 ], [ -10688407.383499523624778, 4323643.314283140935004 ], [ -10688155.398075608536601, 4323623.482600184157491 ], [ -10687904.795899050310254, 4323590.49019773863256 ], [ -10687656.263852996751666, 4323544.427505688741803 ], [ -10687410.483146511018276, 4323485.420778669416904 ], [ -10687168.127447422593832, 4323413.631750018335879 ], [ -10686929.861035861074924, 4323329.257188473828137 ], [ -10686696.336983494460583, 4323232.52835884410888 ], [ -10686468.195363523438573, 4323123.710388126783073 ], [ -10686246.061496265232563, 4323003.10153881739825 ], [ -10686030.544235212728381, 4322871.03239138610661 ], [ -10685822.234298197552562, 4322727.86493818834424 ], [ -10685621.702648276463151, 4322573.991591259837151 ], [ -10685429.498928764835, 4322409.834106750786304 ], [ -10685246.149956695735455, 4322235.842428914271295 ], [ -10685072.158278860151768, 4322052.493456846103072 ], [ -10684908.000794351100922, 4321860.289737334474921 ], [ -10684754.127447422593832, 4321659.75808741338551 ], [ -10684610.959994224831462, 4321451.448150398209691 ], [ -10684478.890846794471145, 4321235.930889345705509 ], [ -10684358.281997483223677, 4321013.797022088430822 ], [ -10684249.46402676589787, 4320785.655402115546167 ], [ -10684152.735197136178613, 4320552.13134975079447 ], [ -10684068.360635591670871, 4320313.86493818834424 ], [ -10683996.571606941521168, 4320071.509239100851119 ], [ -10683937.564879922196269, 4319825.728532614186406 ], [ -10683891.502187872305512, 4319577.196486559696496 ], [ -10683858.509785426780581, 4319326.594310002401471 ], [ -10683838.678102470934391, 4319074.608886086381972 ], [ -10683832.061496265232563, 4318821.930889345705509 ] ] ] } },
{ "type": "Feature", "properties": { "facility_name": "Marion County Solid Waste-to-Energy Facility", "state": "OR" }, "geometry": { "type": "Polygon", "coordinates": [ [ [ -13683321.492026200518012, 5629102.227484482340515 ], [ -13683328.10863240621984, 5628849.549487741664052 ], [ -13683347.940315362066031, 5628597.564063825644553 ], [ -13683380.932717807590961, 5628346.961887268349528 ], [ -13683426.995409857481718, 5628098.429841213859618 ], [ -13683486.002136876806617, 5627852.649134727194905 ], [ -13683557.79116552695632, 5627610.293435639701784 ], [ -13683642.165727071464062, 5627372.027024077251554 ], [ -13683738.894556701183319, 5627138.502971712499857 ], [ -13683847.712527418509126, 5626910.361351739615202 ], [ -13683968.321376729756594, 5626688.227484482340515 ], [ -13684100.390524160116911, 5626472.710223429836333 ], [ -13684243.557977357879281, 5626264.400286414660513 ], [ -13684397.431324286386371, 5626063.868636493571103 ], [ -13684561.588808795437217, 5625871.664916981942952 ], [ -13684735.580486631020904, 5625688.315944913774729 ], [ -13684918.929458700120449, 5625514.324267077259719 ], [ -13685111.1331782117486, 5625350.166782568208873 ], [ -13685311.664828132838011, 5625196.293435639701784 ], [ -13685519.97476514801383, 5625053.125982441939414 ], [ -13685735.492026200518012, 5624921.056835010647774 ], [ -13685957.625893458724022, 5624800.447985701262951 ], [ -13686185.767513429746032, 5624691.630014983937144 ], [ -13686419.291565796360373, 5624594.901185354217887 ], [ -13686657.557977357879281, 5624510.526623809710145 ], [ -13686899.913676446303725, 5624438.737595158629119 ], [ -13687145.694382932037115, 5624379.730868139304221 ], [ -13687394.226428985595703, 5624333.668176089413464 ], [ -13687644.82860554382205, 5624300.675773643888533 ], [ -13687896.814029458910227, 5624280.84409068711102 ], [ -13688149.492026200518012, 5624274.227484482340515 ], [ -13688402.170022942125797, 5624280.84409068711102 ], [ -13688654.155446857213974, 5624300.675773643888533 ], [ -13688904.757623415440321, 5624333.668176089413464 ], [ -13689153.289669468998909, 5624379.730868139304221 ], [ -13689399.070375954732299, 5624438.737595158629119 ], [ -13689641.426075043156743, 5624510.526623809710145 ], [ -13689879.692486604675651, 5624594.901185354217887 ], [ -13690113.216538971289992, 5624691.630014983937144 ], [ -13690341.358158942312002, 5624800.447985701262951 ], [ -13690563.492026200518012, 5624921.056835010647774 ], [ -13690779.009287253022194, 5625053.125982441939414 ], [ -13690987.319224268198013, 5625196.293435639701784 ], [ -13691187.850874189287424, 5625350.166782568208873 ], [ -13691380.054593700915575, 5625514.324267077259719 ], [ -13691563.403565770015121, 5625688.315944913774729 ], [ -13691737.395243605598807, 5625871.664916981942952 ], [ -13691901.552728114649653, 5626063.868636493571103 ], [ -13692055.426075043156743, 5626264.400286414660513 ], [ -13692198.593528240919113, 5626472.710223429836333 ], [ -13692330.66267567127943, 5626688.227484482340515 ], [ -13692451.271524982526898, 5626910.361351739615202 ], [ -13692560.089495699852705, 5627138.502971712499857 ], [ -13692656.818325329571962, 5627372.027024077251554 ], [ -13692741.192886874079704, 5627610.293435639701784 ], [ -13692812.981915524229407, 5627852.649134727194905 ], [ -13692871.988642543554306, 5628098.429841213859618 ], [ -13692918.051334593445063, 5628346.961887268349528 ], [ -13692951.043737038969994, 5628597.564063825644553 ], [ -13692970.875419994816184, 5628849.549487741664052 ], [ -13692977.492026200518012, 5629102.227484482340515 ], [ -13692970.875419994816184, 5629354.905481223016977 ], [ -13692951.043737038969994, 5629606.890905138105154 ], [ -13692918.051334593445063, 5629857.493081696331501 ], [ -13692871.988642543554306, 5630106.025127750821412 ], [ -13692812.981915524229407, 5630351.805834237486124 ], [ -13692741.192886874079704, 5630594.161533324979246 ], [ -13692656.818325329571962, 5630832.427944887429476 ], [ -13692560.089495699852705, 5631065.951997252181172 ], [ -13692451.271524982526898, 5631294.093617225065827 ], [ -13692330.66267567127943, 5631516.227484482340515 ], [ -13692198.593528240919113, 5631731.744745534844697 ], [ -13692055.426075043156743, 5631940.054682550020516 ], [ -13691901.552728114649653, 5632140.586332471109927 ], [ -13691737.395243605598807, 5632332.790051982738078 ], [ -13691563.403565770015121, 5632516.139024050906301 ], [ -13691380.054593700915575, 5632690.13070188742131 ], [ -13691187.850874189287424, 5632854.288186396472156 ], [ -13690987.319224268198013, 5633008.161533324979246 ], [ -13690779.009287253022194, 5633151.328986522741616 ], [ -13690563.492026200518012, 5633283.398133954033256 ], [ -13690341.358158942312002, 5633404.006983263418078 ], [ -13690113.216538971289992, 5633512.824953980743885 ], [ -13689879.692486604675651, 5633609.553783610463142 ], [ -13689641.426075043156743, 5633693.928345154970884 ], [ -13689399.070375954732299, 5633765.71737380605191 ], [ -13689153.289669468998909, 5633824.724100825376809 ], [ -13688904.757623415440321, 5633870.786792875267565 ], [ -13688654.155446857213974, 5633903.779195320792496 ], [ -13688402.170022942125797, 5633923.610878277570009 ], [ -13688149.492026200518012, 5633930.227484482340515 ], [ -13687896.814029458910227, 5633923.610878277570009 ], [ -13687644.82860554382205, 5633903.779195320792496 ], [ -13687394.226428985595703, 5633870.786792875267565 ], [ -13687145.694382932037115, 5633824.724100825376809 ], [ -13686899.913676446303725, 5633765.71737380605191 ], [ -13686657.557977357879281, 5633693.928345154970884 ], [ -13686419.291565796360373, 5633609.553783610463142 ], [ -13686185.767513429746032, 5633512.824953980743885 ], [ -13685957.625893458724022, 5633404.006983263418078 ], [ -13685735.492026200518012, 5633283.398133954033256 ], [ -13685519.97476514801383, 5633151.328986522741616 ], [ -13685311.664828132838011, 5633008.161533324979246 ], [ -13685111.1331782117486, 5632854.288186396472156 ], [ -13684918.929458700120449, 5632690.13070188742131 ], [ -13684735.580486631020904, 5632516.139024050906301 ], [ -13684561.588808795437217, 5632332.790051982738078 ], [ -13684397.431324286386371, 5632140.586332471109927 ], [ -13684243.557977357879281, 5631940.054682550020516 ], [ -13684100.390524160116911, 5631731.744745534844697 ], [ -13683968.321376729756594, 5631516.227484482340515 ], [ -13683847.712527418509126, 5631294.093617225065827 ], [ -13683738.894556701183319, 5631065.951997252181172 ], [ -13683642.165727071464062, 5630832.427944887429476 ], [ -13683557.79116552695632, 5630594.161533324979246 ], [ -13683486.002136876806617, 5630351.805834237486124 ], [ -13683426.995409857481718, 5630106.025127750821412 ], [ -13683380.932717807590961, 5629857.493081696331501 ], [ -13683347.940315362066031, 5629606.890905139036477 ], [ -13683328.10863240621984, 5629354.905481223016977 ], [ -13683321.492026200518012, 5629102.227484482340515 ] ] ] } },
{ "type": "Feature", "properties": { "facility_name": "Covanta Plymouth Renewable Energy", "state": "PA" }, "geometry": { "type": "Polygon", "coordinates": [ [ [ -8379383.894359693862498, 4879303.987864639610052 ], [ -8379390.510965898633003, 4879051.309867898933589 ], [ -8379410.342648855410516, 4878799.32444398291409 ], [ -8379443.335051300935447, 4878548.722267425619066 ], [ -8379489.397743350826204, 4878300.190221371129155 ], [ -8379548.404470370151103, 4878054.409514884464443 ], [ -8379620.193499021232128, 4877812.053815796971321 ], [ -8379704.56806056573987, 4877573.787404234521091 ], [ -8379801.296890195459127, 4877340.263351869769394 ], [ -8379910.114860912784934, 4877112.121731896884739 ], [ -8380030.723710222169757, 4876889.987864639610052 ], [ -8380162.792857653461397, 4876674.47060358710587 ], [ -8380305.960310851223767, 4876466.160666571930051 ], [ -8380459.833657779730856, 4876265.62901665084064 ], [ -8380623.991142288781703, 4876073.425297139212489 ], [ -8380797.982820125296712, 4875890.076325071044266 ], [ -8380981.331792193464935, 4875716.084647234529257 ], [ -8381173.535511705093086, 4875551.927162725478411 ], [ -8381374.067161626182497, 4875398.053815796971321 ], [ -8381582.377098641358316, 4875254.886362599208951 ], [ -8381797.894359693862498, 4875122.817215167917311 ], [ -8382020.028226951137185, 4875002.208365858532488 ], [ -8382248.16984692402184, 4874893.390395141206682 ], [ -8382481.693899288773537, 4874796.661565511487424 ], [ -8382719.960310851223767, 4874712.287003966979682 ], [ -8382962.316009938716888, 4874640.497975315898657 ], [ -8383208.096716425381601, 4874581.491248296573758 ], [ -8383456.628762479871511, 4874535.428556246683002 ], [ -8383707.230939037166536, 4874502.436153801158071 ], [ -8383959.216362953186035, 4874482.604470844380558 ], [ -8384211.894359693862498, 4874475.987864639610052 ], [ -8384464.57235643453896, 4874482.604470844380558 ], [ -8384716.557780349627137, 4874502.436153801158071 ], [ -8384967.159956907853484, 4874535.428556246683002 ], [ -8385215.692002962343395, 4874581.491248296573758 ], [ -8385461.472709449008107, 4874640.497975315898657 ], [ -8385703.828408536501229, 4874712.287003966979682 ], [ -8385942.094820098951459, 4874796.661565511487424 ], [ -8386175.618872463703156, 4874893.390395141206682 ], [ -8386403.760492436587811, 4875002.208365858532488 ], [ -8386625.894359693862498, 4875122.817215167917311 ], [ -8386841.41162074636668, 4875254.886362599208951 ], [ -8387049.721557761542499, 4875398.053815796971321 ], [ -8387250.25320768263191, 4875551.927162725478411 ], [ -8387442.456927194260061, 4875716.084647234529257 ], [ -8387625.805899262428284, 4875890.076325071044266 ], [ -8387799.797577098943293, 4876073.425297139212489 ], [ -8387963.955061607994139, 4876265.62901665084064 ], [ -8388117.828408536501229, 4876466.160666571930051 ], [ -8388260.995861734263599, 4876674.47060358710587 ], [ -8388393.065009165555239, 4876889.987864639610052 ], [ -8388513.673858474940062, 4877112.121731896884739 ], [ -8388622.491829192265868, 4877340.263351869769394 ], [ -8388719.220658821985126, 4877573.787404234521091 ], [ -8388803.595220366492867, 4877812.053815796971321 ], [ -8388875.38424901664257, 4878054.409514884464443 ], [ -8388934.390976035967469, 4878300.190221371129155 ], [ -8388980.453668087720871, 4878548.722267425619066 ], [ -8389013.446070531383157, 4878799.32444398291409 ], [ -8389033.277753489091992, 4879051.309867898933589 ], [ -8389039.894359692931175, 4879303.987864639610052 ], [ -8389033.277753489091992, 4879556.665861380286515 ], [ -8389013.446070531383157, 4879808.651285295374691 ], [ -8388980.453668087720871, 4880059.253461853601038 ], [ -8388934.390976035967469, 4880307.785507908090949 ], [ -8388875.38424901664257, 4880553.566214394755661 ], [ -8388803.595220366492867, 4880795.921913482248783 ], [ -8388719.220658821985126, 4881034.188325044699013 ], [ -8388622.491829192265868, 4881267.71237740945071 ], [ -8388513.673858474940062, 4881495.853997382335365 ], [ -8388393.065009165555239, 4881717.987864639610052 ], [ -8388260.995861734263599, 4881933.505125692114234 ], [ -8388117.828408536501229, 4882141.815062707290053 ], [ -8387963.955061607994139, 4882342.346712628379464 ], [ -8387799.797577098943293, 4882534.550432140007615 ], [ -8387625.805899262428284, 4882717.899404208175838 ], [ -8387442.456927194260061, 4882891.891082044690847 ], [ -8387250.25320768263191, 4883056.048566553741693 ], [ -8387049.721557761542499, 4883209.921913482248783 ], [ -8386841.41162074636668, 4883353.089366680011153 ], [ -8386625.894359693862498, 4883485.158514111302793 ], [ -8386403.760492436587811, 4883605.767363420687616 ], [ -8386175.618872463703156, 4883714.585334138013422 ], [ -8385942.094820098951459, 4883811.31416376773268 ], [ -8385703.828408536501229, 4883895.688725312240422 ], [ -8385461.472709449008107, 4883967.477753963321447 ], [ -8385215.692002962343395, 4884026.484480982646346 ], [ -8384967.159956907853484, 4884072.547173032537103 ], [ -8384716.55778035055846, 4884105.539575478062034 ], [ -8384464.57235643453896, 4884125.371258434839547 ], [ -8384211.894359693862498, 4884131.987864639610052 ], [ -8383959.216362953186035, 4884125.371258434839547 ], [ -8383707.230939038097858, 4884105.539575478062034 ], [ -8383456.628762479871511, 4884072.547173032537103 ], [ -8383208.096716425381601, 4884026.484480982646346 ], [ -8382962.316009938716888, 4883967.477753963321447 ], [ -8382719.960310851223767, 4883895.688725312240422 ], [ -8382481.693899288773537, 4883811.31416376773268 ], [ -8382248.16984692402184, 4883714.585334138013422 ], [ -8382020.028226951137185, 4883605.767363420687616 ], [ -8381797.894359693862498, 4883485.158514111302793 ], [ -8381582.377098641358316, 4883353.089366680011153 ], [ -8381374.067161626182497, 4883209.921913482248783 ], [ -8381173.535511705093086, 4883056.048566553741693 ], [ -8380981.331792193464935, 4882891.891082044690847 ], [ -8380797.982820125296712, 4882717.899404208175838 ], [ -8380623.991142288781703, 4882534.550432140007615 ], [ -8380459.833657779730856, 4882342.346712628379464 ], [ -8380305.960310851223767, 4882141.815062707290053 ], [ -8380162.792857653461397, 4881933.505125692114234 ], [ -8380030.723710222169757, 4881717.987864639610052 ], [ -8379910.114860912784934, 4881495.853997382335365 ], [ -8379801.296890195459127, 4881267.71237740945071 ], [ -8379704.56806056573987, 4881034.188325044699013 ], [ -8379620.193499021232128, 4880795.921913482248783 ], [ -8379548.404470370151103, 4880553.566214394755661 ], [ -8379489.397743350826204, 4880307.785507908090949 ], [ -8379443.335051300935447, 4880059.253461853601038 ], [ -8379410.342648855410516, 4879808.651285296306014 ], [ -8379390.510965898633003, 4879556.665861380286515 ], [ -8379383.894359693862498, 4879303.987864639610052 ] ] ] } },
{ "type": "Feature", "properties": { "facility_name": "Delaware Valley Resource Recovery Facility ", "state": "PA" }, "geometry": { "type": "Polygon", "coordinates": [ [ [ -8387370.17726818472147, 4840762.511967210099101 ], [ -8387376.793874389491975, 4840509.833970469422638 ], [ -8387396.625557346269488, 4840257.848546553403139 ], [ -8387429.617959791794419, 4840007.246369996108115 ], [ -8387475.680651841685176, 4839758.714323941618204 ], [ -8387534.687378861010075, 4839512.933617454953492 ], [ -8387606.4764075120911, 4839270.57791836746037 ], [ -8387690.850969056598842, 4839032.31150680501014 ], [ -8387787.579798686318099, 4838798.787454440258443 ], [ -8387896.397769403643906, 4838570.645834467373788 ], [ -8388017.006618713028729, 4838348.511967210099101 ], [ -8388149.075766144320369, 4838132.994706157594919 ], [ -8388292.243219342082739, 4837924.6847691424191 ], [ -8388446.116566270589828, 4837724.153119221329689 ], [ -8388610.274050779640675, 4837531.949399709701538 ], [ -8388784.265728615224361, 4837348.600427641533315 ], [ -8388967.614700684323907, 4837174.608749805018306 ], [ -8389159.818420195952058, 4837010.45126529596746 ], [ -8389360.350070117041469, 4836856.57791836746037 ], [ -8389568.660007132217288, 4836713.410465169698 ], [ -8389784.17726818472147, 4836581.34131773840636 ], [ -8390006.31113544292748, 4836460.732468429021537 ], [ -8390234.45275541394949, 4836351.914497711695731 ], [ -8390467.976807780563831, 4836255.185668081976473 ], [ -8390706.243219342082739, 4836170.811106537468731 ], [ -8390948.598918430507183, 4836099.022077886387706 ], [ -8391194.379624916240573, 4836040.015350867062807 ], [ -8391442.911670969799161, 4835993.95265881717205 ], [ -8391693.513847528025508, 4835960.96025637164712 ], [ -8391945.499271443113685, 4835941.128573414869606 ], [ -8392198.17726818472147, 4835934.511967210099101 ], [ -8392450.855264926329255, 4835941.128573414869606 ], [ -8392702.840688841417432, 4835960.96025637164712 ], [ -8392953.442865399643779, 4835993.95265881717205 ], [ -8393201.974911453202367, 4836040.015350867062807 ], [ -8393447.755617938935757, 4836099.022077886387706 ], [ -8393690.111317027360201, 4836170.811106537468731 ], [ -8393928.377728588879108, 4836255.185668081976473 ], [ -8394161.90178095549345, 4836351.914497711695731 ], [ -8394390.04340092651546, 4836460.732468429021537 ], [ -8394612.17726818472147, 4836581.34131773840636 ], [ -8394827.694529237225652, 4836713.410465169698 ], [ -8395036.004466252401471, 4836856.57791836746037 ], [ -8395236.536116173490882, 4837010.45126529596746 ], [ -8395428.739835685119033, 4837174.608749805018306 ], [ -8395612.088807754218578, 4837348.600427641533315 ], [ -8395786.080485589802265, 4837531.949399709701538 ], [ -8395950.237970098853111, 4837724.153119221329689 ], [ -8396104.111317027360201, 4837924.6847691424191 ], [ -8396247.278770225122571, 4838132.994706157594919 ], [ -8396379.347917655482888, 4838348.511967210099101 ], [ -8396499.956766966730356, 4838570.645834467373788 ], [ -8396608.774737684056163, 4838798.787454440258443 ], [ -8396705.50356731377542, 4839032.31150680501014 ], [ -8396789.878128858283162, 4839270.57791836746037 ], [ -8396861.667157508432865, 4839512.933617454953492 ], [ -8396920.673884527757764, 4839758.714323941618204 ], [ -8396966.73657657764852, 4840007.246369996108115 ], [ -8396999.728979023173451, 4840257.848546553403139 ], [ -8397019.560661979019642, 4840509.833970469422638 ], [ -8397026.17726818472147, 4840762.511967210099101 ], [ -8397019.560661979019642, 4841015.189963950775564 ], [ -8396999.728979023173451, 4841267.17538786586374 ], [ -8396966.73657657764852, 4841517.777564424090087 ], [ -8396920.673884527757764, 4841766.309610478579998 ], [ -8396861.667157508432865, 4842012.09031696524471 ], [ -8396789.878128858283162, 4842254.446016052737832 ], [ -8396705.50356731377542, 4842492.712427615188062 ], [ -8396608.774737684056163, 4842726.236479979939759 ], [ -8396499.956766966730356, 4842954.378099952824414 ], [ -8396379.347917655482888, 4843176.511967210099101 ], [ -8396247.278770225122571, 4843392.029228262603283 ], [ -8396104.111317027360201, 4843600.339165277779102 ], [ -8395950.237970098853111, 4843800.870815198868513 ], [ -8395786.080485589802265, 4843993.074534710496664 ], [ -8395612.088807754218578, 4844176.423506778664887 ], [ -8395428.739835685119033, 4844350.415184615179896 ], [ -8395236.536116173490882, 4844514.572669124230742 ], [ -8395036.004466252401471, 4844668.446016052737832 ], [ -8394827.694529237225652, 4844811.613469250500202 ], [ -8394612.17726818472147, 4844943.682616681791842 ], [ -8394390.04340092651546, 4845064.291465991176665 ], [ -8394161.90178095549345, 4845173.109436708502471 ], [ -8393928.377728588879108, 4845269.838266338221729 ], [ -8393690.111317027360201, 4845354.212827882729471 ], [ -8393447.755617938935757, 4845426.001856533810496 ], [ -8393201.974911453202367, 4845485.008583553135395 ], [ -8392953.442865399643779, 4845531.071275603026152 ], [ -8392702.840688841417432, 4845564.063678048551083 ], [ -8392450.855264926329255, 4845583.895361005328596 ], [ -8392198.17726818472147, 4845590.511967210099101 ], [ -8391945.499271443113685, 4845583.895361005328596 ], [ -8391693.513847528025508, 4845564.063678048551083 ], [ -8391442.911670969799161, 4845531.071275603026152 ], [ -8391194.379624916240573, 4845485.008583553135395 ], [ -8390948.598918430507183, 4845426.001856533810496 ], [ -8390706.243219342082739, 4845354.212827882729471 ], [ -8390467.976807780563831, 4845269.838266338221729 ], [ -8390234.45275541394949, 4845173.109436708502471 ], [ -8390006.31113544292748, 4845064.291465991176665 ], [ -8389784.17726818472147, 4844943.682616681791842 ], [ -8389568.660007132217288, 4844811.613469250500202 ], [ -8389360.350070117041469, 4844668.446016052737832 ], [ -8389159.818420195952058, 4844514.572669124230742 ], [ -8388967.614700684323907, 4844350.415184615179896 ], [ -8388784.265728615224361, 4844176.423506778664887 ], [ -8388610.274050779640675, 4843993.074534710496664 ], [ -8388446.116566270589828, 4843800.870815198868513 ], [ -8388292.243219342082739, 4843600.339165277779102 ], [ -8388149.075766144320369, 4843392.029228262603283 ], [ -8388017.006618713028729, 4843176.511967210099101 ], [ -8387896.397769403643906, 4842954.378099952824414 ], [ -8387787.579798686318099, 4842726.236479979939759 ], [ -8387690.850969056598842, 4842492.712427615188062 ], [ -8387606.4764075120911, 4842254.446016052737832 ], [ -8387534.687378861010075, 4842012.09031696524471 ], [ -8387475.680651841685176, 4841766.309610478579998 ], [ -8387429.617959791794419, 4841517.777564424090087 ], [ -8387396.625557346269488, 4841267.175387866795063 ], [ -8387376.793874389491975, 4841015.189963950775564 ], [ -8387370.17726818472147, 4840762.511967210099101 ] ] ] } },
{ "type": "Feature", "properties": { "facility_name": "Lancaster County Resource Recovery Facility", "state": "PA" }, "geometry": { "type": "Polygon", "coordinates": [ [ [ -8527051.503210432827473, 4876517.145892061293125 ], [ -8527058.119816638529301, 4876264.467895320616663 ], [ -8527077.951499594375491, 4876012.482471404597163 ], [ -8527110.943902039900422, 4875761.880294847302139 ], [ -8527157.006594089791179, 4875513.348248792812228 ], [ -8527216.013321109116077, 4875267.567542306147516 ], [ -8527287.80234975926578, 4875025.211843218654394 ], [ -8527372.176911303773522, 4874786.945431656204164 ], [ -8527468.90574093349278, 4874553.421379291452467 ], [ -8527577.723711650818586, 4874325.279759318567812 ], [ -8527698.332560962066054, 4874103.145892061293125 ], [ -8527830.401708392426372, 4873887.628631008788943 ], [ -8527973.569161590188742, 4873679.318693993613124 ], [ -8528127.442508518695831, 4873478.787044072523713 ], [ -8528291.599993027746677, 4873286.583324560895562 ], [ -8528465.591670863330364, 4873103.234352492727339 ], [ -8528648.94064293242991, 4872929.24267465621233 ], [ -8528841.144362444058061, 4872765.085190147161484 ], [ -8529041.676012365147471, 4872611.211843218654394 ], [ -8529249.985949380323291, 4872468.044390020892024 ], [ -8529465.503210432827473, 4872335.975242589600384 ], [ -8529687.637077691033483, 4872215.366393280215561 ], [ -8529915.778697662055492, 4872106.548422562889755 ], [ -8530149.302750028669834, 4872009.819592933170497 ], [ -8530387.569161590188742, 4871925.445031388662755 ], [ -8530629.924860678613186, 4871853.65600273758173 ], [ -8530875.705567164346576, 4871794.649275718256831 ], [ -8531124.237613217905164, 4871748.586583668366075 ], [ -8531374.839789776131511, 4871715.594181222841144 ], [ -8531626.825213691219687, 4871695.762498266063631 ], [ -8531879.503210432827473, 4871689.145892061293125 ], [ -8532132.181207174435258, 4871695.762498266063631 ], [ -8532384.166631089523435, 4871715.594181222841144 ], [ -8532634.768807647749782, 4871748.586583668366075 ], [ -8532883.30085370130837, 4871794.649275718256831 ], [ -8533129.081560187041759, 4871853.65600273758173 ], [ -8533371.437259275466204, 4871925.445031388662755 ], [ -8533609.703670836985111, 4872009.819592933170497 ], [ -8533843.227723203599453, 4872106.548422562889755 ], [ -8534071.369343174621463, 4872215.366393280215561 ], [ -8534293.503210432827473, 4872335.975242589600384 ], [ -8534509.020471485331655, 4872468.044390020892024 ], [ -8534717.330408500507474, 4872611.211843218654394 ], [ -8534917.862058421596885, 4872765.085190147161484 ], [ -8535110.065777933225036, 4872929.24267465621233 ], [ -8535293.414750002324581, 4873103.234352492727339 ], [ -8535467.406427837908268, 4873286.583324560895562 ], [ -8535631.563912346959114, 4873478.787044072523713 ], [ -8535785.437259275466204, 4873679.318693993613124 ], [ -8535928.604712473228574, 4873887.628631008788943 ], [ -8536060.673859903588891, 4874103.145892061293125 ], [ -8536181.282709214836359, 4874325.279759318567812 ], [ -8536290.100679932162166, 4874553.421379291452467 ], [ -8536386.829509561881423, 4874786.945431656204164 ], [ -8536471.204071106389165, 4875025.211843218654394 ], [ -8536542.993099756538868, 4875267.567542306147516 ], [ -8536601.999826775863767, 4875513.348248792812228 ], [ -8536648.062518825754523, 4875761.880294847302139 ], [ -8536681.054921271279454, 4876012.482471404597163 ], [ -8536700.886604227125645, 4876264.467895320616663 ], [ -8536707.503210432827473, 4876517.145892061293125 ], [ -8536700.886604227125645, 4876769.823888801969588 ], [ -8536681.054921271279454, 4877021.809312717057765 ], [ -8536648.062518825754523, 4877272.411489275284111 ], [ -8536601.999826775863767, 4877520.943535329774022 ], [ -8536542.993099756538868, 4877766.724241816438735 ], [ -8536471.204071106389165, 4878009.079940903931856 ], [ -8536386.829509561881423, 4878247.346352466382086 ], [ -8536290.100679932162166, 4878480.870404831133783 ], [ -8536181.282709214836359, 4878709.012024804018438 ], [ -8536060.673859903588891, 4878931.145892061293125 ], [ -8535928.604712473228574, 4879146.663153113797307 ], [ -8535785.437259275466204, 4879354.973090128973126 ], [ -8535631.563912346959114, 4879555.504740050062537 ], [ -8535467.406427837908268, 4879747.708459561690688 ], [ -8535293.414750002324581, 4879931.057431629858911 ], [ -8535110.065777933225036, 4880105.04910946637392 ], [ -8534917.862058421596885, 4880269.206593975424767 ], [ -8534717.330408500507474, 4880423.079940903931856 ], [ -8534509.020471485331655, 4880566.247394101694226 ], [ -8534293.503210432827473, 4880698.316541532985866 ], [ -8534071.369343174621463, 4880818.925390842370689 ], [ -8533843.227723203599453, 4880927.743361559696496 ], [ -8533609.703670836985111, 4881024.472191189415753 ], [ -8533371.437259275466204, 4881108.846752733923495 ], [ -8533129.081560187041759, 4881180.63578138500452 ], [ -8532883.30085370130837, 4881239.642508404329419 ], [ -8532634.768807647749782, 4881285.705200454220176 ], [ -8532384.166631089523435, 4881318.697602899745107 ], [ -8532132.181207174435258, 4881338.52928585652262 ], [ -8531879.503210432827473, 4881345.145892061293125 ], [ -8531626.825213691219687, 4881338.52928585652262 ], [ -8531374.839789776131511, 4881318.697602899745107 ], [ -8531124.237613217905164, 4881285.705200454220176 ], [ -8530875.705567164346576, 4881239.642508404329419 ], [ -8530629.924860678613186, 4881180.63578138500452 ], [ -8530387.569161590188742, 4881108.846752733923495 ], [ -8530149.302750028669834, 4881024.472191189415753 ], [ -8529915.778697662055492, 4880927.743361559696496 ], [ -8529687.637077691033483, 4880818.925390842370689 ], [ -8529465.503210432827473, 4880698.316541532985866 ], [ -8529249.985949380323291, 4880566.247394101694226 ], [ -8529041.676012365147471, 4880423.079940903931856 ], [ -8528841.144362444058061, 4880269.206593975424767 ], [ -8528648.94064293242991, 4880105.04910946637392 ], [ -8528465.591670863330364, 4879931.057431629858911 ], [ -8528291.599993027746677, 4879747.708459561690688 ], [ -8528127.442508518695831, 4879555.504740050062537 ], [ -8527973.569161590188742, 4879354.973090128973126 ], [ -8527830.401708392426372, 4879146.663153113797307 ], [ -8527698.332560962066054, 4878931.145892061293125 ], [ -8527577.723711650818586, 4878709.012024804018438 ], [ -8527468.90574093349278, 4878480.870404831133783 ], [ -8527372.176911303773522, 4878247.346352466382086 ], [ -8527287.80234975926578, 4878009.079940903931856 ], [ -8527216.013321109116077, 4877766.724241816438735 ], [ -8527157.006594089791179, 4877520.943535329774022 ], [ -8527110.943902039900422, 4877272.411489275284111 ], [ -8527077.951499594375491, 4877021.809312717989087 ], [ -8527058.119816638529301, 4876769.823888801969588 ], [ -8527051.503210432827473, 4876517.145892061293125 ] ] ] } },
{ "type": "Feature", "properties": { "facility_name": "Wheelabrator Falls", "state": "PA" }, "geometry": { "type": "Polygon", "coordinates": [ [ [ -8318111.776459632441401, 4889721.145930130966008 ], [ -8318118.393065837211907, 4889468.467933390289545 ], [ -8318138.22474879398942, 4889216.482509474270046 ], [ -8318171.217151239514351, 4888965.880332916975021 ], [ -8318217.279843289405107, 4888717.348286862485111 ], [ -8318276.286570308730006, 4888471.567580375820398 ], [ -8318348.075598959811032, 4888229.211881288327277 ], [ -8318432.450160504318774, 4887990.945469725877047 ], [ -8318529.178990134038031, 4887757.42141736112535 ], [ -8318637.996960851363838, 4887529.279797388240695 ], [ -8318758.605810160748661, 4887307.145930130966008 ], [ -8318890.6749575920403, 4887091.628669078461826 ], [ -8319033.84241078980267, 4886883.318732063286006 ], [ -8319187.71575771830976, 4886682.787082142196596 ], [ -8319351.873242227360606, 4886490.583362630568445 ], [ -8319525.864920063875616, 4886307.234390562400222 ], [ -8319709.213892132043839, 4886133.242712725885212 ], [ -8319901.417611643671989, 4885969.085228216834366 ], [ -8320101.9492615647614, 4885815.211881288327277 ], [ -8320310.25919857993722, 4885672.044428090564907 ], [ -8320525.776459632441401, 4885539.975280659273267 ], [ -8320747.910326889716089, 4885419.366431349888444 ], [ -8320976.051946862600744, 4885310.548460632562637 ], [ -8321209.57599922735244, 4885213.81963100284338 ], [ -8321447.84241078980267, 4885129.445069458335638 ], [ -8321690.198109877295792, 4885057.656040807254612 ], [ -8321935.978816363960505, 4884998.649313787929714 ], [ -8322184.510862418450415, 4884952.586621738038957 ], [ -8322435.11303897574544, 4884919.594219292514026 ], [ -8322687.098462891764939, 4884899.762536335736513 ], [ -8322939.776459632441401, 4884893.145930130966008 ], [ -8323192.454456373117864, 4884899.762536335736513 ], [ -8323444.439880289137363, 4884919.594219292514026 ], [ -8323695.042056846432388, 4884952.586621738038957 ], [ -8323943.574102900922298, 4884998.649313787929714 ], [ -8324189.354809387587011, 4885057.656040807254612 ], [ -8324431.710508475080132, 4885129.445069458335638 ], [ -8324669.976920037530363, 4885213.81963100284338 ], [ -8324903.500972402282059, 4885310.548460632562637 ], [ -8325131.642592375166714, 4885419.366431349888444 ], [ -8325353.776459632441401, 4885539.975280659273267 ], [ -8325569.293720684945583, 4885672.044428090564907 ], [ -8325777.603657700121403, 4885815.211881288327277 ], [ -8325978.135307621210814, 4885969.085228216834366 ], [ -8326170.339027132838964, 4886133.242712725885212 ], [ -8326353.687999201007187, 4886307.234390562400222 ], [ -8326527.679677037522197, 4886490.583362630568445 ], [ -8326691.837161546573043, 4886682.787082142196596 ], [ -8326845.710508475080132, 4886883.318732063286006 ], [ -8326988.877961672842503, 4887091.628669078461826 ], [ -8327120.947109104134142, 4887307.145930130966008 ], [ -8327241.555958413518965, 4887529.279797388240695 ], [ -8327350.373929130844772, 4887757.42141736112535 ], [ -8327447.102758760564029, 4887990.945469725877047 ], [ -8327531.477320305071771, 4888229.211881288327277 ], [ -8327603.266348956152797, 4888471.567580375820398 ], [ -8327662.273075975477695, 4888717.348286862485111 ], [ -8327708.335768025368452, 4888965.880332916975021 ], [ -8327741.328170470893383, 4889216.482509474270046 ], [ -8327761.159853427670896, 4889468.467933390289545 ], [ -8327767.776459632441401, 4889721.145930130966008 ], [ -8327761.159853427670896, 4889973.82392687164247 ], [ -8327741.328170470893383, 4890225.809350786730647 ], [ -8327708.335768025368452, 4890476.411527344956994 ], [ -8327662.273075975477695, 4890724.943573399446905 ], [ -8327603.266348956152797, 4890970.724279886111617 ], [ -8327531.477320305071771, 4891213.079978973604739 ], [ -8327447.102758760564029, 4891451.346390536054969 ], [ -8327350.373929130844772, 4891684.870442900806665 ], [ -8327241.555958413518965, 4891913.01206287369132 ], [ -8327120.947109104134142, 4892135.145930130966008 ], [ -8326988.877961672842503, 4892350.66319118347019 ], [ -8326845.710508475080132, 4892558.973128198646009 ], [ -8326691.837161546573043, 4892759.50477811973542 ], [ -8326527.679677037522197, 4892951.708497631363571 ], [ -8326353.687999201007187, 4893135.057469699531794 ], [ -8326170.339027132838964, 4893309.049147536046803 ], [ -8325978.135307621210814, 4893473.206632045097649 ], [ -8325777.603657700121403, 4893627.079978973604739 ], [ -8325569.293720684945583, 4893770.247432171367109 ], [ -8325353.776459632441401, 4893902.316579602658749 ], [ -8325131.642592375166714, 4894022.925428912043571 ], [ -8324903.500972402282059, 4894131.743399629369378 ], [ -8324669.976920037530363, 4894228.472229259088635 ], [ -8324431.710508475080132, 4894312.846790803596377 ], [ -8324189.354809387587011, 4894384.635819454677403 ], [ -8323943.574102900922298, 4894443.642546474002302 ], [ -8323695.042056846432388, 4894489.705238523893058 ], [ -8323444.439880289137363, 4894522.697640969417989 ], [ -8323192.454456373117864, 4894542.529323926195502 ], [ -8322939.776459632441401, 4894549.145930130966008 ], [ -8322687.098462891764939, 4894542.529323926195502 ], [ -8322435.113038976676762, 4894522.697640969417989 ], [ -8322184.510862418450415, 4894489.705238523893058 ], [ -8321935.978816363960505, 4894443.642546474002302 ], [ -8321690.198109877295792, 4894384.635819454677403 ], [ -8321447.84241078980267, 4894312.846790803596377 ], [ -8321209.57599922735244, 4894228.472229259088635 ], [ -8320976.051946862600744, 4894131.743399629369378 ], [ -8320747.910326889716089, 4894022.925428912043571 ], [ -8320525.776459632441401, 4893902.316579602658749 ], [ -8320310.25919857993722, 4893770.247432171367109 ], [ -8320101.9492615647614, 4893627.079978973604739 ], [ -8319901.417611643671989, 4893473.206632045097649 ], [ -8319709.213892132043839, 4893309.049147536046803 ], [ -8319525.864920063875616, 4893135.057469699531794 ], [ -8319351.873242227360606, 4892951.708497631363571 ], [ -8319187.71575771830976, 4892759.50477811973542 ], [ -8319033.84241078980267, 4892558.973128198646009 ], [ -8318890.6749575920403, 4892350.66319118347019 ], [ -8318758.605810160748661, 4892135.145930130966008 ], [ -8318637.996960851363838, 4891913.01206287369132 ], [ -8318529.178990134038031, 4891684.870442900806665 ], [ -8318432.450160504318774, 4891451.346390536054969 ], [ -8318348.075598959811032, 4891213.079978973604739 ], [ -8318276.286570308730006, 4890970.724279886111617 ], [ -8318217.279843289405107, 4890724.943573399446905 ], [ -8318171.217151239514351, 4890476.411527344956994 ], [ -8318138.22474879398942, 4890225.80935078766197 ], [ -8318118.393065837211907, 4889973.82392687164247 ], [ -8318111.776459632441401, 4889721.145930130966008 ] ] ] } },
{ "type": "Feature", "properties": { "facility_name": "Susquehanna Resource Management Complex", "state": "PA" }, "geometry": { "type": "Polygon", "coordinates": [ [ [ -8550051.501501956954598, 4901492.6189792631194 ], [ -8550058.118108162656426, 4901239.940982522442937 ], [ -8550077.949791118502617, 4900987.955558606423438 ], [ -8550110.942193564027548, 4900737.353382049128413 ], [ -8550157.004885613918304, 4900488.821335994638503 ], [ -8550216.011612633243203, 4900243.04062950797379 ], [ -8550287.800641283392906, 4900000.684930420480669 ], [ -8550372.175202827900648, 4899762.418518858030438 ], [ -8550468.904032457619905, 4899528.894466493278742 ], [ -8550577.722003174945712, 4899300.752846520394087 ], [ -8550698.33085248619318, 4899078.6189792631194 ], [ -8550830.399999916553497, 4898863.101718210615218 ], [ -8550973.567453114315867, 4898654.791781195439398 ], [ -8551127.440800042822957, 4898454.260131274349988 ], [ -8551291.598284551873803, 4898262.056411762721837 ], [ -8551465.58996238745749, 4898078.707439694553614 ], [ -8551648.938934456557035, 4897904.715761858038604 ], [ -8551841.142653968185186, 4897740.558277348987758 ], [ -8552041.674303889274597, 4897586.684930420480669 ], [ -8552249.984240904450417, 4897443.517477222718298 ], [ -8552465.501501956954598, 4897311.448329791426659 ], [ -8552687.635369215160608, 4897190.839480482041836 ], [ -8552915.776989186182618, 4897082.021509764716029 ], [ -8553149.30104155279696, 4896985.292680134996772 ], [ -8553387.567453114315867, 4896900.91811859048903 ], [ -8553629.923152202740312, 4896829.129089939408004 ], [ -8553875.703858688473701, 4896770.122362920083106 ], [ -8554124.23590474203229, 4896724.059670870192349 ], [ -8554374.838081300258636, 4896691.067268424667418 ], [ -8554626.823505215346813, 4896671.235585467889905 ], [ -8554879.501501956954598, 4896664.6189792631194 ], [ -8555132.179498698562384, 4896671.235585467889905 ], [ -8555384.16492261365056, 4896691.067268424667418 ], [ -8555634.767099171876907, 4896724.059670870192349 ], [ -8555883.299145225435495, 4896770.122362920083106 ], [ -8556129.079851711168885, 4896829.129089939408004 ], [ -8556371.435550799593329, 4896900.91811859048903 ], [ -8556609.701962361112237, 4896985.292680134996772 ], [ -8556843.226014727726579, 4897082.021509764716029 ], [ -8557071.367634698748589, 4897190.839480482041836 ], [ -8557293.501501956954598, 4897311.448329791426659 ], [ -8557509.01876300945878, 4897443.517477222718298 ], [ -8557717.3287000246346, 4897586.684930420480669 ], [ -8557917.86034994572401, 4897740.558277348987758 ], [ -8558110.064069457352161, 4897904.715761858038604 ], [ -8558293.413041526451707, 4898078.707439694553614 ], [ -8558467.404719362035394, 4898262.056411762721837 ], [ -8558631.56220387108624, 4898454.260131274349988 ], [ -8558785.435550799593329, 4898654.791781195439398 ], [ -8558928.6030039973557, 4898863.101718210615218 ], [ -8559060.672151427716017, 4899078.6189792631194 ], [ -8559181.281000738963485, 4899300.752846520394087 ], [ -8559290.098971456289291, 4899528.894466493278742 ], [ -8559386.827801086008549, 4899762.418518858030438 ], [ -8559471.202362630516291, 4900000.684930420480669 ], [ -8559542.991391280665994, 4900243.04062950797379 ], [ -8559601.998118299990892, 4900488.821335994638503 ], [ -8559648.060810349881649, 4900737.353382049128413 ], [ -8559681.05321279540658, 4900987.955558606423438 ], [ -8559700.88489575125277, 4901239.940982522442937 ], [ -8559707.501501956954598, 4901492.6189792631194 ], [ -8559700.88489575125277, 4901745.296976003795862 ], [ -8559681.05321279540658, 4901997.282399918884039 ], [ -8559648.060810349881649, 4902247.884576477110386 ], [ -8559601.998118299990892, 4902496.416622531600296 ], [ -8559542.991391280665994, 4902742.197329018265009 ], [ -8559471.202362630516291, 4902984.553028105758131 ], [ -8559386.827801086008549, 4903222.819439668208361 ], [ -8559290.098971456289291, 4903456.343492032960057 ], [ -8559181.281000738963485, 4903684.485112005844712 ], [ -8559060.672151427716017, 4903906.6189792631194 ], [ -8558928.6030039973557, 4904122.136240315623581 ], [ -8558785.435550799593329, 4904330.446177330799401 ], [ -8558631.56220387108624, 4904530.977827251888812 ], [ -8558467.404719362035394, 4904723.181546763516963 ], [ -8558293.413041526451707, 4904906.530518831685185 ], [ -8558110.064069457352161, 4905080.522196668200195 ], [ -8557917.86034994572401, 4905244.679681177251041 ], [ -8557717.3287000246346, 4905398.553028105758131 ], [ -8557509.01876300945878, 4905541.720481303520501 ], [ -8557293.501501956954598, 4905673.78962873481214 ], [ -8557071.367634698748589, 4905794.398478044196963 ], [ -8556843.226014727726579, 4905903.21644876152277 ], [ -8556609.701962361112237, 4905999.945278391242027 ], [ -8556371.435550799593329, 4906084.319839935749769 ], [ -8556129.079851711168885, 4906156.108868586830795 ], [ -8555883.299145225435495, 4906215.115595606155694 ], [ -8555634.767099171876907, 4906261.17828765604645 ], [ -8555384.16492261365056, 4906294.170690101571381 ], [ -8555132.179498698562384, 4906314.002373058348894 ], [ -8554879.501501956954598, 4906320.6189792631194 ], [ -8554626.823505215346813, 4906314.002373058348894 ], [ -8554374.838081300258636, 4906294.170690101571381 ], [ -8554124.23590474203229, 4906261.17828765604645 ], [ -8553875.703858688473701, 4906215.115595606155694 ], [ -8553629.923152202740312, 4906156.108868586830795 ], [ -8553387.567453114315867, 4906084.319839935749769 ], [ -8553149.30104155279696, 4905999.945278391242027 ], [ -8552915.776989186182618, 4905903.21644876152277 ], [ -8552687.635369215160608, 4905794.398478044196963 ], [ -8552465.501501956954598, 4905673.78962873481214 ], [ -8552249.984240904450417, 4905541.720481303520501 ], [ -8552041.674303889274597, 4905398.553028105758131 ], [ -8551841.142653968185186, 4905244.679681177251041 ], [ -8551648.938934456557035, 4905080.522196668200195 ], [ -8551465.58996238745749, 4904906.530518831685185 ], [ -8551291.598284551873803, 4904723.181546763516963 ], [ -8551127.440800042822957, 4904530.977827251888812 ], [ -8550973.567453114315867, 4904330.446177330799401 ], [ -8550830.399999916553497, 4904122.136240315623581 ], [ -8550698.33085248619318, 4903906.6189792631194 ], [ -8550577.722003174945712, 4903684.485112005844712 ], [ -8550468.904032457619905, 4903456.343492032960057 ], [ -8550372.175202827900648, 4903222.819439668208361 ], [ -8550287.800641283392906, 4902984.553028105758131 ], [ -8550216.011612633243203, 4902742.197329018265009 ], [ -8550157.004885613918304, 4902496.416622531600296 ], [ -8550110.942193564027548, 4902247.884576477110386 ], [ -8550077.949791118502617, 4901997.282399919815361 ], [ -8550058.118108162656426, 4901745.296976003795862 ], [ -8550051.501501956954598, 4901492.6189792631194 ] ] ] } },
{ "type": "Feature", "properties": { "facility_name": "York County Resource Recovery Center", "state": "PA" }, "geometry": { "type": "Polygon", "coordinates": [ [ [ -8535184.872562108561397, 4866519.758093725889921 ], [ -8535191.489168314263225, 4866267.080096985213459 ], [ -8535211.320851270109415, 4866015.094673069193959 ], [ -8535244.313253715634346, 4865764.492496511898935 ], [ -8535290.375945765525103, 4865515.960450457409024 ], [ -8535349.382672784850001, 4865270.179743970744312 ], [ -8535421.171701434999704, 4865027.82404488325119 ], [ -8535505.546262979507446, 4864789.55763332080096 ], [ -8535602.275092609226704, 4864556.033580956049263 ], [ -8535711.09306332655251, 4864327.891960983164608 ], [ -8535831.701912637799978, 4864105.758093725889921 ], [ -8535963.771060068160295, 4863890.240832673385739 ], [ -8536106.938513265922666, 4863681.93089565820992 ], [ -8536260.811860194429755, 4863481.399245737120509 ], [ -8536424.969344703480601, 4863289.195526225492358 ], [ -8536598.961022539064288, 4863105.846554157324135 ], [ -8536782.309994608163834, 4862931.854876320809126 ], [ -8536974.513714119791985, 4862767.69739181175828 ], [ -8537175.045364040881395, 4862613.82404488325119 ], [ -8537383.355301056057215, 4862470.65659168548882 ], [ -8537598.872562108561397, 4862338.58744425419718 ], [ -8537821.006429366767406, 4862217.978594944812357 ], [ -8538049.148049337789416, 4862109.160624227486551 ], [ -8538282.672101704403758, 4862012.431794597767293 ], [ -8538520.938513265922666, 4861928.057233053259552 ], [ -8538763.29421235434711, 4861856.268204402178526 ], [ -8539009.0749188400805, 4861797.261477382853627 ], [ -8539257.606964893639088, 4861751.198785332962871 ], [ -8539508.209141451865435, 4861718.20638288743794 ], [ -8539760.194565366953611, 4861698.374699930660427 ], [ -8540012.872562108561397, 4861691.758093725889921 ], [ -8540265.550558850169182, 4861698.374699930660427 ], [ -8540517.535982765257359, 4861718.20638288743794 ], [ -8540768.138159323483706, 4861751.198785332962871 ], [ -8541016.670205377042294, 4861797.261477382853627 ], [ -8541262.450911862775683, 4861856.268204402178526 ], [ -8541504.806610951200128, 4861928.057233053259552 ], [ -8541743.073022512719035, 4862012.431794597767293 ], [ -8541976.597074879333377, 4862109.160624227486551 ], [ -8542204.738694850355387, 4862217.978594944812357 ], [ -8542426.872562108561397, 4862338.58744425419718 ], [ -8542642.389823161065578, 4862470.65659168548882 ], [ -8542850.699760176241398, 4862613.82404488325119 ], [ -8543051.231410097330809, 4862767.69739181175828 ], [ -8543243.43512960895896, 4862931.854876320809126 ], [ -8543426.784101678058505, 4863105.846554157324135 ], [ -8543600.775779513642192, 4863289.195526225492358 ], [ -8543764.933264022693038, 4863481.399245737120509 ], [ -8543918.806610951200128, 4863681.93089565820992 ], [ -8544061.974064148962498, 4863890.240832673385739 ], [ -8544194.043211579322815, 4864105.758093725889921 ], [ -8544314.652060890570283, 4864327.891960983164608 ], [ -8544423.47003160789609, 4864556.033580956049263 ], [ -8544520.198861237615347, 4864789.55763332080096 ], [ -8544604.573422782123089, 4865027.82404488325119 ], [ -8544676.362451432272792, 4865270.179743970744312 ], [ -8544735.369178451597691, 4865515.960450457409024 ], [ -8544781.431870501488447, 4865764.492496511898935 ], [ -8544814.424272947013378, 4866015.094673069193959 ], [ -8544834.255955902859569, 4866267.080096985213459 ], [ -8544840.872562108561397, 4866519.758093725889921 ], [ -8544834.255955902859569, 4866772.436090466566384 ], [ -8544814.424272947013378, 4867024.421514381654561 ], [ -8544781.431870501488447, 4867275.023690939880908 ], [ -8544735.369178451597691, 4867523.555736994370818 ], [ -8544676.362451432272792, 4867769.336443481035531 ], [ -8544604.573422782123089, 4868011.692142568528652 ], [ -8544520.198861237615347, 4868249.958554130978882 ], [ -8544423.47003160789609, 4868483.482606495730579 ], [ -8544314.652060890570283, 4868711.624226468615234 ], [ -8544194.043211579322815, 4868933.758093725889921 ], [ -8544061.974064148962498, 4869149.275354778394103 ], [ -8543918.806610951200128, 4869357.585291793569922 ], [ -8543764.933264022693038, 4869558.116941714659333 ], [ -8543600.775779513642192, 4869750.320661226287484 ], [ -8543426.784101678058505, 4869933.669633294455707 ], [ -8543243.43512960895896, 4870107.661311130970716 ], [ -8543051.231410097330809, 4870271.818795640021563 ], [ -8542850.699760176241398, 4870425.692142568528652 ], [ -8542642.389823161065578, 4870568.859595766291022 ], [ -8542426.872562108561397, 4870700.928743197582662 ], [ -8542204.738694850355387, 4870821.537592506967485 ], [ -8541976.597074879333377, 4870930.355563224293292 ], [ -8541743.073022512719035, 4871027.084392854012549 ], [ -8541504.806610951200128, 4871111.458954398520291 ], [ -8541262.450911862775683, 4871183.247983049601316 ], [ -8541016.670205377042294, 4871242.254710068926215 ], [ -8540768.138159323483706, 4871288.317402118816972 ], [ -8540517.535982765257359, 4871321.309804564341903 ], [ -8540265.550558850169182, 4871341.141487521119416 ], [ -8540012.872562108561397, 4871347.758093725889921 ], [ -8539760.194565366953611, 4871341.141487521119416 ], [ -8539508.209141451865435, 4871321.309804564341903 ], [ -8539257.606964893639088, 4871288.317402118816972 ], [ -8539009.0749188400805, 4871242.254710068926215 ], [ -8538763.29421235434711, 4871183.247983049601316 ], [ -8538520.938513265922666, 4871111.458954398520291 ], [ -8538282.672101704403758, 4871027.084392854012549 ], [ -8538049.148049337789416, 4870930.355563224293292 ], [ -8537821.006429366767406, 4870821.537592506967485 ], [ -8537598.872562108561397, 4870700.928743197582662 ], [ -8537383.355301056057215, 4870568.859595766291022 ], [ -8537175.045364040881395, 4870425.692142568528652 ], [ -8536974.513714119791985, 4870271.818795640021563 ], [ -8536782.309994608163834, 4870107.661311130970716 ], [ -8536598.961022539064288, 4869933.669633294455707 ], [ -8536424.969344703480601, 4869750.320661226287484 ], [ -8536260.811860194429755, 4869558.116941714659333 ], [ -8536106.938513265922666, 4869357.585291793569922 ], [ -8535963.771060068160295, 4869149.275354778394103 ], [ -8535831.701912637799978, 4868933.758093725889921 ], [ -8535711.09306332655251, 4868711.624226468615234 ], [ -8535602.275092609226704, 4868483.482606495730579 ], [ -8535505.546262979507446, 4868249.958554130978882 ], [ -8535421.171701434999704, 4868011.692142568528652 ], [ -8535349.382672784850001, 4867769.336443481035531 ], [ -8535290.375945765525103, 4867523.555736994370818 ], [ -8535244.313253715634346, 4867275.023690939880908 ], [ -8535211.320851270109415, 4867024.421514382585883 ], [ -8535191.489168314263225, 4866772.436090466566384 ], [ -8535184.872562108561397, 4866519.758093725889921 ] ] ] } },
{ "type": "Feature", "properties": { "facility_name": "Alexandria\/Arlington Resource Recovery Facility", "state": "VA" }, "geometry": { "type": "Polygon", "coordinates": [ [ [ -8581014.18296992406249, 4693272.704918052069843 ], [ -8581020.799576129764318, 4693020.02692131139338 ], [ -8581040.631259085610509, 4692768.041497395373881 ], [ -8581073.62366153113544, 4692517.439320838078856 ], [ -8581119.686353581026196, 4692268.907274783588946 ], [ -8581178.693080600351095, 4692023.126568296924233 ], [ -8581250.482109250500798, 4691780.770869209431112 ], [ -8581334.85667079500854, 4691542.504457646980882 ], [ -8581431.585500424727798, 4691308.980405282229185 ], [ -8581540.403471142053604, 4691080.83878530934453 ], [ -8581661.012320453301072, 4690858.704918052069843 ], [ -8581793.081467883661389, 4690643.187656999565661 ], [ -8581936.248921081423759, 4690434.877719984389842 ], [ -8582090.122268009930849, 4690234.346070063300431 ], [ -8582254.279752518981695, 4690042.14235055167228 ], [ -8582428.271430354565382, 4689858.793378483504057 ], [ -8582611.620402423664927, 4689684.801700646989048 ], [ -8582803.824121935293078, 4689520.644216137938201 ], [ -8583004.355771856382489, 4689366.770869209431112 ], [ -8583212.665708871558309, 4689223.603416011668742 ], [ -8583428.18296992406249, 4689091.534268580377102 ], [ -8583650.3168371822685, 4688970.925419270992279 ], [ -8583878.45845715329051, 4688862.107448553666472 ], [ -8584111.982509519904852, 4688765.378618923947215 ], [ -8584350.248921081423759, 4688681.004057379439473 ], [ -8584592.604620169848204, 4688609.215028728358448 ], [ -8584838.385326655581594, 4688550.208301709033549 ], [ -8585086.917372709140182, 4688504.145609659142792 ], [ -8585337.519549267366529, 4688471.153207213617861 ], [ -8585589.504973182454705, 4688451.321524256840348 ], [ -8585842.18296992406249, 4688444.704918052069843 ], [ -8586094.860966665670276, 4688451.321524256840348 ], [ -8586346.846390580758452, 4688471.153207213617861 ], [ -8586597.448567138984799, 4688504.145609659142792 ], [ -8586845.980613192543387, 4688550.208301709033549 ], [ -8587091.761319678276777, 4688609.215028728358448 ], [ -8587334.117018766701221, 4688681.004057379439473 ], [ -8587572.383430328220129, 4688765.378618923947215 ], [ -8587805.907482694834471, 4688862.107448553666472 ], [ -8588034.049102665856481, 4688970.925419270992279 ], [ -8588256.18296992406249, 4689091.534268580377102 ], [ -8588471.700230976566672, 4689223.603416011668742 ], [ -8588680.010167991742492, 4689366.770869209431112 ], [ -8588880.541817912831903, 4689520.644216137938201 ], [ -8589072.745537424460053, 4689684.801700646989048 ], [ -8589256.094509493559599, 4689858.793378483504057 ], [ -8589430.086187329143286, 4690042.14235055167228 ], [ -8589594.243671838194132, 4690234.346070063300431 ], [ -8589748.117018766701221, 4690434.877719984389842 ], [ -8589891.284471964463592, 4690643.187656999565661 ], [ -8590023.353619394823909, 4690858.704918052069843 ], [ -8590143.962468706071377, 4691080.83878530934453 ], [ -8590252.780439423397183, 4691308.980405282229185 ], [ -8590349.509269053116441, 4691542.504457646980882 ], [ -8590433.883830597624183, 4691780.770869209431112 ], [ -8590505.672859247773886, 4692023.126568296924233 ], [ -8590564.679586267098784, 4692268.907274783588946 ], [ -8590610.742278316989541, 4692517.439320838078856 ], [ -8590643.734680762514472, 4692768.041497395373881 ], [ -8590663.566363718360662, 4693020.02692131139338 ], [ -8590670.18296992406249, 4693272.704918052069843 ], [ -8590663.566363718360662, 4693525.382914792746305 ], [ -8590643.734680762514472, 4693777.368338707834482 ], [ -8590610.742278316989541, 4694027.970515266060829 ], [ -8590564.679586267098784, 4694276.50256132055074 ], [ -8590505.672859247773886, 4694522.283267807215452 ], [ -8590433.883830597624183, 4694764.638966894708574 ], [ -8590349.509269053116441, 4695002.905378457158804 ], [ -8590252.780439423397183, 4695236.429430821910501 ], [ -8590143.962468706071377, 4695464.571050794795156 ], [ -8590023.353619394823909, 4695686.704918052069843 ], [ -8589891.284471964463592, 4695902.222179104574025 ], [ -8589748.117018766701221, 4696110.532116119749844 ], [ -8589594.243671838194132, 4696311.063766040839255 ], [ -8589430.086187329143286, 4696503.267485552467406 ], [ -8589256.094509493559599, 4696686.616457620635629 ], [ -8589072.745537424460053, 4696860.608135457150638 ], [ -8588880.541817912831903, 4697024.765619966201484 ], [ -8588680.010167991742492, 4697178.638966894708574 ], [ -8588471.700230976566672, 4697321.806420092470944 ], [ -8588256.18296992406249, 4697453.875567523762584 ], [ -8588034.049102665856481, 4697574.484416833147407 ], [ -8587805.907482694834471, 4697683.302387550473213 ], [ -8587572.383430328220129, 4697780.031217180192471 ], [ -8587334.117018766701221, 4697864.405778724700212 ], [ -8587091.761319678276777, 4697936.194807375781238 ], [ -8586845.980613192543387, 4697995.201534395106137 ], [ -8586597.448567138984799, 4698041.264226444996893 ], [ -8586346.846390580758452, 4698074.256628890521824 ], [ -8586094.860966665670276, 4698094.088311847299337 ], [ -8585842.18296992406249, 4698100.704918052069843 ], [ -8585589.504973182454705, 4698094.088311847299337 ], [ -8585337.519549267366529, 4698074.256628890521824 ], [ -8585086.917372709140182, 4698041.264226444996893 ], [ -8584838.385326655581594, 4697995.201534395106137 ], [ -8584592.604620169848204, 4697936.194807375781238 ], [ -8584350.248921081423759, 4697864.405778724700212 ], [ -8584111.982509519904852, 4697780.031217180192471 ], [ -8583878.45845715329051, 4697683.302387550473213 ], [ -8583650.3168371822685, 4697574.484416833147407 ], [ -8583428.18296992406249, 4697453.875567523762584 ], [ -8583212.665708871558309, 4697321.806420092470944 ], [ -8583004.355771856382489, 4697178.638966894708574 ], [ -8582803.824121935293078, 4697024.765619966201484 ], [ -8582611.620402423664927, 4696860.608135457150638 ], [ -8582428.271430354565382, 4696686.616457620635629 ], [ -8582254.279752518981695, 4696503.267485552467406 ], [ -8582090.122268009930849, 4696311.063766040839255 ], [ -8581936.248921081423759, 4696110.532116119749844 ], [ -8581793.081467883661389, 4695902.222179104574025 ], [ -8581661.012320453301072, 4695686.704918052069843 ], [ -8581540.403471142053604, 4695464.571050794795156 ], [ -8581431.585500424727798, 4695236.429430821910501 ], [ -8581334.85667079500854, 4695002.905378457158804 ], [ -8581250.482109250500798, 4694764.638966894708574 ], [ -8581178.693080600351095, 4694522.283267807215452 ], [ -8581119.686353581026196, 4694276.50256132055074 ], [ -8581073.62366153113544, 4694027.970515266060829 ], [ -8581040.631259085610509, 4693777.368338708765805 ], [ -8581020.799576129764318, 4693525.382914792746305 ], [ -8581014.18296992406249, 4693272.704918052069843 ] ] ] } },
{ "type": "Feature", "properties": { "facility_name": "Hampton\/NASA Steam Plant", "state": "VA" }, "geometry": { "type": "Polygon", "coordinates": [ [ [ -8499097.108529711142182, 4453154.332943980582058 ], [ -8499103.72513591684401, 4452901.654947239905596 ], [ -8499123.556818872690201, 4452649.669523323886096 ], [ -8499156.549221318215132, 4452399.067346766591072 ], [ -8499202.611913368105888, 4452150.535300712101161 ], [ -8499261.618640387430787, 4451904.754594225436449 ], [ -8499333.40766903758049, 4451662.398895137943327 ], [ -8499417.782230582088232, 4451424.132483575493097 ], [ -8499514.511060211807489, 4451190.608431210741401 ], [ -8499623.329030929133296, 4450962.466811237856746 ], [ -8499743.937880240380764, 4450740.332943980582058 ], [ -8499876.007027670741081, 4450524.815682928077877 ], [ -8500019.174480868503451, 4450316.505745912902057 ], [ -8500173.047827797010541, 4450115.974095991812646 ], [ -8500337.205312306061387, 4449923.770376480184495 ], [ -8500511.196990141645074, 4449740.421404412016273 ], [ -8500694.545962210744619, 4449566.429726575501263 ], [ -8500886.74968172237277, 4449402.272242066450417 ], [ -8501087.281331643462181, 4449248.398895137943327 ], [ -8501295.591268658638, 4449105.231441940180957 ], [ -8501511.108529711142182, 4448973.162294508889318 ], [ -8501733.242396969348192, 4448852.553445199504495 ], [ -8501961.384016940370202, 4448743.735474482178688 ], [ -8502194.908069306984544, 4448647.006644852459431 ], [ -8502433.174480868503451, 4448562.632083307951689 ], [ -8502675.530179956927896, 4448490.843054656870663 ], [ -8502921.310886442661285, 4448431.836327637545764 ], [ -8503169.842932496219873, 4448385.773635587655008 ], [ -8503420.44510905444622, 4448352.781233142130077 ], [ -8503672.430532969534397, 4448332.949550185352564 ], [ -8503925.108529711142182, 4448326.332943980582058 ], [ -8504177.786526452749968, 4448332.949550185352564 ], [ -8504429.771950367838144, 4448352.781233142130077 ], [ -8504680.374126926064491, 4448385.773635587655008 ], [ -8504928.906172979623079, 4448431.836327637545764 ], [ -8505174.686879465356469, 4448490.843054656870663 ], [ -8505417.042578553780913, 4448562.632083307951689 ], [ -8505655.308990115299821, 4448647.006644852459431 ], [ -8505888.833042481914163, 4448743.735474482178688 ], [ -8506116.974662452936172, 4448852.553445199504495 ], [ -8506339.108529711142182, 4448973.162294508889318 ], [ -8506554.625790763646364, 4449105.231441940180957 ], [ -8506762.935727778822184, 4449248.398895137943327 ], [ -8506963.467377699911594, 4449402.272242066450417 ], [ -8507155.671097211539745, 4449566.429726575501263 ], [ -8507339.020069280639291, 4449740.421404412016273 ], [ -8507513.011747116222978, 4449923.770376480184495 ], [ -8507677.169231625273824, 4450115.974095991812646 ], [ -8507831.042578553780913, 4450316.505745912902057 ], [ -8507974.210031751543283, 4450524.815682928077877 ], [ -8508106.279179181903601, 4450740.332943980582058 ], [ -8508226.888028493151069, 4450962.466811237856746 ], [ -8508335.705999210476875, 4451190.608431210741401 ], [ -8508432.434828840196133, 4451424.132483575493097 ], [ -8508516.809390384703875, 4451662.398895137943327 ], [ -8508588.598419034853578, 4451904.754594225436449 ], [ -8508647.605146054178476, 4452150.535300712101161 ], [ -8508693.667838104069233, 4452399.067346766591072 ], [ -8508726.660240549594164, 4452649.669523323886096 ], [ -8508746.491923505440354, 4452901.654947239905596 ], [ -8508753.108529711142182, 4453154.332943980582058 ], [ -8508746.491923505440354, 4453407.010940721258521 ], [ -8508726.660240549594164, 4453658.996364636346698 ], [ -8508693.667838104069233, 4453909.598541194573045 ], [ -8508647.605146054178476, 4454158.130587249062955 ], [ -8508588.598419034853578, 4454403.911293735727668 ], [ -8508516.809390384703875, 4454646.266992823220789 ], [ -8508432.434828840196133, 4454884.53340438567102 ], [ -8508335.705999210476875, 4455118.057456750422716 ], [ -8508226.888028493151069, 4455346.199076723307371 ], [ -8508106.279179181903601, 4455568.332943980582058 ], [ -8507974.210031751543283, 4455783.85020503308624 ], [ -8507831.042578553780913, 4455992.16014204826206 ], [ -8507677.169231625273824, 4456192.69179196935147 ], [ -8507513.011747116222978, 4456384.895511480979621 ], [ -8507339.020069280639291, 4456568.244483549147844 ], [ -8507155.671097211539745, 4456742.236161385662854 ], [ -8506963.467377699911594, 4456906.3936458947137 ], [ -8506762.935727778822184, 4457060.266992823220789 ], [ -8506554.625790763646364, 4457203.43444602098316 ], [ -8506339.108529711142182, 4457335.503593452274799 ], [ -8506116.974662452936172, 4457456.112442761659622 ], [ -8505888.833042481914163, 4457564.930413478985429 ], [ -8505655.308990115299821, 4457661.659243108704686 ], [ -8505417.042578553780913, 4457746.033804653212428 ], [ -8505174.686879465356469, 4457817.822833304293454 ], [ -8504928.906172979623079, 4457876.829560323618352 ], [ -8504680.374126926064491, 4457922.892252373509109 ], [ -8504429.771950367838144, 4457955.88465481903404 ], [ -8504177.786526452749968, 4457975.716337775811553 ], [ -8503925.108529711142182, 4457982.332943980582058 ], [ -8503672.430532969534397, 4457975.716337775811553 ], [ -8503420.44510905444622, 4457955.88465481903404 ], [ -8503169.842932496219873, 4457922.892252373509109 ], [ -8502921.310886442661285, 4457876.829560323618352 ], [ -8502675.530179956927896, 4457817.822833304293454 ], [ -8502433.174480868503451, 4457746.033804653212428 ], [ -8502194.908069306984544, 4457661.659243108704686 ], [ -8501961.384016940370202, 4457564.930413478985429 ], [ -8501733.242396969348192, 4457456.112442761659622 ], [ -8501511.108529711142182, 4457335.503593452274799 ], [ -8501295.591268658638, 4457203.43444602098316 ], [ -8501087.281331643462181, 4457060.266992823220789 ], [ -8500886.74968172237277, 4456906.3936458947137 ], [ -8500694.545962210744619, 4456742.236161385662854 ], [ -8500511.196990141645074, 4456568.244483549147844 ], [ -8500337.205312306061387, 4456384.895511480979621 ], [ -8500173.047827797010541, 4456192.69179196935147 ], [ -8500019.174480868503451, 4455992.16014204826206 ], [ -8499876.007027670741081, 4455783.85020503308624 ], [ -8499743.937880240380764, 4455568.332943980582058 ], [ -8499623.329030929133296, 4455346.199076723307371 ], [ -8499514.511060211807489, 4455118.057456750422716 ], [ -8499417.782230582088232, 4454884.53340438567102 ], [ -8499333.40766903758049, 4454646.266992823220789 ], [ -8499261.618640387430787, 4454403.911293735727668 ], [ -8499202.611913368105888, 4454158.130587249062955 ], [ -8499156.549221318215132, 4453909.598541194573045 ], [ -8499123.556818872690201, 4453658.99636463727802 ], [ -8499103.72513591684401, 4453407.010940721258521 ], [ -8499097.108529711142182, 4453154.332943980582058 ] ] ] } },
{ "type": "Feature", "properties": { "facility_name": "I-95 Energy\/Resource Recovery Facility (Fairfax)", "state": "VA" }, "geometry": { "type": "Polygon", "coordinates": [ [ [ -8593242.962992038577795, 4677606.949132746085525 ], [ -8593249.579598244279623, 4677354.271136005409062 ], [ -8593269.411281200125813, 4677102.285712089389563 ], [ -8593302.403683645650744, 4676851.683535532094538 ], [ -8593348.466375695541501, 4676603.151489477604628 ], [ -8593407.4731027148664, 4676357.370782990939915 ], [ -8593479.262131365016103, 4676115.015083903446794 ], [ -8593563.636692909523845, 4675876.748672340996563 ], [ -8593660.365522539243102, 4675643.224619976244867 ], [ -8593769.183493256568909, 4675415.083000003360212 ], [ -8593889.792342567816377, 4675192.949132746085525 ], [ -8594021.861489998176694, 4674977.431871693581343 ], [ -8594165.028943195939064, 4674769.121934678405523 ], [ -8594318.902290124446154, 4674568.590284757316113 ], [ -8594483.059774633497, 4674376.386565245687962 ], [ -8594657.051452469080687, 4674193.037593177519739 ], [ -8594840.400424538180232, 4674019.045915341004729 ], [ -8595032.604144049808383, 4673854.888430831953883 ], [ -8595233.135793970897794, 4673701.015083903446794 ], [ -8595441.445730986073613, 4673557.847630705684423 ], [ -8595656.962992038577795, 4673425.778483274392784 ], [ -8595879.096859296783805, 4673305.169633965007961 ], [ -8596107.238479267805815, 4673196.351663247682154 ], [ -8596340.762531634420156, 4673099.622833617962897 ], [ -8596579.028943195939064, 4673015.248272073455155 ], [ -8596821.384642284363508, 4672943.459243422374129 ], [ -8597067.165348770096898, 4672884.452516403049231 ], [ -8597315.697394823655486, 4672838.389824353158474 ], [ -8597566.299571381881833, 4672805.397421907633543 ], [ -8597818.28499529697001, 4672785.56573895085603 ], [ -8598070.962992038577795, 4672778.949132746085525 ], [ -8598323.64098878018558, 4672785.56573895085603 ], [ -8598575.626412695273757, 4672805.397421907633543 ], [ -8598826.228589253500104, 4672838.389824353158474 ], [ -8599074.760635307058692, 4672884.452516403049231 ], [ -8599320.541341792792082, 4672943.459243422374129 ], [ -8599562.897040881216526, 4673015.248272073455155 ], [ -8599801.163452442735434, 4673099.622833617962897 ], [ -8600034.687504809349775, 4673196.351663247682154 ], [ -8600262.829124780371785, 4673305.169633965007961 ], [ -8600484.962992038577795, 4673425.778483274392784 ], [ -8600700.480253091081977, 4673557.847630705684423 ], [ -8600908.790190106257796, 4673701.015083903446794 ], [ -8601109.321840027347207, 4673854.888430831953883 ], [ -8601301.525559538975358, 4674019.045915341004729 ], [ -8601484.874531608074903, 4674193.037593177519739 ], [ -8601658.86620944365859, 4674376.386565245687962 ], [ -8601823.023693952709436, 4674568.590284757316113 ], [ -8601976.897040881216526, 4674769.121934678405523 ], [ -8602120.064494078978896, 4674977.431871693581343 ], [ -8602252.133641509339213, 4675192.949132746085525 ], [ -8602372.742490820586681, 4675415.083000003360212 ], [ -8602481.560461537912488, 4675643.224619976244867 ], [ -8602578.289291167631745, 4675876.748672340996563 ], [ -8602662.663852712139487, 4676115.015083903446794 ], [ -8602734.45288136228919, 4676357.370782990939915 ], [ -8602793.459608381614089, 4676603.151489477604628 ], [ -8602839.522300431504846, 4676851.683535532094538 ], [ -8602872.514702877029777, 4677102.285712089389563 ], [ -8602892.346385832875967, 4677354.271136005409062 ], [ -8602898.962992038577795, 4677606.949132746085525 ], [ -8602892.346385832875967, 4677859.627129486761987 ], [ -8602872.514702877029777, 4678111.612553401850164 ], [ -8602839.522300431504846, 4678362.214729960076511 ], [ -8602793.459608381614089, 4678610.746776014566422 ], [ -8602734.45288136228919, 4678856.527482501231134 ], [ -8602662.663852712139487, 4679098.883181588724256 ], [ -8602578.289291167631745, 4679337.149593151174486 ], [ -8602481.560461537912488, 4679570.673645515926182 ], [ -8602372.742490820586681, 4679798.815265488810837 ], [ -8602252.133641509339213, 4680020.949132746085525 ], [ -8602120.064494078978896, 4680236.466393798589706 ], [ -8601976.897040881216526, 4680444.776330813765526 ], [ -8601823.023693952709436, 4680645.307980734854937 ], [ -8601658.86620944365859, 4680837.511700246483088 ], [ -8601484.874531608074903, 4681020.86067231465131 ], [ -8601301.525559538975358, 4681194.85235015116632 ], [ -8601109.321840027347207, 4681359.009834660217166 ], [ -8600908.790190106257796, 4681512.883181588724256 ], [ -8600700.480253091081977, 4681656.050634786486626 ], [ -8600484.962992038577795, 4681788.119782217778265 ], [ -8600262.829124780371785, 4681908.728631527163088 ], [ -8600034.687504809349775, 4682017.546602244488895 ], [ -8599801.163452442735434, 4682114.275431874208152 ], [ -8599562.897040881216526, 4682198.649993418715894 ], [ -8599320.541341792792082, 4682270.43902206979692 ], [ -8599074.760635307058692, 4682329.445749089121819 ], [ -8598826.228589253500104, 4682375.508441139012575 ], [ -8598575.626412695273757, 4682408.500843584537506 ], [ -8598323.64098878018558, 4682428.332526541315019 ], [ -8598070.962992038577795, 4682434.949132746085525 ], [ -8597818.28499529697001, 4682428.332526541315019 ], [ -8597566.299571381881833, 4682408.500843584537506 ], [ -8597315.697394823655486, 4682375.508441139012575 ], [ -8597067.165348770096898, 4682329.445749089121819 ], [ -8596821.384642284363508, 4682270.43902206979692 ], [ -8596579.028943195939064, 4682198.649993418715894 ], [ -8596340.762531634420156, 4682114.275431874208152 ], [ -8596107.238479267805815, 4682017.546602244488895 ], [ -8595879.096859296783805, 4681908.728631527163088 ], [ -8595656.962992038577795, 4681788.119782217778265 ], [ -8595441.445730986073613, 4681656.050634786486626 ], [ -8595233.135793970897794, 4681512.883181588724256 ], [ -8595032.604144049808383, 4681359.009834660217166 ], [ -8594840.400424538180232, 4681194.85235015116632 ], [ -8594657.051452469080687, 4681020.86067231465131 ], [ -8594483.059774633497, 4680837.511700246483088 ], [ -8594318.902290124446154, 4680645.307980734854937 ], [ -8594165.028943195939064, 4680444.776330813765526 ], [ -8594021.861489998176694, 4680236.466393798589706 ], [ -8593889.792342567816377, 4680020.949132746085525 ], [ -8593769.183493256568909, 4679798.815265488810837 ], [ -8593660.365522539243102, 4679570.673645515926182 ], [ -8593563.636692909523845, 4679337.149593151174486 ], [ -8593479.262131365016103, 4679098.883181588724256 ], [ -8593407.4731027148664, 4678856.527482501231134 ], [ -8593348.466375695541501, 4678610.746776014566422 ], [ -8593302.403683645650744, 4678362.214729960076511 ], [ -8593269.411281200125813, 4678111.612553402781487 ], [ -8593249.579598244279623, 4677859.627129486761987 ], [ -8593242.962992038577795, 4677606.949132746085525 ] ] ] } },
{ "type": "Feature", "properties": { "facility_name": "Wheelabrator Portsmouth", "state": "VA" }, "geometry": { "type": "Polygon", "coordinates": [ [ [ -8489528.196420611813664, 4412139.562034379690886 ], [ -8489534.813026817515492, 4411886.884037639014423 ], [ -8489554.644709773361683, 4411634.898613722994924 ], [ -8489587.637112218886614, 4411384.296437165699899 ], [ -8489633.69980426877737, 4411135.764391111209989 ], [ -8489692.706531288102269, 4410889.983684624545276 ], [ -8489764.495559938251972, 4410647.627985537052155 ], [ -8489848.870121482759714, 4410409.361573974601924 ], [ -8489945.598951112478971, 4410175.837521609850228 ], [ -8490054.416921829804778, 4409947.695901636965573 ], [ -8490175.025771141052246, 4409725.562034379690886 ], [ -8490307.094918571412563, 4409510.044773327186704 ], [ -8490450.262371769174933, 4409301.734836312010884 ], [ -8490604.135718697682023, 4409101.203186390921474 ], [ -8490768.293203206732869, 4408908.999466879293323 ], [ -8490942.284881042316556, 4408725.6504948111251 ], [ -8491125.633853111416101, 4408551.65881697461009 ], [ -8491317.837572623044252, 4408387.501332465559244 ], [ -8491518.369222544133663, 4408233.627985537052155 ], [ -8491726.679159559309483, 4408090.460532339289784 ], [ -8491942.196420611813664, 4407958.391384907998145 ], [ -8492164.330287870019674, 4407837.782535598613322 ], [ -8492392.471907841041684, 4407728.964564881287515 ], [ -8492625.995960207656026, 4407632.235735251568258 ], [ -8492864.262371769174933, 4407547.861173707060516 ], [ -8493106.618070857599378, 4407476.07214505597949 ], [ -8493352.398777343332767, 4407417.065418036654592 ], [ -8493600.930823396891356, 4407371.002725986763835 ], [ -8493851.532999955117702, 4407338.010323541238904 ], [ -8494103.518423870205879, 4407318.178640584461391 ], [ -8494356.196420611813664, 4407311.562034379690886 ], [ -8494608.87441735342145, 4407318.178640584461391 ], [ -8494860.859841268509626, 4407338.010323541238904 ], [ -8495111.462017826735973, 4407371.002725986763835 ], [ -8495359.994063880294561, 4407417.065418036654592 ], [ -8495605.774770366027951, 4407476.07214505597949 ], [ -8495848.130469454452395, 4407547.861173707060516 ], [ -8496086.396881015971303, 4407632.235735251568258 ], [ -8496319.920933382585645, 4407728.964564881287515 ], [ -8496548.062553353607655, 4407837.782535598613322 ], [ -8496770.196420611813664, 4407958.391384907998145 ], [ -8496985.713681664317846, 4408090.460532339289784 ], [ -8497194.023618679493666, 4408233.627985537052155 ], [ -8497394.555268600583076, 4408387.501332465559244 ], [ -8497586.758988112211227, 4408551.65881697461009 ], [ -8497770.107960181310773, 4408725.6504948111251 ], [ -8497944.09963801689446, 4408908.999466879293323 ], [ -8498108.257122525945306, 4409101.203186390921474 ], [ -8498262.130469454452395, 4409301.734836312010884 ], [ -8498405.297922652214766, 4409510.044773327186704 ], [ -8498537.367070082575083, 4409725.562034379690886 ], [ -8498657.975919393822551, 4409947.695901636965573 ], [ -8498766.793890111148357, 4410175.837521609850228 ], [ -8498863.522719740867615, 4410409.361573974601924 ], [ -8498947.897281285375357, 4410647.627985537052155 ], [ -8499019.68630993552506, 4410889.983684624545276 ], [ -8499078.693036954849958, 4411135.764391111209989 ], [ -8499124.755729004740715, 4411384.296437165699899 ], [ -8499157.748131450265646, 4411634.898613722994924 ], [ -8499177.579814406111836, 4411886.884037639014423 ], [ -8499184.196420611813664, 4412139.562034379690886 ], [ -8499177.579814406111836, 4412392.240031120367348 ], [ -8499157.748131450265646, 4412644.225455035455525 ], [ -8499124.755729004740715, 4412894.827631593681872 ], [ -8499078.693036954849958, 4413143.359677648171782 ], [ -8499019.68630993552506, 4413389.140384134836495 ], [ -8498947.897281285375357, 4413631.496083222329617 ], [ -8498863.522719740867615, 4413869.762494784779847 ], [ -8498766.793890111148357, 4414103.286547149531543 ], [ -8498657.975919393822551, 4414331.428167122416198 ], [ -8498537.367070082575083, 4414553.562034379690886 ], [ -8498405.297922652214766, 4414769.079295432195067 ], [ -8498262.130469454452395, 4414977.389232447370887 ], [ -8498108.257122525945306, 4415177.920882368460298 ], [ -8497944.09963801689446, 4415370.124601880088449 ], [ -8497770.107960181310773, 4415553.473573948256671 ], [ -8497586.758988112211227, 4415727.465251784771681 ], [ -8497394.555268600583076, 4415891.622736293822527 ], [ -8497194.023618679493666, 4416045.496083222329617 ], [ -8496985.713681664317846, 4416188.663536420091987 ], [ -8496770.196420611813664, 4416320.732683851383626 ], [ -8496548.062553353607655, 4416441.341533160768449 ], [ -8496319.920933382585645, 4416550.159503878094256 ], [ -8496086.396881015971303, 4416646.888333507813513 ], [ -8495848.130469454452395, 4416731.262895052321255 ], [ -8495605.774770366027951, 4416803.051923703402281 ], [ -8495359.994063880294561, 4416862.05865072272718 ], [ -8495111.462017826735973, 4416908.121342772617936 ], [ -8494860.859841268509626, 4416941.113745218142867 ], [ -8494608.87441735342145, 4416960.94542817492038 ], [ -8494356.196420611813664, 4416967.562034379690886 ], [ -8494103.518423870205879, 4416960.94542817492038 ], [ -8493851.532999955117702, 4416941.113745218142867 ], [ -8493600.930823396891356, 4416908.121342772617936 ], [ -8493352.398777343332767, 4416862.05865072272718 ], [ -8493106.618070857599378, 4416803.051923703402281 ], [ -8492864.262371769174933, 4416731.262895052321255 ], [ -8492625.995960207656026, 4416646.888333507813513 ], [ -8492392.471907841041684, 4416550.159503878094256 ], [ -8492164.330287870019674, 4416441.341533160768449 ], [ -8491942.196420611813664, 4416320.732683851383626 ], [ -8491726.679159559309483, 4416188.663536420091987 ], [ -8491518.369222544133663, 4416045.496083222329617 ], [ -8491317.837572623044252, 4415891.622736293822527 ], [ -8491125.633853111416101, 4415727.465251784771681 ], [ -8490942.284881042316556, 4415553.473573948256671 ], [ -8490768.293203206732869, 4415370.124601880088449 ], [ -8490604.135718697682023, 4415177.920882368460298 ], [ -8490450.262371769174933, 4414977.389232447370887 ], [ -8490307.094918571412563, 4414769.079295432195067 ], [ -8490175.025771141052246, 4414553.562034379690886 ], [ -8490054.416921829804778, 4414331.428167122416198 ], [ -8489945.598951112478971, 4414103.286547149531543 ], [ -8489848.870121482759714, 4413869.762494784779847 ], [ -8489764.495559938251972, 4413631.496083222329617 ], [ -8489692.706531288102269, 4413389.140384134836495 ], [ -8489633.69980426877737, 4413143.359677648171782 ], [ -8489587.637112218886614, 4412894.827631593681872 ], [ -8489554.644709773361683, 4412644.225455036386847 ], [ -8489534.813026817515492, 4412392.240031120367348 ], [ -8489528.196420611813664, 4412139.562034379690886 ] ] ] } },
{ "type": "Feature", "properties": { "facility_name": "Spokane Waste-to-Energy Facility", "state": "WA" }, "geometry": { "type": "Polygon", "coordinates": [ [ [ -13074318.484205607324839, 6046649.48835767339915 ], [ -13074325.100811813026667, 6046396.810360932722688 ], [ -13074344.932494768872857, 6046144.824937016703188 ], [ -13074377.924897214397788, 6045894.222760459408164 ], [ -13074423.987589264288545, 6045645.690714404918253 ], [ -13074482.994316283613443, 6045399.910007918253541 ], [ -13074554.783344933763146, 6045157.554308830760419 ], [ -13074639.157906478270888, 6044919.287897268310189 ], [ -13074735.886736107990146, 6044685.763844903558493 ], [ -13074844.704706825315952, 6044457.622224930673838 ], [ -13074965.31355613656342, 6044235.48835767339915 ], [ -13075097.382703566923738, 6044019.971096620894969 ], [ -13075240.550156764686108, 6043811.661159605719149 ], [ -13075394.423503693193197, 6043611.129509684629738 ], [ -13075558.580988202244043, 6043418.925790173001587 ], [ -13075732.57266603782773, 6043235.576818104833364 ], [ -13075915.921638106927276, 6043061.585140268318355 ], [ -13076108.125357618555427, 6042897.427655759267509 ], [ -13076308.657007539644837, 6042743.554308830760419 ], [ -13076516.966944554820657, 6042600.386855632998049 ], [ -13076732.484205607324839, 6042468.317708201706409 ], [ -13076954.618072865530849, 6042347.708858892321587 ], [ -13077182.759692836552858, 6042238.89088817499578 ], [ -13077416.2837452031672, 6042142.162058545276523 ], [ -13077654.550156764686108, 6042057.787497000768781 ], [ -13077896.905855853110552, 6041985.998468349687755 ], [ -13078142.686562338843942, 6041926.991741330362856 ], [ -13078391.21860839240253, 6041880.9290492804721 ], [ -13078641.820784950628877, 6041847.936646834947169 ], [ -13078893.806208865717053, 6041828.104963878169656 ], [ -13079146.484205607324839, 6041821.48835767339915 ], [ -13079399.162202348932624, 6041828.104963878169656 ], [ -13079651.147626264020801, 6041847.936646834947169 ], [ -13079901.749802822247148, 6041880.9290492804721 ], [ -13080150.281848875805736, 6041926.991741330362856 ], [ -13080396.062555361539125, 6041985.998468349687755 ], [ -13080638.41825444996357, 6042057.787497000768781 ], [ -13080876.684666011482477, 6042142.162058545276523 ], [ -13081110.208718378096819, 6042238.89088817499578 ], [ -13081338.350338349118829, 6042347.708858892321587 ], [ -13081560.484205607324839, 6042468.317708201706409 ], [ -13081776.001466659829021, 6042600.386855632998049 ], [ -13081984.31140367500484, 6042743.554308830760419 ], [ -13082184.843053596094251, 6042897.427655759267509 ], [ -13082377.046773107722402, 6043061.585140268318355 ], [ -13082560.395745176821947, 6043235.576818104833364 ], [ -13082734.387423012405634, 6043418.925790173001587 ], [ -13082898.54490752145648, 6043611.129509684629738 ], [ -13083052.41825444996357, 6043811.661159605719149 ], [ -13083195.58570764772594, 6044019.971096620894969 ], [ -13083327.654855078086257, 6044235.48835767339915 ], [ -13083448.263704389333725, 6044457.622224930673838 ], [ -13083557.081675106659532, 6044685.763844903558493 ], [ -13083653.810504736378789, 6044919.287897268310189 ], [ -13083738.185066280886531, 6045157.554308830760419 ], [ -13083809.974094931036234, 6045399.910007918253541 ], [ -13083868.980821950361133, 6045645.690714404918253 ], [ -13083915.043514, 6045894.222760459408164 ], [ -13083948.03591644577682, 6046144.824937016703188 ], [ -13083967.867599401623011, 6046396.810360932722688 ], [ -13083974.484205607324839, 6046649.48835767339915 ], [ -13083967.867599401623011, 6046902.166354414075613 ], [ -13083948.03591644577682, 6047154.15177832916379 ], [ -13083915.043514, 6047404.753954887390137 ], [ -13083868.980821950361133, 6047653.286000941880047 ], [ -13083809.974094931036234, 6047899.06670742854476 ], [ -13083738.185066280886531, 6048141.422406516037881 ], [ -13083653.810504736378789, 6048379.688818078488111 ], [ -13083557.081675106659532, 6048613.212870443239808 ], [ -13083448.263704389333725, 6048841.354490416124463 ], [ -13083327.654855078086257, 6049063.48835767339915 ], [ -13083195.58570764772594, 6049279.005618725903332 ], [ -13083052.41825444996357, 6049487.315555741079152 ], [ -13082898.54490752145648, 6049687.847205662168562 ], [ -13082734.387423012405634, 6049880.050925173796713 ], [ -13082560.395745176821947, 6050063.399897241964936 ], [ -13082377.046773107722402, 6050237.391575078479946 ], [ -13082184.843053596094251, 6050401.549059587530792 ], [ -13081984.31140367500484, 6050555.422406516037881 ], [ -13081776.001466659829021, 6050698.589859713800251 ], [ -13081560.484205607324839, 6050830.659007145091891 ], [ -13081338.350338349118829, 6050951.267856454476714 ], [ -13081110.208718378096819, 6051060.085827171802521 ], [ -13080876.684666011482477, 6051156.814656801521778 ], [ -13080638.41825444996357, 6051241.18921834602952 ], [ -13080396.062555361539125, 6051312.978246997110546 ], [ -13080150.281848875805736, 6051371.984974016435444 ], [ -13079901.749802822247148, 6051418.047666066326201 ], [ -13079651.147626264020801, 6051451.040068511851132 ], [ -13079399.162202348932624, 6051470.871751468628645 ], [ -13079146.484205607324839, 6051477.48835767339915 ], [ -13078893.806208865717053, 6051470.871751468628645 ], [ -13078641.820784950628877, 6051451.040068511851132 ], [ -13078391.21860839240253, 6051418.047666066326201 ], [ -13078142.686562338843942, 6051371.984974016435444 ], [ -13077896.905855853110552, 6051312.978246997110546 ], [ -13077654.550156764686108, 6051241.18921834602952 ], [ -13077416.2837452031672, 6051156.814656801521778 ], [ -13077182.759692836552858, 6051060.085827171802521 ], [ -13076954.618072865530849, 6050951.267856454476714 ], [ -13076732.484205607324839, 6050830.659007145091891 ], [ -13076516.966944554820657, 6050698.589859713800251 ], [ -13076308.657007539644837, 6050555.422406516037881 ], [ -13076108.125357618555427, 6050401.549059587530792 ], [ -13075915.921638106927276, 6050237.391575078479946 ], [ -13075732.57266603782773, 6050063.399897241964936 ], [ -13075558.580988202244043, 6049880.050925173796713 ], [ -13075394.423503693193197, 6049687.847205662168562 ], [ -13075240.550156764686108, 6049487.315555741079152 ], [ -13075097.382703566923738, 6049279.005618725903332 ], [ -13074965.31355613656342, 6049063.48835767339915 ], [ -13074844.704706825315952, 6048841.354490416124463 ], [ -13074735.886736107990146, 6048613.212870443239808 ], [ -13074639.157906478270888, 6048379.688818078488111 ], [ -13074554.783344933763146, 6048141.422406516037881 ], [ -13074482.994316283613443, 6047899.06670742854476 ], [ -13074423.987589264288545, 6047653.286000941880047 ], [ -13074377.924897214397788, 6047404.753954887390137 ], [ -13074344.932494768872857, 6047154.151778330095112 ], [ -13074325.100811813026667, 6046902.166354414075613 ], [ -13074318.484205607324839, 6046649.48835767339915 ] ] ] } },
{ "type": "Feature", "properties": { "facility_name": "Barron County Waste-to-Energy & Recycling Facility", "state": "WI" }, "geometry": { "type": "Polygon", "coordinates": [ [ [ -10240818.737516073510051, 5678230.252366404049098 ], [ -10240825.354122279211879, 5677977.574369663372636 ], [ -10240845.185805235058069, 5677725.588945747353137 ], [ -10240878.178207680583, 5677474.986769190058112 ], [ -10240924.240899730473757, 5677226.454723135568202 ], [ -10240983.247626749798656, 5676980.674016648903489 ], [ -10241055.036655399948359, 5676738.318317561410367 ], [ -10241139.4112169444561, 5676500.051905998960137 ], [ -10241236.140046574175358, 5676266.527853634208441 ], [ -10241344.958017291501164, 5676038.386233661323786 ], [ -10241465.566866602748632, 5675816.252366404049098 ], [ -10241597.63601403310895, 5675600.735105351544917 ], [ -10241740.80346723087132, 5675392.425168336369097 ], [ -10241894.676814159378409, 5675191.893518415279686 ], [ -10242058.834298668429255, 5674999.689798903651536 ], [ -10242232.825976504012942, 5674816.340826835483313 ], [ -10242416.174948573112488, 5674642.349148998968303 ], [ -10242608.378668084740639, 5674478.191664489917457 ], [ -10242808.91031800583005, 5674324.318317561410367 ], [ -10243017.220255021005869, 5674181.150864363647997 ], [ -10243232.737516073510051, 5674049.081716932356358 ], [ -10243454.871383331716061, 5673928.472867622971535 ], [ -10243683.01300330273807, 5673819.654896905645728 ], [ -10243916.537055669352412, 5673722.926067275926471 ], [ -10244154.80346723087132, 5673638.551505731418729 ], [ -10244397.159166319295764, 5673566.762477080337703 ], [ -10244642.939872805029154, 5673507.755750061012805 ], [ -10244891.471918858587742, 5673461.693058011122048 ], [ -10245142.074095416814089, 5673428.700655565597117 ], [ -10245394.059519331902266, 5673408.868972608819604 ], [ -10245646.737516073510051, 5673402.252366404049098 ], [ -10245899.415512815117836, 5673408.868972608819604 ], [ -10246151.400936730206013, 5673428.700655565597117 ], [ -10246402.00311328843236, 5673461.693058011122048 ], [ -10246650.535159341990948, 5673507.755750061012805 ], [ -10246896.315865827724338, 5673566.762477080337703 ], [ -10247138.671564916148782, 5673638.551505731418729 ], [ -10247376.937976477667689, 5673722.926067275926471 ], [ -10247610.462028844282031, 5673819.654896905645728 ], [ -10247838.603648815304041, 5673928.472867622971535 ], [ -10248060.737516073510051, 5674049.081716932356358 ], [ -10248276.254777126014233, 5674181.150864363647997 ], [ -10248484.564714141190052, 5674324.318317561410367 ], [ -10248685.096364062279463, 5674478.191664489917457 ], [ -10248877.300083573907614, 5674642.349148998968303 ], [ -10249060.649055643007159, 5674816.340826835483313 ], [ -10249234.640733478590846, 5674999.689798903651536 ], [ -10249398.798217987641692, 5675191.893518415279686 ], [ -10249552.671564916148782, 5675392.425168336369097 ], [ -10249695.839018113911152, 5675600.735105351544917 ], [ -10249827.908165544271469, 5675816.252366404049098 ], [ -10249948.517014855518937, 5676038.386233661323786 ], [ -10250057.334985572844744, 5676266.527853634208441 ], [ -10250154.063815202564001, 5676500.051905998960137 ], [ -10250238.438376747071743, 5676738.318317561410367 ], [ -10250310.227405397221446, 5676980.674016648903489 ], [ -10250369.234132416546345, 5677226.454723135568202 ], [ -10250415.296824466437101, 5677474.986769190058112 ], [ -10250448.289226911962032, 5677725.588945747353137 ], [ -10250468.120909867808223, 5677977.574369663372636 ], [ -10250474.737516073510051, 5678230.252366404049098 ], [ -10250468.120909867808223, 5678482.930363144725561 ], [ -10250448.289226911962032, 5678734.915787059813738 ], [ -10250415.296824466437101, 5678985.517963618040085 ], [ -10250369.234132416546345, 5679234.050009672529995 ], [ -10250310.227405397221446, 5679479.830716159194708 ], [ -10250238.438376747071743, 5679722.186415246687829 ], [ -10250154.063815202564001, 5679960.45282680913806 ], [ -10250057.334985572844744, 5680193.976879173889756 ], [ -10249948.517014855518937, 5680422.118499146774411 ], [ -10249827.908165544271469, 5680644.252366404049098 ], [ -10249695.839018113911152, 5680859.76962745655328 ], [ -10249552.671564916148782, 5681068.0795644717291 ], [ -10249398.798217987641692, 5681268.611214392818511 ], [ -10249234.640733478590846, 5681460.814933904446661 ], [ -10249060.649055643007159, 5681644.163905972614884 ], [ -10248877.300083573907614, 5681818.155583809129894 ], [ -10248685.096364062279463, 5681982.31306831818074 ], [ -10248484.564714141190052, 5682136.186415246687829 ], [ -10248276.254777126014233, 5682279.3538684444502 ], [ -10248060.737516073510051, 5682411.423015875741839 ], [ -10247838.603648815304041, 5682532.031865185126662 ], [ -10247610.462028844282031, 5682640.849835902452469 ], [ -10247376.937976477667689, 5682737.578665532171726 ], [ -10247138.671564916148782, 5682821.953227076679468 ], [ -10246896.315865827724338, 5682893.742255727760494 ], [ -10246650.535159341990948, 5682952.748982747085392 ], [ -10246402.00311328843236, 5682998.811674796976149 ], [ -10246151.400936730206013, 5683031.80407724250108 ], [ -10245899.415512815117836, 5683051.635760199278593 ], [ -10245646.737516073510051, 5683058.252366404049098 ], [ -10245394.059519331902266, 5683051.635760199278593 ], [ -10245142.074095416814089, 5683031.80407724250108 ], [ -10244891.471918858587742, 5682998.811674796976149 ], [ -10244642.939872805029154, 5682952.748982747085392 ], [ -10244397.159166319295764, 5682893.742255727760494 ], [ -10244154.80346723087132, 5682821.953227076679468 ], [ -10243916.537055669352412, 5682737.578665532171726 ], [ -10243683.01300330273807, 5682640.849835902452469 ], [ -10243454.871383331716061, 5682532.031865185126662 ], [ -10243232.737516073510051, 5682411.423015875741839 ], [ -10243017.220255021005869, 5682279.3538684444502 ], [ -10242808.91031800583005, 5682136.186415246687829 ], [ -10242608.378668084740639, 5681982.31306831818074 ], [ -10242416.174948573112488, 5681818.155583809129894 ], [ -10242232.825976504012942, 5681644.163905972614884 ], [ -10242058.834298668429255, 5681460.814933904446661 ], [ -10241894.676814159378409, 5681268.611214392818511 ], [ -10241740.80346723087132, 5681068.0795644717291 ], [ -10241597.63601403310895, 5680859.76962745655328 ], [ -10241465.566866602748632, 5680644.252366404049098 ], [ -10241344.958017291501164, 5680422.118499146774411 ], [ -10241236.140046574175358, 5680193.976879173889756 ], [ -10241139.4112169444561, 5679960.45282680913806 ], [ -10241055.036655399948359, 5679722.186415246687829 ], [ -10240983.247626749798656, 5679479.830716159194708 ], [ -10240924.240899730473757, 5679234.050009672529995 ], [ -10240878.178207680583, 5678985.517963618040085 ], [ -10240845.185805235058069, 5678734.91578706074506 ], [ -10240825.354122279211879, 5678482.930363144725561 ], [ -10240818.737516073510051, 5678230.252366404049098 ] ] ] } },
{ "type": "Feature", "properties": { "facility_name": "Xcel Energy French Island Generating Station", "state": "WI" }, "geometry": { "type": "Polygon", "coordinates": [ [ [ -10154247.005547577515244, 5439300.505341973155737 ], [ -10154253.622153783217072, 5439047.827345232479274 ], [ -10154273.453836739063263, 5438795.841921316459775 ], [ -10154306.446239184588194, 5438545.239744759164751 ], [ -10154352.508931234478951, 5438296.70769870467484 ], [ -10154411.515658253803849, 5438050.926992218010128 ], [ -10154483.304686903953552, 5437808.571293130517006 ], [ -10154567.679248448461294, 5437570.304881568066776 ], [ -10154664.408078078180552, 5437336.780829203315079 ], [ -10154773.226048795506358, 5437108.639209230430424 ], [ -10154893.834898106753826, 5436886.505341973155737 ], [ -10155025.904045537114143, 5436670.988080920651555 ], [ -10155169.071498734876513, 5436462.678143905475736 ], [ -10155322.944845663383603, 5436262.146493984386325 ], [ -10155487.102330172434449, 5436069.942774472758174 ], [ -10155661.094008008018136, 5435886.593802404589951 ], [ -10155844.442980077117682, 5435712.602124568074942 ], [ -10156036.646699588745832, 5435548.444640059024096 ], [ -10156237.178349509835243, 5435394.571293130517006 ], [ -10156445.488286525011063, 5435251.403839932754636 ], [ -10156661.005547577515244, 5435119.334692501462996 ], [ -10156883.139414835721254, 5434998.725843192078173 ], [ -10157111.281034806743264, 5434889.907872474752367 ], [ -10157344.805087173357606, 5434793.179042845033109 ], [ -10157583.071498734876513, 5434708.804481300525367 ], [ -10157825.427197823300958, 5434637.015452649444342 ], [ -10158071.207904309034348, 5434578.008725630119443 ], [ -10158319.739950362592936, 5434531.946033580228686 ], [ -10158570.342126920819283, 5434498.953631134703755 ], [ -10158822.327550835907459, 5434479.121948177926242 ], [ -10159075.005547577515244, 5434472.505341973155737 ], [ -10159327.68354431912303, 5434479.121948177926242 ], [ -10159579.668968234211206, 5434498.953631134703755 ], [ -10159830.271144792437553, 5434531.946033580228686 ], [ -10160078.803190845996141, 5434578.008725630119443 ], [ -10160324.583897331729531, 5434637.015452649444342 ], [ -10160566.939596420153975, 5434708.804481300525367 ], [ -10160805.206007981672883, 5434793.179042845033109 ], [ -10161038.730060348287225, 5434889.907872474752367 ], [ -10161266.871680319309235, 5434998.725843192078173 ], [ -10161489.005547577515244, 5435119.334692501462996 ], [ -10161704.522808630019426, 5435251.403839932754636 ], [ -10161912.832745645195246, 5435394.571293130517006 ], [ -10162113.364395566284657, 5435548.444640059024096 ], [ -10162305.568115077912807, 5435712.602124568074942 ], [ -10162488.917087147012353, 5435886.593802404589951 ], [ -10162662.90876498259604, 5436069.942774472758174 ], [ -10162827.066249491646886, 5436262.146493984386325 ], [ -10162980.939596420153975, 5436462.678143905475736 ], [ -10163124.107049617916346, 5436670.988080920651555 ], [ -10163256.176197048276663, 5436886.505341973155737 ], [ -10163376.785046359524131, 5437108.639209230430424 ], [ -10163485.603017076849937, 5437336.780829203315079 ], [ -10163582.331846706569195, 5437570.304881568066776 ], [ -10163666.706408251076937, 5437808.571293130517006 ], [ -10163738.49543690122664, 5438050.926992218010128 ], [ -10163797.502163920551538, 5438296.70769870467484 ], [ -10163843.564855970442295, 5438545.239744759164751 ], [ -10163876.557258415967226, 5438795.841921316459775 ], [ -10163896.388941371813416, 5439047.827345232479274 ], [ -10163903.005547577515244, 5439300.505341973155737 ], [ -10163896.388941371813416, 5439553.1833387138322 ], [ -10163876.557258415967226, 5439805.168762628920376 ], [ -10163843.564855970442295, 5440055.770939187146723 ], [ -10163797.502163920551538, 5440304.302985241636634 ], [ -10163738.49543690122664, 5440550.083691728301346 ], [ -10163666.706408251076937, 5440792.439390815794468 ], [ -10163582.331846706569195, 5441030.705802378244698 ], [ -10163485.603017076849937, 5441264.229854742996395 ], [ -10163376.785046359524131, 5441492.37147471588105 ], [ -10163256.176197048276663, 5441714.505341973155737 ], [ -10163124.107049617916346, 5441930.022603025659919 ], [ -10162980.939596420153975, 5442138.332540040835738 ], [ -10162827.066249491646886, 5442338.864189961925149 ], [ -10162662.90876498259604, 5442531.0679094735533 ], [ -10162488.917087147012353, 5442714.416881541721523 ], [ -10162305.568115077912807, 5442888.408559378236532 ], [ -10162113.364395566284657, 5443052.566043887287378 ], [ -10161912.832745645195246, 5443206.439390815794468 ], [ -10161704.522808630019426, 5443349.606844013556838 ], [ -10161489.005547577515244, 5443481.675991444848478 ], [ -10161266.871680319309235, 5443602.284840754233301 ], [ -10161038.730060348287225, 5443711.102811471559107 ], [ -10160805.206007981672883, 5443807.831641101278365 ], [ -10160566.939596420153975, 5443892.206202645786107 ], [ -10160324.583897331729531, 5443963.995231296867132 ], [ -10160078.803190845996141, 5444023.001958316192031 ], [ -10159830.271144792437553, 5444069.064650366082788 ], [ -10159579.668968234211206, 5444102.057052811607718 ], [ -10159327.68354431912303, 5444121.888735768385231 ], [ -10159075.005547577515244, 5444128.505341973155737 ], [ -10158822.327550835907459, 5444121.888735768385231 ], [ -10158570.342126920819283, 5444102.057052811607718 ], [ -10158319.739950362592936, 5444069.064650366082788 ], [ -10158071.207904309034348, 5444023.001958316192031 ], [ -10157825.427197823300958, 5443963.995231296867132 ], [ -10157583.071498734876513, 5443892.206202645786107 ], [ -10157344.805087173357606, 5443807.831641101278365 ], [ -10157111.281034806743264, 5443711.102811471559107 ], [ -10156883.139414835721254, 5443602.284840754233301 ], [ -10156661.005547577515244, 5443481.675991444848478 ], [ -10156445.488286525011063, 5443349.606844013556838 ], [ -10156237.178349509835243, 5443206.439390815794468 ], [ -10156036.646699588745832, 5443052.566043887287378 ], [ -10155844.442980077117682, 5442888.408559378236532 ], [ -10155661.094008008018136, 5442714.416881541721523 ], [ -10155487.102330172434449, 5442531.0679094735533 ], [ -10155322.944845663383603, 5442338.864189961925149 ], [ -10155169.071498734876513, 5442138.332540040835738 ], [ -10155025.904045537114143, 5441930.022603025659919 ], [ -10154893.834898106753826, 5441714.505341973155737 ], [ -10154773.226048795506358, 5441492.37147471588105 ], [ -10154664.408078078180552, 5441264.229854742996395 ], [ -10154567.679248448461294, 5441030.705802378244698 ], [ -10154483.304686903953552, 5440792.439390815794468 ], [ -10154411.515658253803849, 5440550.083691728301346 ], [ -10154352.508931234478951, 5440304.302985241636634 ], [ -10154306.446239184588194, 5440055.770939187146723 ], [ -10154273.453836739063263, 5439805.168762629851699 ], [ -10154253.622153783217072, 5439553.1833387138322 ], [ -10154247.005547577515244, 5439300.505341973155737 ] ] ] } }
]
}
