{
"type": "FeatureCollection",
"name": "site_buffers_wgs84",
"crs": { "type": "name", "properties": { "name": "urn:ogc:def:crs:OGC:1.3:CRS84" } },
"features": [
{ "type": "Feature", "properties": { "facility_name": "Huntsville Waste to Energy Facility", "city": "Huntsville", "state": "AL" }, "geometry": { "type": "Polygon", "coordinates": [ [ [ -86.566938838082706, 34.672117 ], [ -86.566998276067537, 34.670250210754105 ], [ -86.567176427106645, 34.668388496350481 ], [ -86.567472802900397, 34.666536960136455 ], [ -86.56788659110336, 34.664700677899674 ], [ -86.568416657550827, 34.662884683946324 ], [ -86.569061549367518, 34.661093957289424 ], [ -86.569819498949784, 34.659333407985372 ], [ -86.570688428810499, 34.65760786365599 ], [ -86.571665957273325, 34.655922056233564 ], [ -86.572749405000678, 34.654280608965465 ], [ -86.573935802337658, 34.652688023713928 ], [ -86.575221897451613, 34.651148668586437 ], [ -86.576604165245257, 34.64966676593081 ], [ -86.578078817018621, 34.648246380728352 ], [ -86.57964181085373, 34.646891409416952 ], [ -86.581288862693086, 34.645605569175586 ], [ -86.583015458082116, 34.644392387699668 ], [ -86.584816864542859, 34.643255193495754 ], [ -86.586688144545406, 34.642197106722655 ], [ -86.588624169041353, 34.641221030604314 ], [ -86.590619631522131, 34.640329643438612 ], [ -86.592669062563772, 34.639525391224069 ], [ -86.594766844818281, 34.638810480925208 ], [ -86.596907228410259, 34.638186874395409 ], [ -86.599084346697111, 34.637656282973914 ], [ -86.601292232348882, 34.637220162772579 ], [ -86.603524833704526, 34.636879710664928 ], [ -86.605776031358886, 34.636635860989337 ], [ -86.608039654935666, 34.636489282975013 ], [ -86.6103095, 34.636440378898442 ], [ -86.612579345064333, 34.636489282975013 ], [ -86.614842968641113, 34.636635860989337 ], [ -86.617094166295473, 34.636879710664928 ], [ -86.619326767651103, 34.637220162772579 ], [ -86.621534653302888, 34.637656282973914 ], [ -86.62371177158974, 34.638186874395409 ], [ -86.625852155181704, 34.638810480925208 ], [ -86.627949937436213, 34.639525391224069 ], [ -86.629999368477854, 34.640329643438612 ], [ -86.631994830958632, 34.641221030604314 ], [ -86.633930855454594, 34.642197106722655 ], [ -86.635802135457141, 34.643255193495754 ], [ -86.637603541917869, 34.644392387699668 ], [ -86.639330137306899, 34.645605569175586 ], [ -86.640977189146284, 34.646891409416952 ], [ -86.642540182981364, 34.648246380728352 ], [ -86.644014834754728, 34.64966676593081 ], [ -86.645397102548387, 34.651148668586437 ], [ -86.646683197662341, 34.652688023713928 ], [ -86.647869594999321, 34.654280608965465 ], [ -86.648953042726674, 34.655922056233564 ], [ -86.6499305711895, 34.65760786365599 ], [ -86.650799501050216, 34.659333407985372 ], [ -86.651557450632481, 34.661093957289424 ], [ -86.652202342449158, 34.662884683946324 ], [ -86.652732408896625, 34.664700677899674 ], [ -86.653146197099602, 34.666536960136455 ], [ -86.653442572893368, 34.668388496350481 ], [ -86.653620723932463, 34.670250210754105 ], [ -86.653680161917293, 34.672117 ], [ -86.653620723932463, 34.673983747174773 ], [ -86.653442572893368, 34.675845335825947 ], [ -86.653146197099602, 34.67769666398398 ], [ -86.652732408896625, 34.679532658140722 ], [ -86.652202342449158, 34.681348287146292 ], [ -86.651557450632481, 34.68313857598605 ], [ -86.650799501050216, 34.684898619400471 ], [ -86.6499305711895, 34.686623595310351 ], [ -86.648953042726674, 34.68830877801112 ], [ -86.647869594999321, 34.689949551099986 ], [ -86.646683197662341, 34.691541420101188 ], [ -86.645397102548387, 34.693080024754622 ], [ -86.644014834754728, 34.694561150934796 ], [ -86.642540182981364, 34.695980742167677 ], [ -86.640977189146284, 34.697334910714254 ], [ -86.639330137306899, 34.698619948190796 ], [ -86.637603541917869, 34.69983233569716 ], [ -86.635802135457141, 34.700968753425698 ], [ -86.633930855454594, 34.702026089724825 ], [ -86.631994830958632, 34.703001449592925 ], [ -86.629999368477854, 34.703892162579507 ], [ -86.627949937436213, 34.704695790072506 ], [ -86.625852155181704, 34.705410131951965 ], [ -86.62371177158974, 34.706033232592254 ], [ -86.621534653302888, 34.70656338619672 ], [ -86.619326767651103, 34.70699914145036 ], [ -86.617094166295473, 34.707339305478065 ], [ -86.614842968641113, 34.707582947097734 ], [ -86.612579345064333, 34.707729399359629 ], [ -86.6103095, 34.707778261365092 ], [ -86.608039654935666, 34.707729399359629 ], [ -86.605776031358886, 34.707582947097734 ], [ -86.603524833704526, 34.707339305478065 ], [ -86.601292232348882, 34.70699914145036 ], [ -86.599084346697111, 34.70656338619672 ], [ -86.596907228410259, 34.706033232592254 ], [ -86.594766844818281, 34.705410131951965 ], [ -86.592669062563772, 34.704695790072506 ], [ -86.590619631522131, 34.703892162579507 ], [ -86.588624169041353, 34.703001449592925 ], [ -86.586688144545406, 34.702026089724825 ], [ -86.584816864542859, 34.700968753425698 ], [ -86.583015458082116, 34.69983233569716 ], [ -86.581288862693086, 34.698619948190796 ], [ -86.57964181085373, 34.697334910714254 ], [ -86.578078817018621, 34.695980742167677 ], [ -86.576604165245257, 34.694561150934796 ], [ -86.575221897451613, 34.693080024754622 ], [ -86.573935802337658, 34.691541420101188 ], [ -86.572749405000678, 34.689949551099986 ], [ -86.571665957273325, 34.68830877801112 ], [ -86.570688428810499, 34.686623595310351 ], [ -86.569819498949784, 34.684898619400471 ], [ -86.569061549367518, 34.68313857598605 ], [ -86.568416657550827, 34.681348287146292 ], [ -86.56788659110336, 34.679532658140722 ], [ -86.567472802900397, 34.67769666398398 ], [ -86.567176427106645, 34.675845335825947 ], [ -86.566998276067537, 34.673983747174773 ], [ -86.566938838082706, 34.672117 ] ] ] } },
{ "type": "Feature", "properties": { "facility_name": "Southeast Resource Recovery Facility (SERRF) ", "city": "Long Beach", "state": "CA" }, "geometry": { "type": "Polygon", "coordinates": [ [ [ -118.197230938082683, 33.7592599 ], [ -118.197290376067542, 33.75737277586385 ], [ -118.197468527106622, 33.755490782831089 ], [ -118.197764902900374, 33.753619079824993 ], [ -118.198178691103337, 33.751762797898344 ], [ -118.198708757550804, 33.749927026160364 ], [ -118.199353649367495, 33.748116797814966 ], [ -118.200111598949775, 33.746337076348809 ], [ -118.200980528810476, 33.74459274190734 ], [ -118.201958057273302, 33.742888577896068 ], [ -118.20304150500067, 33.741229257844367 ], [ -118.204227902337635, 33.739619332567884 ], [ -118.205513997451604, 33.738063217665044 ], [ -118.206896265245248, 33.736565181382495 ], [ -118.208370917018613, 33.735129332882671 ], [ -118.209933910853707, 33.733759610946414 ], [ -118.211580962693077, 33.732459773141812 ], [ -118.213307558082107, 33.731233385489261 ], [ -118.21510896454285, 33.730083812651628 ], [ -118.216980244545383, 33.729014208676659 ], [ -118.21891626904133, 33.72802750831751 ], [ -118.220911731522122, 33.727126418955386 ], [ -118.222961162563749, 33.726313413147111 ], [ -118.225058944818272, 33.725590721817994 ], [ -118.227199328410251, 33.724960328119316 ], [ -118.229376446697103, 33.724423961967439 ], [ -118.231584332348859, 33.723983095279699 ], [ -118.233816933704503, 33.723638937920647 ], [ -118.236068131358863, 33.723392434369572 ], [ -118.238331754935629, 33.723244261119085 ], [ -118.240601599999977, 33.723194824811578 ], [ -118.24287144506431, 33.723244261119085 ], [ -118.245135068641105, 33.723392434369572 ], [ -118.247386266295464, 33.723638937920647 ], [ -118.24961886765108, 33.723983095279699 ], [ -118.251826753302865, 33.724423961967439 ], [ -118.254003871589717, 33.724960328119316 ], [ -118.256144255181695, 33.725590721817994 ], [ -118.25824203743619, 33.726313413147111 ], [ -118.260291468477845, 33.727126418955386 ], [ -118.262286930958638, 33.72802750831751 ], [ -118.264222955454585, 33.729014208676659 ], [ -118.266094235457118, 33.730083812651628 ], [ -118.26789564191786, 33.731233385489261 ], [ -118.269622237306891, 33.732459773141812 ], [ -118.271269289146261, 33.733759610946414 ], [ -118.272832282981355, 33.735129332882671 ], [ -118.274306934754719, 33.736565181382495 ], [ -118.275689202548349, 33.738063217665044 ], [ -118.276975297662332, 33.739619332567884 ], [ -118.278161694999284, 33.741229257844367 ], [ -118.279245142726666, 33.742888577896068 ], [ -118.280222671189492, 33.74459274190734 ], [ -118.281091601050193, 33.746337076348809 ], [ -118.281849550632458, 33.748116797814966 ], [ -118.282494442449135, 33.749927026160364 ], [ -118.283024508896602, 33.751762797898344 ], [ -118.283438297099579, 33.753619079824993 ], [ -118.283734672893345, 33.755490782831089 ], [ -118.283912823932425, 33.75737277586385 ], [ -118.283972261917285, 33.7592599 ], [ -118.283912823932425, 33.761146982591669 ], [ -118.283734672893345, 33.763028851446172 ], [ -118.283438297099579, 33.764900349000769 ], [ -118.283024508896602, 33.766756346453619 ], [ -118.282494442449135, 33.768591757812281 ], [ -118.281849550632458, 33.77040155382123 ], [ -118.281091601050193, 33.772180775730561 ], [ -118.280222671189492, 33.773924548868102 ], [ -118.279245142726666, 33.775628095978099 ], [ -118.278161694999284, 33.77728675029006 ], [ -118.276975297662332, 33.778895968282363 ], [ -118.275689202548349, 33.780451342105692 ], [ -118.274306934754719, 33.78194861163287 ], [ -118.272832282981355, 33.783383676102169 ], [ -118.271269289146261, 33.784752605322751 ], [ -118.269622237306891, 33.786051650411686 ], [ -118.26789564191786, 33.787277254033746 ], [ -118.266094235457118, 33.788426060116059 ], [ -118.264222955454585, 33.789494923011603 ], [ -118.262286930958638, 33.790480916086672 ], [ -118.260291468477845, 33.791381339709169 ], [ -118.25824203743619, 33.792193728616283 ], [ -118.256144255181695, 33.792915858641585 ], [ -118.254003871589717, 33.793545752783558 ], [ -118.251826753302865, 33.7940816865991 ], [ -118.24961886765108, 33.7945221929076 ], [ -118.247386266295464, 33.794866065792952 ], [ -118.245135068641105, 33.795112363892578 ], [ -118.24287144506431, 33.795260412964851 ], [ -118.240601599999977, 33.795309807727897 ], [ -118.238331754935629, 33.795260412964851 ], [ -118.236068131358863, 33.795112363892578 ], [ -118.233816933704503, 33.794866065792952 ], [ -118.231584332348859, 33.7945221929076 ], [ -118.229376446697103, 33.7940816865991 ], [ -118.227199328410251, 33.793545752783558 ], [ -118.225058944818272, 33.792915858641585 ], [ -118.222961162563749, 33.792193728616283 ], [ -118.220911731522122, 33.791381339709169 ], [ -118.21891626904133, 33.790480916086672 ], [ -118.216980244545383, 33.789494923011603 ], [ -118.21510896454285, 33.788426060116059 ], [ -118.213307558082107, 33.787277254033746 ], [ -118.211580962693077, 33.786051650411686 ], [ -118.209933910853707, 33.784752605322751 ], [ -118.208370917018613, 33.783383676102169 ], [ -118.206896265245248, 33.78194861163287 ], [ -118.205513997451604, 33.780451342105692 ], [ -118.204227902337635, 33.778895968282363 ], [ -118.20304150500067, 33.77728675029006 ], [ -118.201958057273302, 33.775628095978099 ], [ -118.200980528810476, 33.773924548868102 ], [ -118.200111598949775, 33.772180775730561 ], [ -118.199353649367495, 33.77040155382123 ], [ -118.198708757550804, 33.768591757812281 ], [ -118.198178691103337, 33.766756346453619 ], [ -118.197764902900374, 33.764900349000769 ], [ -118.197468527106622, 33.763028851446172 ], [ -118.197290376067542, 33.761146982591669 ], [ -118.197230938082683, 33.7592599 ] ] ] } },
{ "type": "Feature", "properties": { "facility_name": "Stanislaus County Resource Recovery Facility ", "city": "Crows Landing", "state": "CA" }, "geometry": { "type": "Polygon", "coordinates": [ [ [ -121.094194338082701, 37.389169 ], [ -121.094253776067532, 37.387365519619735 ], [ -121.094431927106612, 37.385566939248733 ], [ -121.094728302900393, 37.383778189204193 ], [ -121.095142091103355, 37.382004173207598 ], [ -121.095672157550823, 37.380249754934397 ], [ -121.096317049367514, 37.378519744669532 ], [ -121.097074998949765, 37.376818886105895 ], [ -121.097943928810466, 37.375151843321838 ], [ -121.09892145727332, 37.373523187973746 ], [ -121.100004905000674, 37.371937386739134 ], [ -121.101191302337654, 37.3703987890447 ], [ -121.102477397451594, 37.368911615113653 ], [ -121.103859665245238, 37.367479944365051 ], [ -121.105334317018631, 37.366107704197638 ], [ -121.106897310853725, 37.36479865918907 ], [ -121.108544362693095, 37.363556400740606 ], [ -121.110270958082097, 37.362384337196112 ], [ -121.11207236454284, 37.361285684462771 ], [ -121.113943644545373, 37.360263457159711 ], [ -121.115879669041348, 37.359320460319054 ], [ -121.117875131522112, 37.358459281662768 ], [ -121.119924562563767, 37.357682284476638 ], [ -121.122022344818262, 37.356991601101463 ], [ -121.124162728410241, 37.356389127059373 ], [ -121.126339846697093, 37.355876515832094 ], [ -121.128547732348878, 37.355455174305298 ], [ -121.130780333704507, 37.355126258892213 ], [ -121.133031531358853, 37.354890672346976 ], [ -121.135295154935648, 37.354749061276955 ], [ -121.137565, 37.35470181436073 ], [ -121.139834845064328, 37.354749061276955 ], [ -121.142098468641095, 37.354890672346976 ], [ -121.144349666295454, 37.355126258892213 ], [ -121.146582267651098, 37.355455174305298 ], [ -121.148790153302883, 37.355876515832094 ], [ -121.150967271589735, 37.356389127059373 ], [ -121.153107655181714, 37.356991601101463 ], [ -121.155205437436209, 37.357682284476638 ], [ -121.157254868477835, 37.358459281662768 ], [ -121.159250330958628, 37.359320460319054 ], [ -121.161186355454575, 37.360263457159711 ], [ -121.163057635457136, 37.361285684462771 ], [ -121.164859041917879, 37.362384337196112 ], [ -121.166585637306881, 37.363556400740606 ], [ -121.168232689146251, 37.36479865918907 ], [ -121.169795682981345, 37.366107704197638 ], [ -121.171270334754738, 37.367479944365051 ], [ -121.172652602548368, 37.368911615113653 ], [ -121.173938697662322, 37.3703987890447 ], [ -121.175125094999302, 37.371937386739134 ], [ -121.176208542726656, 37.373523187973746 ], [ -121.177186071189482, 37.375151843321838 ], [ -121.178055001050211, 37.376818886105895 ], [ -121.178812950632462, 37.378519744669532 ], [ -121.179457842449153, 37.380249754934397 ], [ -121.179987908896621, 37.382004173207598 ], [ -121.180401697099569, 37.383778189204193 ], [ -121.180698072893364, 37.385566939248733 ], [ -121.180876223932444, 37.387365519619735 ], [ -121.180935661917275, 37.389169 ], [ -121.180876223932444, 37.390972436996236 ], [ -121.180698072893364, 37.392770887690467 ], [ -121.180401697099569, 37.394559423186273 ], [ -121.179987908896621, 37.396333142112809 ], [ -121.179457842449153, 37.39808718404938 ], [ -121.178812950632462, 37.399816742834275 ], [ -121.178055001050211, 37.401517079721124 ], [ -121.177186071189482, 37.403183536347157 ], [ -121.176208542726656, 37.404811547478069 ], [ -121.175125094999302, 37.406396653494532 ], [ -121.173938697662322, 37.407934512586785 ], [ -121.172652602548368, 37.409420912623929 ], [ -121.171270334754738, 37.41085178266583 ], [ -121.169795682981345, 37.412223204086452 ], [ -121.168232689146251, 37.41353142127852 ], [ -121.166585637306881, 37.414772851910492 ], [ -121.164859041917879, 37.415944096708238 ], [ -121.163057635457136, 37.417041948734926 ], [ -121.161186355454575, 37.418063402144149 ], [ -121.159250330958628, 37.419005660382723 ], [ -121.157254868477835, 37.419866143820961 ], [ -121.155205437436209, 37.420642496790016 ], [ -121.153107655181714, 37.421332594007282 ], [ -121.150967271589735, 37.421934546372682 ], [ -121.148790153302883, 37.422446706120091 ], [ -121.146582267651098, 37.422867671310357 ], [ -121.144349666295454, 37.423196289653447 ], [ -121.142098468641095, 37.423431661650007 ], [ -121.139834845064328, 37.423573143043299 ], [ -121.137565, 37.423620346575511 ], [ -121.135295154935648, 37.423573143043299 ], [ -121.133031531358853, 37.423431661650007 ], [ -121.130780333704507, 37.423196289653447 ], [ -121.128547732348878, 37.422867671310357 ], [ -121.126339846697093, 37.422446706120091 ], [ -121.124162728410241, 37.421934546372682 ], [ -121.122022344818262, 37.421332594007282 ], [ -121.119924562563767, 37.420642496790016 ], [ -121.117875131522112, 37.419866143820961 ], [ -121.115879669041348, 37.419005660382723 ], [ -121.113943644545373, 37.418063402144149 ], [ -121.11207236454284, 37.417041948734926 ], [ -121.110270958082097, 37.415944096708238 ], [ -121.108544362693095, 37.414772851910492 ], [ -121.106897310853725, 37.41353142127852 ], [ -121.105334317018631, 37.412223204086452 ], [ -121.103859665245238, 37.41085178266583 ], [ -121.102477397451594, 37.409420912623929 ], [ -121.101191302337654, 37.407934512586785 ], [ -121.100004905000674, 37.406396653494532 ], [ -121.09892145727332, 37.404811547478069 ], [ -121.097943928810466, 37.403183536347157 ], [ -121.097074998949765, 37.401517079721124 ], [ -121.096317049367514, 37.399816742834275 ], [ -121.095672157550823, 37.39808718404938 ], [ -121.095142091103355, 37.396333142112809 ], [ -121.094728302900393, 37.394559423186273 ], [ -121.094431927106612, 37.392770887690475 ], [ -121.094253776067532, 37.390972436996236 ], [ -121.094194338082701, 37.389169 ] ] ] } },
{ "type": "Feature", "properties": { "facility_name": "Bristol Resource Recovery Facility", "city": "Bristol", "state": "CT" }, "geometry": { "type": "Polygon", "coordinates": [ [ [ -72.871988338082701, 41.649459 ], [ -72.872047776067546, 41.647762893384815 ], [ -72.872225927106626, 41.646071391209446 ], [ -72.872522302900393, 41.644389130312362 ], [ -72.872936091103369, 41.642720722561123 ], [ -72.873466157550837, 41.641070742201656 ], [ -72.874111049367528, 41.639443713306783 ], [ -72.874868998949793, 41.637844097358631 ], [ -72.875737928810508, 41.636276280999084 ], [ -72.876715457273335, 41.634744563982153 ], [ -72.877798905000674, 41.633253147361479 ], [ -72.878985302337654, 41.631806121945672 ], [ -72.880271397451622, 41.630407457053551 ], [ -72.881653665245267, 41.629060989600234 ], [ -72.883128317018631, 41.62777041354461 ], [ -72.884691310853739, 41.626539269727367 ], [ -72.886338362693095, 41.625370936127858 ], [ -72.888064958082111, 41.624268618566958 ], [ -72.889866364542854, 41.623235341881809 ], [ -72.891737644545401, 41.622273941597001 ], [ -72.893673669041362, 41.621387056115523 ], [ -72.895669131522126, 41.620577119451298 ], [ -72.897718562563782, 41.619846354523389 ], [ -72.899816344818277, 41.619196767031077 ], [ -72.901956728410255, 41.618630139926459 ], [ -72.904133846697107, 41.618148028500357 ], [ -72.906341732348892, 41.617751756095288 ], [ -72.908574333704522, 41.617442410457258 ], [ -72.910825531358881, 41.617220840736977 ], [ -72.913089154935662, 41.617087655148644 ], [ -72.915359, 41.617043219292874 ], [ -72.917628845064328, 41.617087655148644 ], [ -72.919892468641109, 41.617220840736977 ], [ -72.922143666295469, 41.617442410457258 ], [ -72.924376267651112, 41.617751756095288 ], [ -72.926584153302898, 41.618148028500357 ], [ -72.928761271589735, 41.618630139926459 ], [ -72.930901655181728, 41.619196767031077 ], [ -72.932999437436209, 41.619846354523389 ], [ -72.935048868477864, 41.620577119451298 ], [ -72.937044330958642, 41.621387056115523 ], [ -72.938980355454603, 41.622273941597001 ], [ -72.940851635457136, 41.623235341881809 ], [ -72.942653041917879, 41.624268618566958 ], [ -72.944379637306895, 41.625370936127858 ], [ -72.946026689146265, 41.626539269727367 ], [ -72.947589682981359, 41.62777041354461 ], [ -72.949064334754738, 41.629060989600234 ], [ -72.950446602548382, 41.630407457053551 ], [ -72.951732697662337, 41.631806121945672 ], [ -72.952919094999316, 41.633253147361479 ], [ -72.95400254272667, 41.634744563982153 ], [ -72.954980071189496, 41.636276280999084 ], [ -72.955849001050211, 41.637844097358631 ], [ -72.956606950632477, 41.639443713306783 ], [ -72.957251842449168, 41.641070742201656 ], [ -72.957781908896635, 41.642720722561123 ], [ -72.958195697099583, 41.644389130312362 ], [ -72.958492072893364, 41.646071391209446 ], [ -72.958670223932458, 41.647762893384815 ], [ -72.958729661917289, 41.649459 ], [ -72.958670223932458, 41.651155061960942 ], [ -72.958492072893364, 41.652846430662827 ], [ -72.958195697099583, 41.654528470729552 ], [ -72.957781908896635, 41.656196572713021 ], [ -72.957251842449168, 41.657846165717366 ], [ -72.956606950632477, 41.659472729913702 ], [ -72.955849001050211, 41.661071808911238 ], [ -72.954980071189496, 41.662639021951037 ], [ -72.95400254272667, 41.664170075889196 ], [ -72.952919094999316, 41.665660776936896 ], [ -72.951732697662337, 41.667107042125501 ], [ -72.950446602548382, 41.668504910465394 ], [ -72.949064334754738, 41.669850553768661 ], [ -72.947589682981359, 41.671140287105956 ], [ -72.946026689146265, 41.672370578869618 ], [ -72.944379637306895, 41.673538060415545 ], [ -72.942653041917879, 41.674639535258152 ], [ -72.940851635457136, 41.675671987793301 ], [ -72.938980355454603, 41.676632591525937 ], [ -72.937044330958642, 41.677518716780291 ], [ -72.935048868477864, 41.678327937871636 ], [ -72.932999437436209, 41.679058039720857 ], [ -72.930901655181728, 41.679707023893528 ], [ -72.928761271589735, 41.68027311404763 ], [ -72.926584153302898, 41.680754760775272 ], [ -72.924376267651112, 41.681150645825298 ], [ -72.922143666295469, 41.681459685695614 ], [ -72.919892468641123, 41.68168103458558 ], [ -72.917628845064328, 41.68181408670047 ], [ -72.915359, 41.681858477902004 ], [ -72.913089154935662, 41.68181408670047 ], [ -72.910825531358881, 41.68168103458558 ], [ -72.908574333704522, 41.681459685695614 ], [ -72.906341732348892, 41.681150645825298 ], [ -72.904133846697107, 41.680754760775272 ], [ -72.901956728410255, 41.68027311404763 ], [ -72.899816344818277, 41.679707023893528 ], [ -72.897718562563782, 41.679058039720857 ], [ -72.895669131522126, 41.678327937871636 ], [ -72.893673669041362, 41.677518716780291 ], [ -72.891737644545401, 41.676632591525937 ], [ -72.889866364542854, 41.675671987793301 ], [ -72.888064958082111, 41.674639535258152 ], [ -72.886338362693095, 41.673538060415545 ], [ -72.884691310853739, 41.672370578869618 ], [ -72.883128317018631, 41.671140287105956 ], [ -72.881653665245267, 41.669850553768661 ], [ -72.880271397451622, 41.668504910465394 ], [ -72.878985302337654, 41.667107042125501 ], [ -72.877798905000674, 41.665660776936896 ], [ -72.876715457273335, 41.664170075889196 ], [ -72.875737928810508, 41.662639021951037 ], [ -72.874868998949793, 41.661071808911238 ], [ -72.874111049367528, 41.659472729913702 ], [ -72.873466157550837, 41.657846165717366 ], [ -72.872936091103369, 41.656196572713021 ], [ -72.872522302900393, 41.654528470729552 ], [ -72.872225927106626, 41.652846430662834 ], [ -72.872047776067546, 41.651155061960942 ], [ -72.871988338082701, 41.649459 ] ] ] } },
{ "type": "Feature", "properties": { "facility_name": "Mid-Connecticut Resource Recovery Facility ", "city": "Hartford", "state": "CT" }, "geometry": { "type": "Polygon", "coordinates": [ [ [ -72.610981838082708, 41.7445209 ], [ -72.611041276067539, 41.742827298484322 ], [ -72.611219427106633, 41.741138294525058 ], [ -72.611515802900399, 41.739458518113452 ], [ -72.611929591103376, 41.737792574307569 ], [ -72.612459657550843, 41.736145030600333 ], [ -72.613104549367534, 41.734520404386473 ], [ -72.6138624989498, 41.732923150563266 ], [ -72.614731428810515, 41.731357649299014 ], [ -72.615708957273341, 41.729828194003147 ], [ -72.61679240500068, 41.728338979531152 ], [ -72.61797880233766, 41.72689409065682 ], [ -72.619264897451615, 41.725497490844063 ], [ -72.620647165245259, 41.724153011349017 ], [ -72.622121817018638, 41.722864340683024 ], [ -72.623684810853746, 41.721635014465562 ], [ -72.625331862693102, 41.720468405695421 ], [ -72.627058458082118, 41.719367715467207 ], [ -72.628859864542861, 41.718335964158975 ], [ -72.630731144545408, 41.71737598311568 ], [ -72.632667169041369, 41.716490406851534 ], [ -72.634662631522133, 41.715681665793191 ], [ -72.636712062563788, 41.714951979583788 ], [ -72.638809844818283, 41.714303350966972 ], [ -72.640950228410262, 41.713737560267568 ], [ -72.643127346697113, 41.713256160484761 ], [ -72.645335232348899, 41.712860473011204 ], [ -72.647567833704528, 41.712551583990304 ], [ -72.649819031358888, 41.712330341321682 ], [ -72.652082654935668, 41.71219735232345 ], [ -72.6543525, 41.712152982057617 ], [ -72.656622345064335, 41.71219735232345 ], [ -72.65888596864113, 41.712330341321682 ], [ -72.661137166295475, 41.712551583990304 ], [ -72.663369767651119, 41.712860473011204 ], [ -72.665577653302904, 41.713256160484761 ], [ -72.667754771589742, 41.713737560267568 ], [ -72.669895155181734, 41.714303350966972 ], [ -72.671992937436215, 41.714951979583788 ], [ -72.67404236847787, 41.715681665793191 ], [ -72.676037830958649, 41.716490406851534 ], [ -72.67797385545461, 41.71737598311568 ], [ -72.679845135457143, 41.718335964158975 ], [ -72.681646541917885, 41.719367715467207 ], [ -72.683373137306901, 41.720468405695421 ], [ -72.685020189146272, 41.721635014465562 ], [ -72.686583182981366, 41.722864340683024 ], [ -72.688057834754744, 41.724153011349017 ], [ -72.689440102548375, 41.725497490844063 ], [ -72.690726197662343, 41.72689409065682 ], [ -72.691912594999323, 41.728338979531152 ], [ -72.692996042726676, 41.729828194003147 ], [ -72.693973571189503, 41.731357649299014 ], [ -72.694842501050218, 41.732923150563266 ], [ -72.695600450632483, 41.734520404386473 ], [ -72.696245342449174, 41.736145030600333 ], [ -72.696775408896642, 41.737792574307569 ], [ -72.69718919709959, 41.739458518113452 ], [ -72.69748557289337, 41.741138294525058 ], [ -72.697663723932465, 41.742827298484322 ], [ -72.697723161917295, 41.7445209 ], [ -72.697663723932465, 41.746214456844264 ], [ -72.69748557289337, 41.747903327278728 ], [ -72.69718919709959, 41.749582882775108 ], [ -72.696775408896642, 41.75124852069569 ], [ -72.696245342449174, 41.752895676898909 ], [ -72.695600450632483, 41.754519838235616 ], [ -72.694842501050218, 41.75611655490183 ], [ -72.693973571189503, 41.757681452614442 ], [ -72.692996042726676, 41.759210244576664 ], [ -72.691912594999323, 41.760698743200656 ], [ -72.690726197662343, 41.762142871555575 ], [ -72.689440102548375, 41.763538674509931 ], [ -72.688057834754744, 41.764882329538153 ], [ -72.686583182981366, 41.766170157161909 ], [ -72.685020189146272, 41.767398630998279 ], [ -72.683373137306901, 41.768564387387336 ], [ -72.681646541917885, 41.769664234573348 ], [ -72.679845135457143, 41.7706951614148 ], [ -72.67797385545461, 41.771654345599771 ], [ -72.676037830958649, 41.772539161344575 ], [ -72.67404236847787, 41.773347186555 ], [ -72.671992937436215, 41.774076209430852 ], [ -72.669895155181734, 41.774724234496134 ], [ -72.667754771589742, 41.775289488038624 ], [ -72.665577653302904, 41.775770422944369 ], [ -72.663369767651119, 41.776165722913987 ], [ -72.661137166295475, 41.776474306049657 ], [ -72.65888596864113, 41.77669532780309 ], [ -72.656622345064335, 41.776828183276557 ], [ -72.6543525, 41.776872508871001 ], [ -72.652082654935668, 41.776828183276557 ], [ -72.649819031358888, 41.77669532780309 ], [ -72.647567833704528, 41.776474306049657 ], [ -72.645335232348899, 41.776165722913987 ], [ -72.643127346697113, 41.775770422944369 ], [ -72.640950228410262, 41.775289488038624 ], [ -72.638809844818283, 41.774724234496134 ], [ -72.636712062563788, 41.774076209430852 ], [ -72.634662631522133, 41.773347186555 ], [ -72.632667169041369, 41.772539161344575 ], [ -72.630731144545408, 41.771654345599771 ], [ -72.628859864542861, 41.7706951614148 ], [ -72.627058458082118, 41.769664234573348 ], [ -72.625331862693102, 41.768564387387336 ], [ -72.623684810853746, 41.767398630998279 ], [ -72.622121817018638, 41.766170157161909 ], [ -72.620647165245259, 41.764882329538153 ], [ -72.619264897451615, 41.763538674509931 ], [ -72.61797880233766, 41.762142871555575 ], [ -72.61679240500068, 41.760698743200656 ], [ -72.615708957273341, 41.759210244576664 ], [ -72.614731428810515, 41.757681452614442 ], [ -72.6138624989498, 41.75611655490183 ], [ -72.613104549367534, 41.754519838235616 ], [ -72.612459657550843, 41.752895676898909 ], [ -72.611929591103376, 41.75124852069569 ], [ -72.611515802900399, 41.749582882775108 ], [ -72.611219427106633, 41.747903327278735 ], [ -72.611041276067539, 41.746214456844264 ], [ -72.610981838082708, 41.7445209 ] ] ] } },
{ "type": "Feature", "properties": { "facility_name": "Southeastern Connecticut Resource Recovery Center", "city": "Preston", "state": "CT" }, "geometry": { "type": "Polygon", "coordinates": [ [ [ -72.04133953808271, 41.3706732 ], [ -72.041398976067526, 41.36896977368918 ], [ -72.041577127106635, 41.367270971933934 ], [ -72.041873502900401, 41.365581451579757 ], [ -72.042287291103364, 41.3639058443908 ], [ -72.042817357550831, 41.362248744344676 ], [ -72.043462249367536, 41.360614695026911 ], [ -72.044220198949787, 41.359008177159872 ], [ -72.045089128810503, 41.357433596300496 ], [ -72.046066657273329, 41.355895270740881 ], [ -72.047150105000668, 41.354397419644982 ], [ -72.048336502337648, 41.352944151454388 ], [ -72.049622597451616, 41.351539452595176 ], [ -72.051004865245261, 41.350187176517267 ], [ -72.052479517018625, 41.348891033096542 ], [ -72.054042510853733, 41.347654578429299 ], [ -72.05568956269309, 41.346481205047397 ], [ -72.057416158082106, 41.345374132581206 ], [ -72.059217564542848, 41.344336398896587 ], [ -72.061088844545409, 41.343370851730405 ], [ -72.063024869041342, 41.342480140848039 ], [ -72.065020331522121, 41.341666710744818 ], [ -72.067069762563776, 41.340932793911556 ], [ -72.069167544818271, 41.340280404683426 ], [ -72.071307928410263, 41.339711333688896 ], [ -72.073485046697087, 41.33922714291468 ], [ -72.075692932348886, 41.338829161400348 ], [ -72.07792553370453, 41.338518481574553 ], [ -72.080176731358875, 41.338295956243407 ], [ -72.08244035493567, 41.338162196239274 ], [ -72.0847102, 41.338117568736536 ], [ -72.086980045064323, 41.338162196239274 ], [ -72.089243668641103, 41.338295956243407 ], [ -72.091494866295463, 41.338518481574553 ], [ -72.093727467651107, 41.338829161400348 ], [ -72.095935353302892, 41.33922714291468 ], [ -72.098112471589729, 41.339711333688896 ], [ -72.100252855181722, 41.340280404683426 ], [ -72.102350637436203, 41.340932793911556 ], [ -72.104400068477858, 41.341666710744818 ], [ -72.10639553095865, 41.342480140848039 ], [ -72.108331555454598, 41.343370851730405 ], [ -72.110202835457144, 41.344336398896587 ], [ -72.112004241917873, 41.345374132581206 ], [ -72.113730837306889, 41.346481205047397 ], [ -72.115377889146259, 41.347654578429299 ], [ -72.116940882981353, 41.348891033096542 ], [ -72.118415534754732, 41.350187176517267 ], [ -72.119797802548376, 41.351539452595176 ], [ -72.121083897662331, 41.352944151454388 ], [ -72.122270294999325, 41.354397419644982 ], [ -72.123353742726678, 41.355895270740881 ], [ -72.12433127118949, 41.357433596300496 ], [ -72.125200201050205, 41.359008177159872 ], [ -72.125958150632471, 41.360614695026911 ], [ -72.126603042449162, 41.362248744344676 ], [ -72.127133108896643, 41.3639058443908 ], [ -72.127546897099592, 41.365581451579757 ], [ -72.127843272893358, 41.367270971933934 ], [ -72.128021423932466, 41.36896977368918 ], [ -72.128080861917283, 41.3706732 ], [ -72.128021423932466, 41.372376581709737 ], [ -72.127843272893358, 41.374075250150426 ], [ -72.127546897099592, 41.375764549937188 ], [ -72.127133108896643, 41.377439851722457 ], [ -72.126603042449162, 41.379096564874679 ], [ -72.125958150632471, 41.380730150047228 ], [ -72.125200201050205, 41.382336131603012 ], [ -72.12433127118949, 41.383910109861006 ], [ -72.123353742726678, 41.385447773131368 ], [ -72.122270294999325, 41.386944909506333 ], [ -72.121083897662331, 41.388397418374929 ], [ -72.119797802548376, 41.389801321630372 ], [ -72.118415534754732, 41.391152774539542 ], [ -72.116940882981353, 41.392448076245373 ], [ -72.115377889146259, 41.393683679873575 ], [ -72.113730837306889, 41.394856202216445 ], [ -72.112004241917873, 41.395962432967764 ], [ -72.110202835457144, 41.396999343483699 ], [ -72.108331555454598, 41.397964095046184 ], [ -72.10639553095865, 41.398854046606623 ], [ -72.104400068477858, 41.399666761989003 ], [ -72.102350637436203, 41.400400016533112 ], [ -72.100252855181722, 41.401051803159966 ], [ -72.098112471589729, 41.401620337843333 ], [ -72.095935353302892, 41.402104064472404 ], [ -72.093727467651107, 41.40250165909292 ], [ -72.091494866295463, 41.402812033515083 ], [ -72.089243668641117, 41.403034338278864 ], [ -72.086980045064323, 41.403167964968475 ], [ -72.0847102, 41.403212547870147 ], [ -72.08244035493567, 41.403167964968475 ], [ -72.08017673135889, 41.403034338278864 ], [ -72.07792553370453, 41.402812033515083 ], [ -72.075692932348886, 41.40250165909292 ], [ -72.073485046697087, 41.402104064472404 ], [ -72.071307928410263, 41.401620337843333 ], [ -72.069167544818271, 41.401051803159966 ], [ -72.067069762563776, 41.400400016533112 ], [ -72.065020331522121, 41.399666761989003 ], [ -72.063024869041342, 41.398854046606623 ], [ -72.061088844545409, 41.397964095046184 ], [ -72.059217564542848, 41.396999343483699 ], [ -72.057416158082106, 41.395962432967764 ], [ -72.05568956269309, 41.394856202216445 ], [ -72.054042510853733, 41.393683679873575 ], [ -72.052479517018625, 41.392448076245373 ], [ -72.051004865245261, 41.391152774539542 ], [ -72.049622597451616, 41.389801321630372 ], [ -72.048336502337648, 41.388397418374929 ], [ -72.047150105000668, 41.386944909506333 ], [ -72.046066657273329, 41.385447773131368 ], [ -72.045089128810503, 41.383910109861006 ], [ -72.044220198949787, 41.382336131603012 ], [ -72.043462249367536, 41.380730150047228 ], [ -72.042817357550831, 41.379096564874679 ], [ -72.042287291103364, 41.377439851722457 ], [ -72.041873502900401, 41.375764549937188 ], [ -72.041577127106635, 41.374075250150426 ], [ -72.041398976067526, 41.372376581709737 ], [ -72.04133953808271, 41.3706732 ] ] ] } },
{ "type": "Feature", "properties": { "facility_name": "Wheelabrator Bridgeport", "city": "Bridgeport, ", "state": "CT" }, "geometry": { "type": "Polygon", "coordinates": [ [ [ -73.165140738082712, 41.1628434 ], [ -73.165200176067529, 41.161134543217855 ], [ -73.165378327106637, 41.159430325918073 ], [ -73.165674702900404, 41.157735419789255 ], [ -73.166088491103366, 41.156054471356747 ], [ -73.166618557550848, 41.154392089236993 ], [ -73.167263449367539, 41.152752831491782 ], [ -73.168021398949804, 41.151141193117653 ], [ -73.168890328810505, 41.149561593704398 ], [ -73.169867857273331, 41.148018365297283 ], [ -73.170951305000671, 41.146515740496028 ], [ -73.172137702337665, 41.145057840823853 ], [ -73.173423797451619, 41.14364866539843 ], [ -73.174806065245264, 41.142292079936517 ], [ -73.176280717018642, 41.140991806122514 ], [ -73.177843710853736, 41.13975141137054 ], [ -73.179490762693106, 41.138574299008589 ], [ -73.181217358082122, 41.137463698912022 ], [ -73.183018764542851, 41.136422658612346 ], [ -73.184890044545412, 41.135454034906424 ], [ -73.186826069041359, 41.134560485989084 ], [ -73.188821531522137, 41.133744464131503 ], [ -73.190870962563793, 41.133008208925546 ], [ -73.192968744818288, 41.132353741113064 ], [ -73.195109128410266, 41.131782857017427 ], [ -73.197286246697104, 41.13129712359283 ], [ -73.199494132348903, 41.130897874105287 ], [ -73.201726733704533, 41.130586204457373 ], [ -73.203977931358878, 41.130362970167013 ], [ -73.206241554935673, 41.130228784008928 ], [ -73.2085114, 41.130184014325032 ], [ -73.210781245064325, 41.130228784008928 ], [ -73.213044868641106, 41.130362970167013 ], [ -73.215296066295465, 41.130586204457373 ], [ -73.217528667651123, 41.130897874105287 ], [ -73.219736553302909, 41.13129712359283 ], [ -73.221913671589732, 41.131782857017427 ], [ -73.224054055181739, 41.132353741113064 ], [ -73.22615183743622, 41.133008208925546 ], [ -73.228201268477875, 41.133744464131503 ], [ -73.230196730958653, 41.134560485989084 ], [ -73.2321327554546, 41.135454034906424 ], [ -73.234004035457147, 41.136422658612346 ], [ -73.23580544191789, 41.137463698912022 ], [ -73.237532037306906, 41.138574299008589 ], [ -73.239179089146262, 41.13975141137054 ], [ -73.24074208298137, 41.140991806122514 ], [ -73.242216734754734, 41.142292079936517 ], [ -73.243599002548379, 41.14364866539843 ], [ -73.244885097662348, 41.145057840823853 ], [ -73.246071494999327, 41.146515740496028 ], [ -73.247154942726681, 41.148018365297283 ], [ -73.248132471189493, 41.149561593704398 ], [ -73.249001401050222, 41.151141193117653 ], [ -73.249759350632473, 41.152752831491782 ], [ -73.250404242449179, 41.154392089236993 ], [ -73.250934308896646, 41.156054471356747 ], [ -73.251348097099594, 41.157735419789255 ], [ -73.251644472893361, 41.159430325918073 ], [ -73.251822623932469, 41.161134543217855 ], [ -73.2518820619173, 41.1628434 ], [ -73.251822623932469, 41.164552212223448 ], [ -73.251644472893361, 41.166256296335362 ], [ -73.251348097099594, 41.167950982106383 ], [ -73.250934308896646, 41.169631625425417 ], [ -73.250404242449179, 41.171293621018954 ], [ -73.249759350632473, 41.172932415060018 ], [ -73.249001401050222, 41.174543517632564 ], [ -73.248132471189493, 41.17612251501712 ], [ -73.247154942726681, 41.177665081764388 ], [ -73.246071494999327, 41.179166992523903 ], [ -73.244885097662348, 41.180624133595693 ], [ -73.243599002548379, 41.182032514173422 ], [ -73.242216734754734, 41.183388277248881 ], [ -73.24074208298137, 41.184687710147898 ], [ -73.239179089146262, 41.1859272546696 ], [ -73.237532037306906, 41.187103516801272 ], [ -73.23580544191789, 41.188213275982889 ], [ -73.234004035457147, 41.189253493896153 ], [ -73.2321327554546, 41.190221322754454 ], [ -73.230196730958653, 41.191114113071485 ], [ -73.228201268477875, 41.191929420887419 ], [ -73.22615183743622, 41.192665014433629 ], [ -73.224054055181739, 41.193318880217497 ], [ -73.221913671589732, 41.19388922851163 ], [ -73.219736553302909, 41.194374498232193 ], [ -73.217528667651123, 41.19477336119359 ], [ -73.215296066295465, 41.195084725728108 ], [ -73.21304486864112, 41.195307739660706 ], [ -73.210781245064325, 41.195441792630966 ], [ -73.2085114, 41.195486517756173 ], [ -73.206241554935673, 41.195441792630966 ], [ -73.203977931358892, 41.195307739660706 ], [ -73.201726733704533, 41.195084725728108 ], [ -73.199494132348903, 41.19477336119359 ], [ -73.197286246697104, 41.194374498232193 ], [ -73.195109128410266, 41.19388922851163 ], [ -73.192968744818288, 41.193318880217497 ], [ -73.190870962563793, 41.192665014433629 ], [ -73.188821531522137, 41.191929420887419 ], [ -73.186826069041359, 41.191114113071485 ], [ -73.184890044545412, 41.190221322754454 ], [ -73.183018764542851, 41.189253493896153 ], [ -73.181217358082122, 41.188213275982889 ], [ -73.179490762693106, 41.187103516801272 ], [ -73.177843710853736, 41.1859272546696 ], [ -73.176280717018642, 41.184687710147898 ], [ -73.174806065245264, 41.183388277248881 ], [ -73.173423797451619, 41.182032514173422 ], [ -73.172137702337665, 41.180624133595693 ], [ -73.170951305000671, 41.179166992523903 ], [ -73.169867857273331, 41.177665081764388 ], [ -73.168890328810505, 41.17612251501712 ], [ -73.168021398949804, 41.174543517632564 ], [ -73.167263449367539, 41.172932415060018 ], [ -73.166618557550848, 41.171293621018954 ], [ -73.166088491103366, 41.169631625425417 ], [ -73.165674702900404, 41.167950982106383 ], [ -73.165378327106637, 41.166256296335369 ], [ -73.165200176067529, 41.164552212223448 ], [ -73.165140738082712, 41.1628434 ] ] ] } },
{ "type": "Feature", "properties": { "facility_name": "Wheelabrator Lisbon", "city": "Lisbon", "state": "CT" }, "geometry": { "type": "Polygon", "coordinates": [ [ [ -71.998538438082704, 41.5843469 ], [ -71.998597876067521, 41.582649080225245 ], [ -71.998776027106629, 41.580955869597972 ], [ -71.999072402900396, 41.579271909639232 ], [ -71.999486191103358, 41.577601816873354 ], [ -72.000016257550826, 41.575950170164454 ], [ -72.000661149367517, 41.574321498152266 ], [ -72.001419098949782, 41.572720266822088 ], [ -72.002288028810497, 41.571150867242864 ], [ -72.003265557273309, 41.569617603507425 ], [ -72.004349005000662, 41.568124680908113 ], [ -72.005535402337657, 41.56667619438057 ], [ -72.006821497451611, 41.565276117247535 ], [ -72.008203765245256, 41.563928290294122 ], [ -72.009678417018634, 41.562636411204593 ], [ -72.011241410853728, 41.561404024390221 ], [ -72.012888462693098, 41.560234511236388 ], [ -72.014615058082114, 41.559131080796099 ], [ -72.016416464542843, 41.558096760955856 ], [ -72.01828774454539, 41.557134390098582 ], [ -72.020223769041337, 41.556246609286639 ], [ -72.022219231522129, 41.555435854987117 ], [ -72.024268662563784, 41.55470435235938 ], [ -72.026366444818265, 41.554054109123967 ], [ -72.028506828410258, 41.553486910029619 ], [ -72.030683946697096, 41.553004311934373 ], [ -72.032891832348881, 41.552607639514115 ], [ -72.035124433704524, 41.552297981610863 ], [ -72.03737563135887, 41.55207618823087 ], [ -72.039639254935665, 41.551942868201117 ], [ -72.041909099999984, 41.551898387490574 ], [ -72.044178945064317, 41.551942868201117 ], [ -72.046442568641112, 41.55207618823087 ], [ -72.048693766295457, 41.552297981610863 ], [ -72.050926367651101, 41.552607639514115 ], [ -72.0531342533029, 41.553004311934373 ], [ -72.055311371589724, 41.553486910029619 ], [ -72.057451755181717, 41.554054109123967 ], [ -72.059549537436212, 41.55470435235938 ], [ -72.061598968477867, 41.555435854987117 ], [ -72.063594430958645, 41.556246609286639 ], [ -72.065530455454578, 41.557134390098582 ], [ -72.067401735457139, 41.558096760955856 ], [ -72.069203141917882, 41.559131080796099 ], [ -72.070929737306898, 41.560234511236388 ], [ -72.072576789146254, 41.561404024390221 ], [ -72.074139782981362, 41.562636411204593 ], [ -72.075614434754726, 41.563928290294122 ], [ -72.076996702548371, 41.565276117247535 ], [ -72.078282797662339, 41.56667619438057 ], [ -72.079469194999319, 41.568124680908113 ], [ -72.080552642726659, 41.569617603507425 ], [ -72.081530171189485, 41.571150867242864 ], [ -72.0823991010502, 41.572720266822088 ], [ -72.083157050632451, 41.574321498152266 ], [ -72.083801942449156, 41.575950170164454 ], [ -72.084332008896638, 41.577601816873354 ], [ -72.084745797099586, 41.579271909639232 ], [ -72.085042172893353, 41.580955869597972 ], [ -72.085220323932461, 41.582649080225245 ], [ -72.085279761917278, 41.5843469 ], [ -72.085220323932461, 41.586044675132548 ], [ -72.085042172893353, 41.587737752322326 ], [ -72.084745797099586, 41.589421491510251 ], [ -72.084332008896638, 41.591091278590795 ], [ -72.083801942449156, 41.592742538049016 ], [ -72.083157050632451, 41.59437074548795 ], [ -72.0823991010502, 41.595971440012299 ], [ -72.081530171189485, 41.597540236434448 ], [ -72.080552642726659, 41.599072837269894 ], [ -72.079469194999319, 41.600565044489166 ], [ -72.078282797662339, 41.602012770994484 ], [ -72.076996702548371, 41.603412051790052 ], [ -72.075614434754726, 41.604759054815638 ], [ -72.074139782981362, 41.606050091414055 ], [ -72.072576789146254, 41.607281626404564 ], [ -72.070929737306898, 41.608450287734563 ], [ -72.069203141917882, 41.609552875683775 ], [ -72.067401735457139, 41.610586371596213 ], [ -72.065530455454578, 41.611547946116104 ], [ -72.063594430958645, 41.612434966905901 ], [ -72.061598968477867, 41.613245005825469 ], [ -72.059549537436212, 41.613975845553291 ], [ -72.057451755181717, 41.614625485631741 ], [ -72.055311371589724, 41.615192147920339 ], [ -72.0531342533029, 41.615674281442438 ], [ -72.050926367651101, 41.61607056661208 ], [ -72.048693766295457, 41.61637991883007 ], [ -72.046442568641112, 41.61660149143929 ], [ -72.044178945064317, 41.61673467803157 ], [ -72.041909099999984, 41.616779114099927 ], [ -72.039639254935665, 41.61673467803157 ], [ -72.037375631358884, 41.61660149143929 ], [ -72.035124433704524, 41.61637991883007 ], [ -72.032891832348881, 41.61607056661208 ], [ -72.030683946697096, 41.615674281442438 ], [ -72.028506828410258, 41.615192147920339 ], [ -72.026366444818265, 41.614625485631741 ], [ -72.024268662563784, 41.613975845553291 ], [ -72.022219231522129, 41.613245005825469 ], [ -72.020223769041337, 41.612434966905901 ], [ -72.01828774454539, 41.611547946116104 ], [ -72.016416464542843, 41.610586371596213 ], [ -72.014615058082114, 41.609552875683775 ], [ -72.012888462693098, 41.608450287734563 ], [ -72.011241410853728, 41.607281626404564 ], [ -72.009678417018634, 41.606050091414055 ], [ -72.008203765245256, 41.604759054815638 ], [ -72.006821497451611, 41.603412051790052 ], [ -72.005535402337657, 41.602012770994484 ], [ -72.004349005000662, 41.600565044489166 ], [ -72.003265557273309, 41.599072837269894 ], [ -72.002288028810497, 41.597540236434448 ], [ -72.001419098949782, 41.595971440012299 ], [ -72.000661149367517, 41.59437074548795 ], [ -72.000016257550826, 41.592742538049016 ], [ -71.999486191103358, 41.591091278590795 ], [ -71.999072402900396, 41.589421491510251 ], [ -71.998776027106629, 41.587737752322333 ], [ -71.998597876067521, 41.586044675132548 ], [ -71.998538438082704, 41.5843469 ] ] ] } },
{ "type": "Feature", "properties": { "facility_name": "Bay County Waste Facility", "city": "Panama City", "state": "FL" }, "geometry": { "type": "Polygon", "coordinates": [ [ [ -85.476440538082713, 30.2660656 ], [ -85.476499976067558, 30.264105128378596 ], [ -85.476678127106638, 30.26214999129111 ], [ -85.476974502900404, 30.260205548114488 ], [ -85.477388291103381, 30.258277129228908 ], [ -85.477918357550848, 30.256370021398784 ], [ -85.478563249367525, 30.254489453270061 ], [ -85.479321198949791, 30.252640581023584 ], [ -85.480190128810506, 30.250828474223916 ], [ -85.481167657273332, 30.24905810190285 ], [ -85.482251105000685, 30.247334318915879 ], [ -85.483437502337665, 30.24566185260915 ], [ -85.48472359745162, 30.244045289833863 ], [ -85.486105865245264, 30.242489064344131 ], [ -85.487580517018642, 30.240997444612933 ], [ -85.489143510853737, 30.239574522099957 ], [ -85.490790562693107, 30.238224200004019 ], [ -85.492517158082123, 30.236950182531096 ], [ -85.494318564542866, 30.235755964707739 ], [ -85.496189844545412, 30.234644822768221 ], [ -85.49812586904136, 30.233619805142151 ], [ -85.500121331522152, 30.232683724067559 ], [ -85.502170762563793, 30.231839147852739 ], [ -85.504268544818288, 30.231088393808562 ], [ -85.506408928410266, 30.230433521870754 ], [ -85.508586046697118, 30.229876328929958 ], [ -85.510793932348903, 30.229418343885431 ], [ -85.513026533704519, 30.229060823436182 ], [ -85.515277731358893, 30.228804748621144 ], [ -85.517541354935673, 30.22865082211819 ], [ -85.5198112, 30.228599466309415 ], [ -85.52208104506434, 30.22865082211819 ], [ -85.524344668641135, 30.228804748621144 ], [ -85.52659586629548, 30.229060823436182 ], [ -85.528828467651124, 30.229418343885431 ], [ -85.531036353302895, 30.229876328929958 ], [ -85.533213471589747, 30.230433521870754 ], [ -85.535353855181725, 30.231088393808562 ], [ -85.537451637436234, 30.231839147852739 ], [ -85.539501068477861, 30.232683724067559 ], [ -85.541496530958653, 30.233619805142151 ], [ -85.543432555454601, 30.234644822768221 ], [ -85.545303835457148, 30.235755964707739 ], [ -85.54710524191789, 30.236950182531096 ], [ -85.548831837306906, 30.238224200004019 ], [ -85.550478889146277, 30.239574522099957 ], [ -85.552041882981371, 30.240997444612933 ], [ -85.553516534754749, 30.242489064344131 ], [ -85.554898802548379, 30.244045289833863 ], [ -85.556184897662348, 30.24566185260915 ], [ -85.557371294999314, 30.247334318915879 ], [ -85.558454742726681, 30.24905810190285 ], [ -85.559432271189507, 30.250828474223916 ], [ -85.560301201050223, 30.252640581023584 ], [ -85.561059150632474, 30.254489453270061 ], [ -85.561704042449179, 30.256370021398784 ], [ -85.562234108896646, 30.258277129228908 ], [ -85.562647897099595, 30.260205548114488 ], [ -85.562944272893375, 30.26214999129111 ], [ -85.563122423932455, 30.264105128378596 ], [ -85.5631818619173, 30.2660656 ], [ -85.563122423932455, 30.268026032476588 ], [ -85.562944272893375, 30.269981052558503 ], [ -85.562647897099595, 30.271925302150713 ], [ -85.562234108896646, 30.273853452994043 ], [ -85.561704042449179, 30.275760221260771 ], [ -85.561059150632474, 30.277640382025272 ], [ -85.560301201050223, 30.27948878356991 ], [ -85.559432271189507, 30.281300361487201 ], [ -85.558454742726681, 30.283070152539899 ], [ -85.557371294999314, 30.284793308241021 ], [ -85.556184897662348, 30.286465108117106 ], [ -85.554898802548379, 30.288080972618509 ], [ -85.553516534754749, 30.289636475641519 ], [ -85.552041882981371, 30.291127356628689 ], [ -85.550478889146277, 30.292549532214174 ], [ -85.548831837306906, 30.293899107382607 ], [ -85.54710524191789, 30.295172386111531 ], [ -85.545303835457148, 30.296365881468237 ], [ -85.543432555454601, 30.29747632513395 ], [ -85.541496530958653, 30.298500676329464 ], [ -85.539501068477861, 30.299436130118345 ], [ -85.537451637436234, 30.300280125064916 ], [ -85.535353855181725, 30.301030350226842 ], [ -85.533213471589747, 30.301684751462929 ], [ -85.531036353302895, 30.302241537039627 ], [ -85.528828467651124, 30.302699182520858 ], [ -85.52659586629548, 30.30305643492791 ], [ -85.524344668641135, 30.303312316158614 ], [ -85.52208104506434, 30.303466125656033 ], [ -85.5198112, 30.303517442320018 ], [ -85.517541354935673, 30.303466125656033 ], [ -85.515277731358893, 30.303312316158614 ], [ -85.513026533704519, 30.30305643492791 ], [ -85.510793932348903, 30.302699182520858 ], [ -85.508586046697118, 30.302241537039627 ], [ -85.506408928410266, 30.301684751462929 ], [ -85.504268544818288, 30.301030350226842 ], [ -85.502170762563793, 30.300280125064916 ], [ -85.500121331522152, 30.299436130118345 ], [ -85.49812586904136, 30.298500676329464 ], [ -85.496189844545412, 30.29747632513395 ], [ -85.494318564542866, 30.296365881468237 ], [ -85.492517158082123, 30.295172386111531 ], [ -85.490790562693107, 30.293899107382607 ], [ -85.489143510853737, 30.292549532214174 ], [ -85.487580517018642, 30.291127356628689 ], [ -85.486105865245264, 30.289636475641519 ], [ -85.48472359745162, 30.288080972618509 ], [ -85.483437502337665, 30.286465108117106 ], [ -85.482251105000685, 30.284793308241021 ], [ -85.481167657273332, 30.283070152539899 ], [ -85.480190128810506, 30.281300361487201 ], [ -85.479321198949791, 30.27948878356991 ], [ -85.478563249367525, 30.277640382025272 ], [ -85.477918357550848, 30.275760221260771 ], [ -85.477388291103381, 30.273853452994043 ], [ -85.476974502900404, 30.271925302150713 ], [ -85.476678127106638, 30.269981052558503 ], [ -85.476499976067558, 30.268026032476588 ], [ -85.476440538082713, 30.2660656 ] ] ] } },
{ "type": "Feature", "properties": { "facility_name": "Hillsborough County Resource Recovery Facility ", "city": "Tampa", "state": "FL" }, "geometry": { "type": "Polygon", "coordinates": [ [ [ -82.291942338082706, 27.9555818 ], [ -82.292001776067536, 27.953576801627761 ], [ -82.292179927106631, 27.95157726173575 ], [ -82.292476302900397, 27.949588661382698 ], [ -82.292890091103359, 27.947616451941965 ], [ -82.293420157550827, 27.945666040151391 ], [ -82.294065049367518, 27.94374277328221 ], [ -82.294822998949769, 27.941851924468072 ], [ -82.295691928810498, 27.93999867823425 ], [ -82.29666945727331, 27.93818811626701 ], [ -82.297752905000678, 27.936425203462477 ], [ -82.298939302337644, 27.934714774293244 ], [ -82.300225397451612, 27.93306151953059 ], [ -82.301607665245257, 27.931469973358826 ], [ -82.303082317018621, 27.929944500917642 ], [ -82.304645310853715, 27.928489286306519 ], [ -82.306292362693085, 27.927108321084905 ], [ -82.308018958082101, 27.925805393299601 ], [ -82.309820364542858, 27.924584077070083 ], [ -82.311691644545405, 27.923447722760553 ], [ -82.313627669041352, 27.922399447765805 ], [ -82.315623131522131, 27.921442127936942 ], [ -82.317672562563772, 27.920578389670315 ], [ -82.319770344818266, 27.919810602681938 ], [ -82.321910728410259, 27.919140873487478 ], [ -82.324087846697097, 27.918571039605748 ], [ -82.326295732348882, 27.918102664502179 ], [ -82.328528333704526, 27.917737033286009 ], [ -82.330779531358885, 27.917475149173381 ], [ -82.333043154935666, 27.917317730726161 ], [ -82.335313, 27.917265209874159 ], [ -82.337582845064333, 27.917317730726161 ], [ -82.339846468641113, 27.917475149173381 ], [ -82.342097666295473, 27.917737033286009 ], [ -82.344330267651102, 27.918102664502179 ], [ -82.346538153302888, 27.918571039605748 ], [ -82.348715271589725, 27.919140873487478 ], [ -82.350855655181704, 27.919810602681938 ], [ -82.352953437436213, 27.920578389670315 ], [ -82.355002868477854, 27.921442127936942 ], [ -82.356998330958632, 27.922399447765805 ], [ -82.358934355454593, 27.923447722760553 ], [ -82.36080563545714, 27.924584077070083 ], [ -82.362607041917869, 27.925805393299601 ], [ -82.364333637306885, 27.927108321084905 ], [ -82.365980689146269, 27.928489286306519 ], [ -82.367543682981349, 27.929944500917642 ], [ -82.369018334754728, 27.931469973358826 ], [ -82.370400602548386, 27.93306151953059 ], [ -82.371686697662327, 27.934714774293244 ], [ -82.372873094999306, 27.936425203462477 ], [ -82.373956542726674, 27.93818811626701 ], [ -82.3749340711895, 27.93999867823425 ], [ -82.375803001050201, 27.941851924468072 ], [ -82.376560950632481, 27.94374277328221 ], [ -82.377205842449158, 27.945666040151391 ], [ -82.377735908896625, 27.947616451941965 ], [ -82.378149697099602, 27.949588661382698 ], [ -82.378446072893354, 27.95157726173575 ], [ -82.378624223932448, 27.953576801627761 ], [ -82.378683661917279, 27.9555818 ], [ -82.378624223932448, 27.957586761136557 ], [ -82.378446072893354, 27.95958618972956 ], [ -82.378149697099602, 27.961574605939653 ], [ -82.377735908896625, 27.963546560410979 ], [ -82.377205842449158, 27.965496649199242 ], [ -82.376560950632481, 27.967419528572034 ], [ -82.375803001050201, 27.969309929641231 ], [ -82.3749340711895, 27.971162672787163 ], [ -82.373956542726674, 27.972972681835454 ], [ -82.372873094999306, 27.974734997947916 ], [ -82.371686697662327, 27.976444793189437 ], [ -82.370400602548386, 27.978097383734188 ], [ -82.369018334754728, 27.979688242675131 ], [ -82.367543682981349, 27.98121301240208 ], [ -82.365980689146269, 27.982667516514574 ], [ -82.364333637306885, 27.984047771237616 ], [ -82.362607041917869, 27.985349996308699 ], [ -82.36080563545714, 27.986570625307458 ], [ -82.358934355454593, 27.987706315399173 ], [ -82.356998330958632, 27.988753956466297 ], [ -82.355002868477854, 27.989710679603217 ], [ -82.352953437436213, 27.990573864951021 ], [ -82.350855655181704, 27.991341148851625 ], [ -82.348715271589725, 27.992010430301285 ], [ -82.346538153302888, 27.992579876686754 ], [ -82.344330267651102, 27.993047928788087 ], [ -82.342097666295473, 27.993413305034938 ], [ -82.339846468641113, 27.993675005004672 ], [ -82.337582845064333, 27.993832312152882 ], [ -82.335313, 27.993884795769251 ], [ -82.333043154935666, 27.993832312152882 ], [ -82.330779531358885, 27.993675005004672 ], [ -82.328528333704526, 27.993413305034938 ], [ -82.326295732348882, 27.993047928788087 ], [ -82.324087846697097, 27.992579876686754 ], [ -82.321910728410259, 27.992010430301285 ], [ -82.319770344818266, 27.991341148851625 ], [ -82.317672562563772, 27.990573864951021 ], [ -82.315623131522131, 27.989710679603217 ], [ -82.313627669041352, 27.988753956466297 ], [ -82.311691644545405, 27.987706315399173 ], [ -82.309820364542858, 27.986570625307458 ], [ -82.308018958082101, 27.985349996308699 ], [ -82.306292362693085, 27.984047771237616 ], [ -82.304645310853715, 27.982667516514574 ], [ -82.303082317018621, 27.98121301240208 ], [ -82.301607665245257, 27.979688242675131 ], [ -82.300225397451612, 27.978097383734188 ], [ -82.298939302337644, 27.976444793189437 ], [ -82.297752905000678, 27.974734997947916 ], [ -82.29666945727331, 27.972972681835454 ], [ -82.295691928810498, 27.971162672787163 ], [ -82.294822998949769, 27.969309929641231 ], [ -82.294065049367518, 27.967419528572034 ], [ -82.293420157550827, 27.965496649199242 ], [ -82.292890091103359, 27.963546560410979 ], [ -82.292476302900397, 27.961574605939653 ], [ -82.292179927106631, 27.95958618972956 ], [ -82.292001776067536, 27.957586761136557 ], [ -82.291942338082706, 27.9555818 ] ] ] } },
{ "type": "Feature", "properties": { "facility_name": "Lake County Resource Recovery Facility", "city": "Okahumpka", "state": "FL" }, "geometry": { "type": "Polygon", "coordinates": [ [ [ -81.846069238082706, 28.740832 ], [ -81.846128676067551, 28.73884177247432 ], [ -81.846306827106645, 28.736856962269023 ], [ -81.846603202900411, 28.734883010078036 ], [ -81.847016991103359, 28.732925327138798 ], [ -81.847547057550827, 28.730989280391935 ], [ -81.848191949367518, 28.729080177759197 ], [ -81.848949898949783, 28.727203253579901 ], [ -81.849818828810498, 28.725363654246223 ], [ -81.850796357273325, 28.723566424076765 ], [ -81.851879805000692, 28.721816491467361 ], [ -81.853066202337658, 28.720118655357339 ], [ -81.854352297451612, 28.718477572048577 ], [ -81.855734565245257, 28.716897742413916 ], [ -81.857209217018635, 28.715383499530141 ], [ -81.858772210853729, 28.713938996769816 ], [ -81.8604192626931, 28.712568196385 ], [ -81.862145858082116, 28.711274858614509 ], [ -81.863947264542858, 28.710062531344814 ], [ -81.865818544545405, 28.708934540353319 ], [ -81.867754569041352, 28.707893980161252 ], [ -81.86975003152213, 28.706943705521358 ], [ -81.871799462563771, 28.706086323564243 ], [ -81.873897244818281, 28.705324186625081 ], [ -81.876037628410259, 28.704659385770757 ], [ -81.878214746697111, 28.704093745045387 ], [ -81.880422632348882, 28.703628816450209 ], [ -81.882655233704526, 28.703265875671988 ], [ -81.884906431358885, 28.703005918571655 ], [ -81.887170054935666, 28.702849658443025 ], [ -81.8894399, 28.702797524049384 ], [ -81.891709745064333, 28.702849658443025 ], [ -81.893973368641113, 28.703005918571655 ], [ -81.896224566295473, 28.703265875671988 ], [ -81.898457167651102, 28.703628816450209 ], [ -81.900665053302887, 28.704093745045387 ], [ -81.902842171589739, 28.704659385770757 ], [ -81.904982555181718, 28.705324186625081 ], [ -81.907080337436213, 28.706086323564243 ], [ -81.909129768477854, 28.706943705521358 ], [ -81.911125230958646, 28.707893980161252 ], [ -81.913061255454593, 28.708934540353319 ], [ -81.914932535457154, 28.710062531344814 ], [ -81.916733941917883, 28.711274858614509 ], [ -81.918460537306899, 28.712568196385 ], [ -81.920107589146284, 28.713938996769816 ], [ -81.921670582981363, 28.715383499530141 ], [ -81.923145234754728, 28.716897742413916 ], [ -81.924527502548386, 28.718477572048577 ], [ -81.925813597662341, 28.720118655357339 ], [ -81.926999994999321, 28.721816491467361 ], [ -81.928083442726674, 28.723566424076765 ], [ -81.9290609711895, 28.725363654246223 ], [ -81.929929901050215, 28.727203253579901 ], [ -81.930687850632481, 28.729080177759197 ], [ -81.931332742449158, 28.730989280391935 ], [ -81.931862808896625, 28.732925327138798 ], [ -81.932276597099602, 28.734883010078036 ], [ -81.932572972893368, 28.736856962269023 ], [ -81.932751123932462, 28.73884177247432 ], [ -81.932810561917293, 28.740832 ], [ -81.932751123932462, 28.742822189613353 ], [ -81.932572972893368, 28.744806886497052 ], [ -81.932276597099602, 28.746780651198744 ], [ -81.931862808896625, 28.748738074535144 ], [ -81.931332742449158, 28.750673792409927 ], [ -81.930687850632481, 28.752582500504513 ], [ -81.929929901050215, 28.754458968802247 ], [ -81.9290609711895, 28.756298055905663 ], [ -81.928083442726674, 28.758094723108268 ], [ -81.926999994999321, 28.75984404818221 ], [ -81.925813597662341, 28.761541238844483 ], [ -81.924527502548386, 28.763181645864833 ], [ -81.923145234754728, 28.764760775779994 ], [ -81.921670582981363, 28.766274303179458 ], [ -81.920107589146284, 28.767718082529644 ], [ -81.918460537306899, 28.769088159504346 ], [ -81.916733941917883, 28.77038078179055 ], [ -81.914932535457154, 28.771592409340812 ], [ -81.913061255454593, 28.772719724043977 ], [ -81.911125230958646, 28.773759638788398 ], [ -81.909129768477854, 28.774709305892962 ], [ -81.907080337436213, 28.775566124883351 ], [ -81.904982555181718, 28.776327749592362 ], [ -81.902842171589739, 28.776992094565237 ], [ -81.900665053302887, 28.777557340752569 ], [ -81.898457167651102, 28.77802194047576 ], [ -81.896224566295473, 28.778384621651245 ], [ -81.893973368641113, 28.778644391262343 ], [ -81.891709745064333, 28.778800538069401 ], [ -81.8894399, 28.778852634550752 ], [ -81.887170054935666, 28.778800538069401 ], [ -81.884906431358885, 28.778644391262343 ], [ -81.882655233704526, 28.778384621651245 ], [ -81.880422632348882, 28.77802194047576 ], [ -81.878214746697111, 28.777557340752569 ], [ -81.876037628410259, 28.776992094565237 ], [ -81.873897244818281, 28.776327749592362 ], [ -81.871799462563771, 28.775566124883351 ], [ -81.86975003152213, 28.774709305892962 ], [ -81.867754569041352, 28.773759638788398 ], [ -81.865818544545405, 28.772719724043977 ], [ -81.863947264542858, 28.771592409340812 ], [ -81.862145858082116, 28.77038078179055 ], [ -81.8604192626931, 28.769088159504346 ], [ -81.858772210853729, 28.767718082529644 ], [ -81.857209217018635, 28.766274303179458 ], [ -81.855734565245257, 28.764760775779994 ], [ -81.854352297451612, 28.763181645864833 ], [ -81.853066202337658, 28.761541238844483 ], [ -81.851879805000692, 28.75984404818221 ], [ -81.850796357273325, 28.758094723108268 ], [ -81.849818828810498, 28.756298055905663 ], [ -81.848949898949783, 28.754458968802247 ], [ -81.848191949367518, 28.752582500504513 ], [ -81.847547057550827, 28.750673792409927 ], [ -81.847016991103359, 28.748738074535144 ], [ -81.846603202900411, 28.746780651198744 ], [ -81.846306827106645, 28.744806886497052 ], [ -81.846128676067551, 28.742822189613353 ], [ -81.846069238082706, 28.740832 ] ] ] } },
{ "type": "Feature", "properties": { "facility_name": "Lee County Resource Recovery Facility ", "city": "Ft. Myers", "state": "FL" }, "geometry": { "type": "Polygon", "coordinates": [ [ [ -81.719830838082686, 26.6274436 ], [ -81.719890276067531, 26.62541447744751 ], [ -81.720068427106625, 26.623390880700992 ], [ -81.720364802900392, 26.621378356742682 ], [ -81.72077859110334, 26.619382422494436 ], [ -81.721308657550821, 26.617408549688296 ], [ -81.721953549367512, 26.615462149857603 ], [ -81.722711498949764, 26.613548559490287 ], [ -81.723580428810493, 26.611673025385048 ], [ -81.724557957273305, 26.609840690250696 ], [ -81.725641405000673, 26.608056578588439 ], [ -81.726827802337638, 26.606325582895966 ], [ -81.728113897451607, 26.60465245023148 ], [ -81.729496165245251, 26.603041769174734 ], [ -81.730970817018616, 26.601497957221152 ], [ -81.73253381085371, 26.600025248643853 ], [ -81.73418086269308, 26.598627682857245 ], [ -81.735907458082096, 26.597309093314365 ], [ -81.737708864542839, 26.59607309696873 ], [ -81.7395801445454, 26.594923084329992 ], [ -81.741516169041333, 26.593862210140866 ], [ -81.743511631522125, 26.592893384701334 ], [ -81.745561062563752, 26.592019265864174 ], [ -81.747658844818261, 26.591242251724047 ], [ -81.749799228410254, 26.590564474020397 ], [ -81.751976346697091, 26.589987792272684 ], [ -81.754184232348862, 26.589513788664124 ], [ -81.756416833704506, 26.589143763688156 ], [ -81.758668031358866, 26.588878732569885 ], [ -81.760931654935646, 26.588719422472273 ], [ -81.76320149999998, 26.588666270495175 ], [ -81.765471345064327, 26.588719422472273 ], [ -81.767734968641108, 26.588878732569885 ], [ -81.769986166295467, 26.589143763688156 ], [ -81.772218767651083, 26.589513788664124 ], [ -81.774426653302868, 26.589987792272684 ], [ -81.77660377158972, 26.590564474020397 ], [ -81.778744155181698, 26.591242251724047 ], [ -81.780841937436207, 26.592019265864174 ], [ -81.782891368477834, 26.592893384701334 ], [ -81.784886830958627, 26.593862210140866 ], [ -81.786822855454574, 26.594923084329992 ], [ -81.788694135457135, 26.59607309696873 ], [ -81.790495541917863, 26.597309093314365 ], [ -81.792222137306879, 26.598627682857245 ], [ -81.793869189146264, 26.600025248643853 ], [ -81.795432182981344, 26.601497957221152 ], [ -81.796906834754722, 26.603041769174734 ], [ -81.798289102548367, 26.60465245023148 ], [ -81.799575197662321, 26.606325582895966 ], [ -81.800761594999301, 26.608056578588439 ], [ -81.801845042726669, 26.609840690250696 ], [ -81.802822571189481, 26.611673025385048 ], [ -81.803691501050196, 26.613548559490287 ], [ -81.804449450632461, 26.615462149857603 ], [ -81.805094342449138, 26.617408549688296 ], [ -81.80562440889662, 26.619382422494436 ], [ -81.806038197099582, 26.621378356742682 ], [ -81.806334572893348, 26.623390880700992 ], [ -81.806512723932443, 26.62541447744751 ], [ -81.806572161917273, 26.6274436 ], [ -81.806512723932443, 26.629472686524696 ], [ -81.806334572893348, 26.63149617558258 ], [ -81.806038197099582, 26.633508521371294 ], [ -81.80562440889662, 26.635504208920999 ], [ -81.805094342449138, 26.637477769202565 ], [ -81.804449450632461, 26.639423794106751 ], [ -81.803691501050196, 26.641336951253372 ], [ -81.802822571189481, 26.6432119985902 ], [ -81.801845042726669, 26.645043798741565 ], [ -81.800761594999301, 26.646827333067641 ], [ -81.799575197662321, 26.648557715396176 ], [ -81.798289102548367, 26.650230205389093 ], [ -81.796906834754722, 26.651840221507868 ], [ -81.795432182981344, 26.653383353542317 ], [ -81.793869189146264, 26.654855374668635 ], [ -81.792222137306879, 26.656252253004279 ], [ -81.790495541917863, 26.657570162628051 ], [ -81.788694135457135, 26.658805494035789 ], [ -81.786822855454574, 26.659954864003041 ], [ -81.784886830958627, 26.661015124828324 ], [ -81.782891368477834, 26.66198337293179 ], [ -81.780841937436207, 26.662856956786079 ], [ -81.778744155181698, 26.663633484157923 ], [ -81.77660377158972, 26.664310828641007 ], [ -81.774426653302868, 26.664887135462312 ], [ -81.772218767651083, 26.665360826546401 ], [ -81.769986166295467, 26.665730604823917 ], [ -81.767734968641108, 26.665995457772652 ], [ -81.765471345064327, 26.666154660181672 ], [ -81.76320149999998, 26.666207776130999 ], [ -81.760931654935646, 26.666154660181672 ], [ -81.758668031358866, 26.665995457772652 ], [ -81.756416833704506, 26.665730604823917 ], [ -81.754184232348862, 26.665360826546401 ], [ -81.751976346697091, 26.664887135462312 ], [ -81.749799228410254, 26.664310828641007 ], [ -81.747658844818261, 26.663633484157923 ], [ -81.745561062563752, 26.662856956786079 ], [ -81.743511631522125, 26.66198337293179 ], [ -81.741516169041333, 26.661015124828324 ], [ -81.7395801445454, 26.659954864003041 ], [ -81.737708864542839, 26.658805494035789 ], [ -81.735907458082096, 26.657570162628051 ], [ -81.73418086269308, 26.656252253004279 ], [ -81.73253381085371, 26.654855374668635 ], [ -81.730970817018616, 26.653383353542317 ], [ -81.729496165245251, 26.651840221507868 ], [ -81.728113897451607, 26.650230205389093 ], [ -81.726827802337638, 26.648557715396176 ], [ -81.725641405000673, 26.646827333067641 ], [ -81.724557957273305, 26.645043798741565 ], [ -81.723580428810493, 26.6432119985902 ], [ -81.722711498949764, 26.641336951253372 ], [ -81.721953549367512, 26.639423794106751 ], [ -81.721308657550821, 26.637477769202565 ], [ -81.72077859110334, 26.635504208920999 ], [ -81.720364802900392, 26.633508521371294 ], [ -81.720068427106625, 26.63149617558258 ], [ -81.719890276067531, 26.629472686524696 ], [ -81.719830838082686, 26.6274436 ] ] ] } },
{ "type": "Feature", "properties": { "facility_name": "McKay Bay Refuse to Energy Facility", "city": "Tampa", "state": "FL" }, "geometry": { "type": "Polygon", "coordinates": [ [ [ -82.37807053808271, 27.949349599999987 ], [ -82.378129976067541, 27.947344485900512 ], [ -82.378308127106635, 27.945344830603894 ], [ -82.378604502900401, 27.94335611548517 ], [ -82.379018291103378, 27.941383792232116 ], [ -82.379548357550846, 27.939433267894383 ], [ -82.380193249367522, 27.937509890051487 ], [ -82.380951198949788, 27.935618932141043 ], [ -82.381820128810503, 27.93376557898705 ], [ -82.382797657273329, 27.931954912568536 ], [ -82.383881105000683, 27.930191898067601 ], [ -82.385067502337662, 27.928481370235207 ], [ -82.386353597451617, 27.926828020112652 ], [ -82.387735865245276, 27.925236382145282 ], [ -82.38921051701864, 27.923710821723915 ], [ -82.39077351085372, 27.922255523188806 ], [ -82.392420562693104, 27.920874478328962 ], [ -82.394147158082134, 27.91957147540905 ], [ -82.395948564542863, 27.918350088754085 ], [ -82.39781984454541, 27.917213668920844 ], [ -82.399755869041371, 27.916165333483328 ], [ -82.401751331522149, 27.915207958457923 ], [ -82.40380076256379, 27.914344170391914 ], [ -82.405898544818299, 27.913576339137496 ], [ -82.408038928410264, 27.912906571331316 ], [ -82.410216046697116, 27.912336704597777 ], [ -82.412423932348901, 27.911868302492124 ], [ -82.41465653370453, 27.911502650197413 ], [ -82.41690773135889, 27.911240750987378 ], [ -82.419171354935671, 27.911083323465199 ], [ -82.4214412, 27.911030799585436 ], [ -82.423711045064337, 27.911083323465199 ], [ -82.425974668641118, 27.911240750987378 ], [ -82.428225866295477, 27.911502650197413 ], [ -82.430458467651121, 27.911868302492124 ], [ -82.432666353302892, 27.912336704597777 ], [ -82.434843471589744, 27.912906571331316 ], [ -82.436983855181722, 27.913576339137496 ], [ -82.439081637436232, 27.914344170391914 ], [ -82.441131068477873, 27.915207958457923 ], [ -82.443126530958651, 27.916165333483328 ], [ -82.445062555454598, 27.917213668920844 ], [ -82.446933835457145, 27.918350088754085 ], [ -82.448735241917888, 27.91957147540905 ], [ -82.450461837306918, 27.920874478328962 ], [ -82.452108889146274, 27.922255523188806 ], [ -82.453671882981382, 27.923710821723915 ], [ -82.455146534754746, 27.925236382145282 ], [ -82.456528802548391, 27.926828020112652 ], [ -82.457814897662345, 27.928481370235207 ], [ -82.459001294999325, 27.930191898067601 ], [ -82.460084742726679, 27.931954912568536 ], [ -82.461062271189505, 27.93376557898705 ], [ -82.46193120105022, 27.935618932141043 ], [ -82.462689150632485, 27.937509890051487 ], [ -82.463334042449176, 27.939433267894383 ], [ -82.463864108896644, 27.941383792232116 ], [ -82.464277897099606, 27.94335611548517 ], [ -82.464574272893358, 27.945344830603894 ], [ -82.464752423932467, 27.947344485900512 ], [ -82.464811861917298, 27.949349599999987 ], [ -82.464752423932467, 27.9513546768693 ], [ -82.464574272893358, 27.953354220883273 ], [ -82.464277897099606, 27.955342751886164 ], [ -82.463864108896644, 27.957314820207362 ], [ -82.463334042449176, 27.95926502159033 ], [ -82.462689150632485, 27.961188011993904 ], [ -82.46193120105022, 27.963078522225349 ], [ -82.461062271189505, 27.964931372365523 ], [ -82.460084742726679, 27.966741485946496 ], [ -82.459001294999325, 27.968503903843235 ], [ -82.457814897662345, 27.970213797841257 ], [ -82.456528802548391, 27.971866483843716 ], [ -82.455146534754746, 27.973457434681468 ], [ -82.453671882981382, 27.974982292492047 ], [ -82.452108889146274, 27.976436880633184 ], [ -82.450461837306918, 27.977817215099051 ], [ -82.448735241917888, 27.979119515408229 ], [ -82.446933835457145, 27.980340214933651 ], [ -82.445062555454598, 27.981475970646876 ], [ -82.443126530958651, 27.982523672250121 ], [ -82.441131068477873, 27.983480450671415 ], [ -82.439081637436232, 27.98434368590004 ], [ -82.436983855181722, 27.985111014140756 ], [ -82.434843471589744, 27.98578033426806 ], [ -82.432666353302892, 27.986349813562381 ], [ -82.430458467651121, 27.986817892713368 ], [ -82.428225866295477, 27.987183290076327 ], [ -82.425974668641118, 27.987445005170564 ], [ -82.423711045064337, 27.987602321410151 ], [ -82.4214412, 27.987654808059752 ], [ -82.419171354935671, 27.987602321410151 ], [ -82.41690773135889, 27.987445005170564 ], [ -82.41465653370453, 27.987183290076327 ], [ -82.412423932348901, 27.986817892713368 ], [ -82.410216046697116, 27.986349813562381 ], [ -82.408038928410264, 27.98578033426806 ], [ -82.405898544818299, 27.985111014140756 ], [ -82.40380076256379, 27.98434368590004 ], [ -82.401751331522149, 27.983480450671415 ], [ -82.399755869041371, 27.982523672250121 ], [ -82.39781984454541, 27.981475970646876 ], [ -82.395948564542863, 27.980340214933651 ], [ -82.394147158082134, 27.979119515408229 ], [ -82.392420562693104, 27.977817215099051 ], [ -82.39077351085372, 27.976436880633184 ], [ -82.38921051701864, 27.974982292492047 ], [ -82.387735865245276, 27.973457434681468 ], [ -82.386353597451617, 27.971866483843716 ], [ -82.385067502337662, 27.970213797841257 ], [ -82.383881105000683, 27.968503903843235 ], [ -82.382797657273329, 27.966741485946496 ], [ -82.381820128810503, 27.964931372365523 ], [ -82.380951198949788, 27.963078522225349 ], [ -82.380193249367522, 27.961188011993904 ], [ -82.379548357550846, 27.95926502159033 ], [ -82.379018291103378, 27.957314820207362 ], [ -82.378604502900401, 27.955342751886164 ], [ -82.378308127106635, 27.953354220883273 ], [ -82.378129976067541, 27.9513546768693 ], [ -82.37807053808271, 27.949349599999987 ] ] ] } },
{ "type": "Feature", "properties": { "facility_name": "Miami-Dade County Resource Recovery Facility ", "city": "Miami", "state": "FL" }, "geometry": { "type": "Polygon", "coordinates": [ [ [ -80.312295938082713, 25.8352832 ], [ -80.312355376067558, 25.833240206994173 ], [ -80.312533527106638, 25.831202778566688 ], [ -80.312829902900418, 25.829176499602248 ], [ -80.313243691103381, 25.827166924708933 ], [ -80.313773757550848, 25.8251795629856 ], [ -80.314418649367525, 25.823219862910822 ], [ -80.31517659894979, 25.821293197395281 ], [ -80.316045528810506, 25.819404849038367 ], [ -80.317023057273332, 25.81755999562986 ], [ -80.318106505000699, 25.815763695936507 ], [ -80.319292902337665, 25.81402087581268 ], [ -80.320578997451634, 25.812336314673569 ], [ -80.321961265245278, 25.810714632368029 ], [ -80.323435917018642, 25.809160276487713 ], [ -80.324998910853736, 25.807677510147151 ], [ -80.326645962693107, 25.806270400268932 ], [ -80.328372558082123, 25.804942806406395 ], [ -80.33017396454288, 25.803698370134445 ], [ -80.332045244545412, 25.802540505038486 ], [ -80.333981269041374, 25.80147238732869 ], [ -80.335976731522152, 25.800496947106005 ], [ -80.338026162563793, 25.799616860303892 ], [ -80.340123944818288, 25.798834541328517 ], [ -80.342264328410266, 25.798152136417393 ], [ -80.344441446697118, 25.797571517735371 ], [ -80.346649332348903, 25.797094278224041 ], [ -80.348881933704533, 25.796721727219246 ], [ -80.351133131358893, 25.796454886848334 ], [ -80.353396754935673, 25.796294489217974 ], [ -80.355666600000021, 25.796240974399481 ], [ -80.357936445064354, 25.796294489217974 ], [ -80.360200068641134, 25.796454886848334 ], [ -80.362451266295494, 25.796721727219246 ], [ -80.364683867651124, 25.797094278224041 ], [ -80.366891753302895, 25.797571517735371 ], [ -80.369068871589747, 25.798152136417393 ], [ -80.371209255181725, 25.798834541328517 ], [ -80.373307037436234, 25.799616860303892 ], [ -80.375356468477875, 25.800496947106005 ], [ -80.377351930958653, 25.80147238732869 ], [ -80.379287955454615, 25.802540505038486 ], [ -80.381159235457147, 25.803698370134445 ], [ -80.38296064191789, 25.804942806406395 ], [ -80.384687237306906, 25.806270400268932 ], [ -80.386334289146276, 25.807677510147151 ], [ -80.38789728298137, 25.809160276487713 ], [ -80.389371934754749, 25.810714632368029 ], [ -80.390754202548393, 25.812336314673569 ], [ -80.392040297662348, 25.81402087581268 ], [ -80.393226694999328, 25.815763695936507 ], [ -80.394310142726681, 25.81755999562986 ], [ -80.395287671189521, 25.819404849038367 ], [ -80.396156601050222, 25.821293197395281 ], [ -80.396914550632502, 25.823219862910822 ], [ -80.397559442449179, 25.8251795629856 ], [ -80.398089508896646, 25.827166924708933 ], [ -80.398503297099609, 25.829176499602248 ], [ -80.398799672893375, 25.831202778566688 ], [ -80.398977823932455, 25.833240206994173 ], [ -80.3990372619173, 25.8352832 ], [ -80.398977823932455, 25.837326157735507 ], [ -80.398799672893375, 25.839363480738445 ], [ -80.398503297099609, 25.841389585279188 ], [ -80.398089508896646, 25.843398918660661 ], [ -80.397559442449179, 25.84538597443008 ], [ -80.396914550632502, 25.847345307460959 ], [ -80.396156601050222, 25.84927154886401 ], [ -80.395287671189521, 25.851159420686546 ], [ -80.394310142726681, 25.853003750359768 ], [ -80.393226694999328, 25.854799484855107 ], [ -80.392040297662348, 25.856541704510605 ], [ -80.390754202548393, 25.85822563648993 ], [ -80.389371934754749, 25.859846667837449 ], [ -80.38789728298137, 25.861400358093519 ], [ -80.386334289146276, 25.86288245143637 ], [ -80.384687237306906, 25.864288888316864 ], [ -80.38296064191789, 25.865615816555223 ], [ -80.381159235457147, 25.866859601869216 ], [ -80.379287955454615, 25.868016837805467 ], [ -80.377351930958653, 25.869084355047033 ], [ -80.375356468477875, 25.870059230071831 ], [ -80.373307037436234, 25.870938793138777 ], [ -80.371209255181725, 25.871720635579887 ], [ -80.369068871589747, 25.872402616378647 ], [ -80.366891753302895, 25.872982868016887 ], [ -80.364683867651124, 25.873459801574377 ], [ -80.362451266295494, 25.873832111067443 ], [ -80.360200068641134, 25.874098777014702 ], [ -80.357936445064354, 25.874259069220578 ], [ -80.355666600000021, 25.874312548768753 ], [ -80.353396754935673, 25.874259069220578 ], [ -80.351133131358893, 25.874098777014702 ], [ -80.348881933704533, 25.873832111067443 ], [ -80.346649332348903, 25.873459801574377 ], [ -80.344441446697118, 25.872982868016887 ], [ -80.342264328410266, 25.872402616378647 ], [ -80.340123944818288, 25.871720635579887 ], [ -80.338026162563793, 25.870938793138777 ], [ -80.335976731522152, 25.870059230071831 ], [ -80.333981269041374, 25.869084355047033 ], [ -80.332045244545412, 25.868016837805467 ], [ -80.33017396454288, 25.866859601869216 ], [ -80.328372558082123, 25.865615816555223 ], [ -80.326645962693107, 25.864288888316864 ], [ -80.324998910853736, 25.86288245143637 ], [ -80.323435917018642, 25.861400358093519 ], [ -80.321961265245278, 25.859846667837449 ], [ -80.320578997451634, 25.85822563648993 ], [ -80.319292902337665, 25.856541704510605 ], [ -80.318106505000699, 25.854799484855107 ], [ -80.317023057273332, 25.853003750359768 ], [ -80.316045528810506, 25.851159420686546 ], [ -80.31517659894979, 25.84927154886401 ], [ -80.314418649367525, 25.847345307460959 ], [ -80.313773757550848, 25.84538597443008 ], [ -80.313243691103381, 25.843398918660661 ], [ -80.312829902900418, 25.841389585279188 ], [ -80.312533527106638, 25.839363480738445 ], [ -80.312355376067558, 25.837326157735507 ], [ -80.312295938082713, 25.8352832 ] ] ] } },
{ "type": "Feature", "properties": { "facility_name": "Palm Beach Renewable Energy Facility 1", "city": "West Palm Beach", "state": "FL" }, "geometry": { "type": "Polygon", "coordinates": [ [ [ -80.102367738082705, 26.6910889 ], [ -80.102427176067536, 26.689060908724056 ], [ -80.10260532710663, 26.687038440093922 ], [ -80.102901702900397, 26.685027038000438 ], [ -80.103315491103345, 26.683032216291735 ], [ -80.103845557550827, 26.681059443652121 ], [ -80.104490449367518, 26.679114128601597 ], [ -80.105248398949783, 26.677201604657295 ], [ -80.106117328810498, 26.675327115697907 ], [ -80.10709485727331, 26.673495801570855 ], [ -80.108178305000678, 26.671712683982477 ], [ -80.109364702337643, 26.669982652709706 ], [ -80.110650797451612, 26.668310452171525 ], [ -80.112033065245257, 26.666700668397155 ], [ -80.113507717018621, 26.665157716427149 ], [ -80.115070710853715, 26.6636858281821 ], [ -80.116717762693099, 26.662289040832636 ], [ -80.118444358082115, 26.660971185702849 ], [ -80.120245764542844, 26.659735877737894 ], [ -80.122117044545391, 26.658586505565122 ], [ -80.124053069041338, 26.65752622217618 ], [ -80.12604853152213, 26.656557936255908 ], [ -80.128097962563771, 26.655684304182209 ], [ -80.130195744818266, 26.654907722719205 ], [ -80.132336128410259, 26.654230322423711 ], [ -80.134513246697097, 26.653653961783732 ], [ -80.136721132348868, 26.653180222104851 ], [ -80.138953733704511, 26.652810403159261 ], [ -80.141204931358871, 26.652545519609021 ], [ -80.143468554935652, 26.652386298213848 ], [ -80.145738399999985, 26.652333175831188 ], [ -80.148008245064318, 26.652386298213848 ], [ -80.150271868641113, 26.652545519609021 ], [ -80.152523066295473, 26.652810403159261 ], [ -80.154755667651102, 26.653180222104851 ], [ -80.156963553302887, 26.653653961783732 ], [ -80.159140671589725, 26.654230322423711 ], [ -80.161281055181703, 26.654907722719205 ], [ -80.163378837436213, 26.655684304182209 ], [ -80.165428268477854, 26.656557936255908 ], [ -80.167423730958646, 26.65752622217618 ], [ -80.169359755454579, 26.658586505565122 ], [ -80.17123103545714, 26.659735877737894 ], [ -80.173032441917869, 26.660971185702849 ], [ -80.174759037306885, 26.662289040832636 ], [ -80.176406089146269, 26.6636858281821 ], [ -80.177969082981349, 26.665157716427149 ], [ -80.179443734754727, 26.666700668397155 ], [ -80.180826002548372, 26.668310452171525 ], [ -80.182112097662326, 26.669982652709706 ], [ -80.183298494999306, 26.671712683982477 ], [ -80.184381942726674, 26.673495801570855 ], [ -80.185359471189486, 26.675327115697907 ], [ -80.186228401050201, 26.677201604657295 ], [ -80.186986350632466, 26.679114128601597 ], [ -80.187631242449143, 26.681059443652121 ], [ -80.188161308896639, 26.683032216291735 ], [ -80.188575097099587, 26.685027038000438 ], [ -80.188871472893354, 26.687038440093922 ], [ -80.189049623932448, 26.689060908724056 ], [ -80.189109061917279, 26.6910889 ], [ -80.189049623932448, 26.693116855188471 ], [ -80.188871472893354, 26.695139215951617 ], [ -80.188575097099587, 26.697150439580426 ], [ -80.188161308896639, 26.699145014182001 ], [ -80.187631242449143, 26.701117473779441 ], [ -80.186986350632466, 26.703062413282499 ], [ -80.186228401050201, 26.704974503288597 ], [ -80.185359471189486, 26.706848504673392 ], [ -80.184381942726674, 26.708679282931406 ], [ -80.183298494999306, 26.710461822227412 ], [ -80.182112097662326, 26.712191239120365 ], [ -80.180826002548372, 26.713862795922584 ], [ -80.179443734754727, 26.715471913657726 ], [ -80.177969082981349, 26.717014184582489 ], [ -80.176406089146269, 26.718485384237983 ], [ -80.174759037306885, 26.719881482997906 ], [ -80.173032441917869, 26.721198657082518 ], [ -80.17123103545714, 26.722433299008305 ], [ -80.169359755454579, 26.723582027445179 ], [ -80.167423730958646, 26.724641696454402 ], [ -80.165428268477854, 26.725609404082419 ], [ -80.163378837436213, 26.726482500287219 ], [ -80.161281055181703, 26.727258594175744 ], [ -80.159140671589725, 26.727935560533151 ], [ -80.156963553302887, 26.728511545625789 ], [ -80.154755667651102, 26.728984972262584 ], [ -80.152523066295473, 26.729354544101135 ], [ -80.150271868641113, 26.729619249186751 ], [ -80.148008245064318, 26.729778362714978 ], [ -80.145738399999985, 26.729831449010199 ], [ -80.143468554935652, 26.729778362714978 ], [ -80.141204931358871, 26.729619249186751 ], [ -80.138953733704511, 26.729354544101135 ], [ -80.136721132348868, 26.728984972262584 ], [ -80.134513246697097, 26.728511545625789 ], [ -80.132336128410259, 26.727935560533151 ], [ -80.130195744818266, 26.727258594175744 ], [ -80.128097962563771, 26.726482500287219 ], [ -80.12604853152213, 26.725609404082419 ], [ -80.124053069041338, 26.724641696454402 ], [ -80.122117044545391, 26.723582027445179 ], [ -80.120245764542844, 26.722433299008305 ], [ -80.118444358082115, 26.721198657082518 ], [ -80.116717762693099, 26.719881482997906 ], [ -80.115070710853715, 26.718485384237983 ], [ -80.113507717018621, 26.717014184582489 ], [ -80.112033065245257, 26.715471913657726 ], [ -80.110650797451612, 26.713862795922584 ], [ -80.109364702337643, 26.712191239120365 ], [ -80.108178305000678, 26.710461822227412 ], [ -80.10709485727331, 26.708679282931406 ], [ -80.106117328810498, 26.706848504673392 ], [ -80.105248398949783, 26.704974503288597 ], [ -80.104490449367518, 26.703062413282499 ], [ -80.103845557550827, 26.701117473779441 ], [ -80.103315491103345, 26.699145014182001 ], [ -80.102901702900397, 26.697150439580426 ], [ -80.10260532710663, 26.695139215951617 ], [ -80.102427176067536, 26.693116855188471 ], [ -80.102367738082705, 26.6910889 ] ] ] } },
{ "type": "Feature", "properties": { "facility_name": "Palm Beach Renewable Energy Facility 2", "city": "West Palm Beach", "state": "FL" }, "geometry": { "type": "Polygon", "coordinates": [ [ [ -80.097117238082703, 26.7757546 ], [ -80.097176676067548, 26.773728117510512 ], [ -80.097354827106628, 26.771707153452549 ], [ -80.097651202900394, 26.769697247594006 ], [ -80.098064991103371, 26.767703909683565 ], [ -80.098595057550838, 26.765732604340716 ], [ -80.099239949367515, 26.763788736066513 ], [ -80.099997898949781, 26.761877634415999 ], [ -80.100866828810496, 26.760004539373316 ], [ -80.101844357273322, 26.75817458696967 ], [ -80.102927805000675, 26.756392795183832 ], [ -80.104114202337655, 26.754664050163985 ], [ -80.10540029745161, 26.752993092809124 ], [ -80.106782565245268, 26.751384505746799 ], [ -80.108257217018632, 26.749842700743446 ], [ -80.109820210853727, 26.748371906582047 ], [ -80.111467262693097, 26.746976157440642 ], [ -80.113193858082127, 26.745659281803825 ], [ -80.114995264542856, 26.74442489193822 ], [ -80.116866544545402, 26.743276373960718 ], [ -80.118802569041364, 26.742216878527483 ], [ -80.120798031522142, 26.741249312169145 ], [ -80.122847462563783, 26.740376329296595 ], [ -80.124945244818278, 26.739600324899321 ], [ -80.127085628410256, 26.738923427956884 ], [ -80.129262746697108, 26.738347495581518 ], [ -80.131470632348893, 26.737874107908379 ], [ -80.133703233704523, 26.737504563747624 ], [ -80.135954431358883, 26.737239877010413 ], [ -80.138218054935663, 26.737080773918603 ], [ -80.1404879, 26.737027691006332 ], [ -80.14275774506433, 26.737080773918603 ], [ -80.145021368641125, 26.737239877010413 ], [ -80.14727256629547, 26.737504563747624 ], [ -80.149505167651114, 26.737874107908379 ], [ -80.151713053302885, 26.738347495581518 ], [ -80.153890171589737, 26.738923427956884 ], [ -80.156030555181715, 26.739600324899321 ], [ -80.158128337436224, 26.740376329296595 ], [ -80.160177768477865, 26.741249312169145 ], [ -80.162173230958643, 26.742216878527483 ], [ -80.164109255454591, 26.743276373960718 ], [ -80.165980535457138, 26.74442489193822 ], [ -80.16778194191788, 26.745659281803825 ], [ -80.169508537306896, 26.746976157440642 ], [ -80.171155589146267, 26.748371906582047 ], [ -80.172718582981361, 26.749842700743446 ], [ -80.174193234754739, 26.751384505746799 ], [ -80.175575502548384, 26.752993092809124 ], [ -80.176861597662338, 26.754664050163985 ], [ -80.178047994999318, 26.756392795183832 ], [ -80.179131442726671, 26.75817458696967 ], [ -80.180108971189497, 26.760004539373316 ], [ -80.180977901050213, 26.761877634415999 ], [ -80.181735850632478, 26.763788736066513 ], [ -80.182380742449169, 26.765732604340716 ], [ -80.182910808896636, 26.767703909683565 ], [ -80.183324597099599, 26.769697247594006 ], [ -80.183620972893365, 26.771707153452549 ], [ -80.183799123932445, 26.773728117510512 ], [ -80.18385856191729, 26.7757546 ], [ -80.183799123932445, 26.777781046322925 ], [ -80.183620972893365, 26.779801902277462 ], [ -80.183324597099599, 26.781811629280121 ], [ -80.182910808896636, 26.783804719541813 ], [ -80.182380742449169, 26.785775711156326 ], [ -80.181735850632478, 26.787719203059883 ], [ -80.180977901050213, 26.789629869821042 ], [ -80.180108971189497, 26.791502476220391 ], [ -80.179131442726671, 26.793331891580419 ], [ -80.178047994999318, 26.795113103806322 ], [ -80.176861597662338, 26.796841233099688 ], [ -80.175575502548384, 26.798511545307552 ], [ -80.174193234754739, 26.80011946487075 ], [ -80.172718582981361, 26.801660587336073 ], [ -80.171155589146267, 26.803130691398565 ], [ -80.169508537306896, 26.804525750441119 ], [ -80.16778194191788, 26.805841943539935 ], [ -80.165980535457138, 26.80707566590646 ], [ -80.164109255454591, 26.808223538737053 ], [ -80.162173230958643, 26.8092824184439 ], [ -80.160177768477865, 26.810249405242416 ], [ -80.158128337436224, 26.811121851071476 ], [ -80.156030555181715, 26.811897366825541 ], [ -80.153890171589737, 26.81257382887874 ], [ -80.151713053302885, 26.813149384883573 ], [ -80.149505167651114, 26.81362245882848 ], [ -80.14727256629547, 26.813991755340545 ], [ -80.145021368641125, 26.814256263221964 ], [ -80.14275774506433, 26.814415258210396 ], [ -80.1404879, 26.814468304956105 ], [ -80.138218054935663, 26.814415258210396 ], [ -80.135954431358883, 26.814256263221964 ], [ -80.133703233704523, 26.813991755340545 ], [ -80.131470632348893, 26.81362245882848 ], [ -80.129262746697108, 26.813149384883573 ], [ -80.127085628410256, 26.81257382887874 ], [ -80.124945244818278, 26.811897366825541 ], [ -80.122847462563783, 26.811121851071476 ], [ -80.120798031522142, 26.810249405242416 ], [ -80.118802569041364, 26.8092824184439 ], [ -80.116866544545402, 26.808223538737053 ], [ -80.114995264542856, 26.80707566590646 ], [ -80.113193858082127, 26.805841943539935 ], [ -80.111467262693097, 26.804525750441119 ], [ -80.109820210853727, 26.803130691398565 ], [ -80.108257217018632, 26.801660587336073 ], [ -80.106782565245268, 26.80011946487075 ], [ -80.10540029745161, 26.798511545307552 ], [ -80.104114202337655, 26.796841233099688 ], [ -80.102927805000675, 26.795113103806322 ], [ -80.101844357273322, 26.793331891580419 ], [ -80.100866828810496, 26.791502476220391 ], [ -80.099997898949781, 26.789629869821042 ], [ -80.099239949367515, 26.787719203059883 ], [ -80.098595057550838, 26.785775711156326 ], [ -80.098064991103371, 26.783804719541813 ], [ -80.097651202900394, 26.781811629280121 ], [ -80.097354827106628, 26.779801902277462 ], [ -80.097176676067548, 26.777781046322925 ], [ -80.097117238082703, 26.7757546 ] ] ] } },
{ "type": "Feature", "properties": { "facility_name": "Pasco County Solid Waste Resource Recovery Facility ", "city": "Spring Hill", "state": "FL" }, "geometry": { "type": "Polygon", "coordinates": [ [ [ -82.516644338082713, 28.3692413 ], [ -82.516703776067558, 28.367244035949259 ], [ -82.516881927106638, 28.365252208820966 ], [ -82.517178302900405, 28.363271278538079 ], [ -82.517592091103367, 28.361306675458088 ], [ -82.518122157550835, 28.359363785480436 ], [ -82.518767049367511, 28.357447935272354 ], [ -82.519524998949791, 28.355564377654339 ], [ -82.520393928810492, 28.353718277184729 ], [ -82.521371457273332, 28.351914695983737 ], [ -82.522454905000686, 28.350158579835607 ], [ -82.523641302337666, 28.348454744607466 ], [ -82.52492739745162, 28.346807863022242 ], [ -82.526309665245265, 28.345222451822213 ], [ -82.527784317018643, 28.343702859358828 ], [ -82.529347310853737, 28.342253253642884 ], [ -82.530994362693107, 28.340877610888477 ], [ -82.532720958082123, 28.339579704582167 ], [ -82.534522364542866, 28.33836309510783 ], [ -82.536393644545399, 28.337231119956105 ], [ -82.53832966904136, 28.33618688454526 ], [ -82.540325131522138, 28.335233253679373 ], [ -82.542374562563779, 28.33437284366736 ], [ -82.544472344818288, 28.333608015124717 ], [ -82.546612728410267, 28.332940866478236 ], [ -82.548789846697119, 28.33237322819144 ], [ -82.55099773234889, 28.331906657727217 ], [ -82.553230333704519, 28.331542435261259 ], [ -82.555481531358879, 28.331281560158597 ], [ -82.55774515493566, 28.331124748222763 ], [ -82.560015, 28.331072429725605 ], [ -82.56228484506434, 28.331124748222763 ], [ -82.564548468641121, 28.331281560158597 ], [ -82.566799666295481, 28.331542435261259 ], [ -82.56903226765111, 28.331906657727217 ], [ -82.571240153302895, 28.33237322819144 ], [ -82.573417271589747, 28.332940866478236 ], [ -82.575557655181726, 28.333608015124717 ], [ -82.577655437436221, 28.33437284366736 ], [ -82.579704868477862, 28.335233253679373 ], [ -82.58170033095864, 28.33618688454526 ], [ -82.583636355454601, 28.337231119956105 ], [ -82.585507635457134, 28.33836309510783 ], [ -82.587309041917891, 28.339579704582167 ], [ -82.589035637306907, 28.340877610888477 ], [ -82.590682689146277, 28.342253253642884 ], [ -82.592245682981371, 28.343702859358828 ], [ -82.593720334754735, 28.345222451822213 ], [ -82.59510260254838, 28.346807863022242 ], [ -82.596388697662348, 28.348454744607466 ], [ -82.597575094999314, 28.350158579835607 ], [ -82.598658542726682, 28.351914695983737 ], [ -82.599636071189508, 28.353718277184729 ], [ -82.600505001050223, 28.355564377654339 ], [ -82.601262950632488, 28.357447935272354 ], [ -82.601907842449165, 28.359363785480436 ], [ -82.602437908896633, 28.361306675458088 ], [ -82.602851697099595, 28.363271278538079 ], [ -82.603148072893376, 28.365252208820966 ], [ -82.603326223932456, 28.367244035949259 ], [ -82.603385661917301, 28.3692413 ], [ -82.603326223932456, 28.371238526455105 ], [ -82.603148072893376, 28.373230241208397 ], [ -82.602851697099595, 28.375210985568103 ], [ -82.602437908896633, 28.377175331213756 ], [ -82.601907842449165, 28.379117895066454 ], [ -82.601262950632488, 28.381033354031999 ], [ -82.600505001050223, 28.382916459576496 ], [ -82.599636071189508, 28.384762052094562 ], [ -82.598658542726682, 28.386565075031264 ], [ -82.597575094999314, 28.388320588718777 ], [ -82.596388697662348, 28.390023783890669 ], [ -82.59510260254838, 28.391669994836626 ], [ -82.593720334754735, 28.393254712162012 ], [ -82.592245682981371, 28.394773595117613 ], [ -82.590682689146277, 28.396222483466168 ], [ -82.589035637306907, 28.397597408853208 ], [ -82.587309041917891, 28.398894605651801 ], [ -82.585507635457134, 28.400110521251531 ], [ -82.583636355454601, 28.401241825764064 ], [ -82.58170033095864, 28.402285421118776 ], [ -82.579704868477862, 28.403238449524146 ], [ -82.577655437436221, 28.404098301271983 ], [ -82.575557655181726, 28.404862621863224 ], [ -82.573417271589747, 28.405529318436301 ], [ -82.571240153302895, 28.406096565480699 ], [ -82.56903226765111, 28.406562809820041 ], [ -82.566799666295481, 28.406926774851755 ], [ -82.564548468641121, 28.407187464031324 ], [ -82.56228484506434, 28.407344163592182 ], [ -82.560015, 28.40739644449371 ], [ -82.55774515493566, 28.407344163592182 ], [ -82.555481531358879, 28.407187464031324 ], [ -82.553230333704519, 28.406926774851755 ], [ -82.55099773234889, 28.406562809820041 ], [ -82.548789846697119, 28.406096565480699 ], [ -82.546612728410267, 28.405529318436301 ], [ -82.544472344818288, 28.404862621863224 ], [ -82.542374562563779, 28.404098301271983 ], [ -82.540325131522138, 28.403238449524146 ], [ -82.53832966904136, 28.402285421118776 ], [ -82.536393644545399, 28.401241825764064 ], [ -82.534522364542866, 28.400110521251531 ], [ -82.532720958082123, 28.398894605651801 ], [ -82.530994362693107, 28.397597408853208 ], [ -82.529347310853737, 28.396222483466168 ], [ -82.527784317018643, 28.394773595117613 ], [ -82.526309665245265, 28.393254712162012 ], [ -82.52492739745162, 28.391669994836626 ], [ -82.523641302337666, 28.390023783890669 ], [ -82.522454905000686, 28.388320588718777 ], [ -82.521371457273332, 28.386565075031264 ], [ -82.520393928810492, 28.384762052094562 ], [ -82.519524998949791, 28.382916459576496 ], [ -82.518767049367511, 28.381033354031999 ], [ -82.518122157550835, 28.379117895066454 ], [ -82.517592091103367, 28.377175331213756 ], [ -82.517178302900405, 28.375210985568103 ], [ -82.516881927106638, 28.373230241208397 ], [ -82.516703776067558, 28.371238526455105 ], [ -82.516644338082713, 28.3692413 ] ] ] } },
{ "type": "Feature", "properties": { "facility_name": "Pinellas County Resource Recovery Facility", "city": "St. Petersburg", "state": "FL" }, "geometry": { "type": "Polygon", "coordinates": [ [ [ -82.633325838082712, 27.8754286 ], [ -82.633385276067557, 27.87342211505316 ], [ -82.633563427106637, 27.87142109273152 ], [ -82.633859802900417, 27.869431018156195 ], [ -82.634273591103366, 27.867457346739851 ], [ -82.634803657550833, 27.865505489225502 ], [ -82.635448549367524, 27.863580796844509 ], [ -82.63620649894979, 27.861688546634763 ], [ -82.637075428810505, 27.859833926959137 ], [ -82.638052957273331, 27.858022023264525 ], [ -82.639136405000698, 27.856257804120322 ], [ -82.640322802337664, 27.854546107575032 ], [ -82.641608897451633, 27.852891627868786 ], [ -82.642991165245263, 27.851298902538243 ], [ -82.644465817018641, 27.849772299949677 ], [ -82.646028810853736, 27.848316007294759 ], [ -82.647675862693106, 27.846934019082244 ], [ -82.649402458082122, 27.845630126157321 ], [ -82.651203864542865, 27.844407905279404 ], [ -82.653075144545397, 27.843270709286852 ], [ -82.655011169041359, 27.842221657876301 ], [ -82.657006631522151, 27.841263629021995 ], [ -82.659056062563778, 27.840399251059015 ], [ -82.661153844818287, 27.839630895452434 ], [ -82.663294228410265, 27.838960670272506 ], [ -82.665471346697117, 27.838390414394055 ], [ -82.667679232348888, 27.837921692436115 ], [ -82.669911833704532, 27.837555790456104 ], [ -82.672163031358878, 27.837293712410339 ], [ -82.674426654935658, 27.837136177390779 ], [ -82.6766965, 27.837083617645888 ], [ -82.678966345064339, 27.837136177390779 ], [ -82.681229968641134, 27.837293712410339 ], [ -82.683481166295493, 27.837555790456104 ], [ -82.685713767651109, 27.837921692436115 ], [ -82.687921653302894, 27.838390414394055 ], [ -82.690098771589746, 27.838960670272506 ], [ -82.692239155181724, 27.839630895452434 ], [ -82.694336937436233, 27.840399251059015 ], [ -82.69638636847786, 27.841263629021995 ], [ -82.698381830958652, 27.842221657876301 ], [ -82.7003178554546, 27.843270709286852 ], [ -82.702189135457147, 27.844407905279404 ], [ -82.703990541917889, 27.845630126157321 ], [ -82.705717137306905, 27.846934019082244 ], [ -82.707364189146276, 27.848316007294759 ], [ -82.70892718298137, 27.849772299949677 ], [ -82.710401834754748, 27.851298902538243 ], [ -82.711784102548393, 27.852891627868786 ], [ -82.713070197662347, 27.854546107575032 ], [ -82.714256594999327, 27.856257804120322 ], [ -82.71534004272668, 27.858022023264525 ], [ -82.716317571189506, 27.859833926959137 ], [ -82.717186501050222, 27.861688546634763 ], [ -82.717944450632487, 27.863580796844509 ], [ -82.718589342449164, 27.865505489225502 ], [ -82.719119408896645, 27.867457346739851 ], [ -82.719533197099608, 27.869431018156195 ], [ -82.719829572893374, 27.87142109273152 ], [ -82.720007723932454, 27.87342211505316 ], [ -82.720067161917299, 27.8754286 ], [ -82.720007723932454, 27.877435047781809 ], [ -82.719829572893374, 27.87943595901562 ], [ -82.719533197099608, 27.881425849797388 ], [ -82.719119408896645, 27.883399266728109 ], [ -82.718589342449164, 27.885350801853019 ], [ -82.717944450632487, 27.88727510747286 ], [ -82.717186501050222, 27.889166910787246 ], [ -82.716317571189506, 27.891021028329519 ], [ -82.71534004272668, 27.892832380154321 ], [ -82.714256594999327, 27.894596003738627 ], [ -82.713070197662347, 27.896307067559025 ], [ -82.711784102548393, 27.897960884307654 ], [ -82.710401834754748, 27.899552923711365 ], [ -82.70892718298137, 27.901078824919026 ], [ -82.707364189146276, 27.902534408423438 ], [ -82.705717137306905, 27.903915687485487 ], [ -82.703990541917889, 27.905218879029533 ], [ -82.702189135457147, 27.906440413980679 ], [ -82.7003178554546, 27.907576947015706 ], [ -82.698381830958652, 27.908625365701479 ], [ -82.69638636847786, 27.909582798995991 ], [ -82.694336937436233, 27.910446625089271 ], [ -82.692239155181724, 27.911214478562641 ], [ -82.690098771589746, 27.911884256847323 ], [ -82.687921653302894, 27.91245412596475 ], [ -82.685713767651109, 27.91292252553334 ], [ -82.683481166295493, 27.913288173027816 ], [ -82.681229968641134, 27.913550067280092 ], [ -82.678966345064339, 27.913707491211845 ], [ -82.6766965, 27.913760013791727 ], [ -82.674426654935658, 27.913707491211845 ], [ -82.672163031358878, 27.913550067280092 ], [ -82.669911833704532, 27.913288173027816 ], [ -82.667679232348888, 27.91292252553334 ], [ -82.665471346697117, 27.91245412596475 ], [ -82.663294228410265, 27.911884256847323 ], [ -82.661153844818287, 27.911214478562641 ], [ -82.659056062563778, 27.910446625089271 ], [ -82.657006631522151, 27.909582798995991 ], [ -82.655011169041359, 27.908625365701479 ], [ -82.653075144545397, 27.907576947015706 ], [ -82.651203864542865, 27.906440413980679 ], [ -82.649402458082122, 27.905218879029533 ], [ -82.647675862693106, 27.903915687485487 ], [ -82.646028810853736, 27.902534408423438 ], [ -82.644465817018641, 27.901078824919026 ], [ -82.642991165245263, 27.899552923711365 ], [ -82.641608897451633, 27.897960884307654 ], [ -82.640322802337664, 27.896307067559025 ], [ -82.639136405000698, 27.894596003738627 ], [ -82.638052957273331, 27.892832380154321 ], [ -82.637075428810505, 27.891021028329519 ], [ -82.63620649894979, 27.889166910787246 ], [ -82.635448549367524, 27.88727510747286 ], [ -82.634803657550833, 27.885350801853019 ], [ -82.634273591103366, 27.883399266728109 ], [ -82.633859802900417, 27.881425849797388 ], [ -82.633563427106637, 27.87943595901562 ], [ -82.633385276067557, 27.877435047781809 ], [ -82.633325838082712, 27.8754286 ] ] ] } },
{ "type": "Feature", "properties": { "facility_name": "Wheelabrator South Broward Inc. ", "city": "Ft. Lauderdale", "state": "FL" }, "geometry": { "type": "Polygon", "coordinates": [ [ [ -80.158892438082702, 26.119019099999988 ], [ -80.158951876067547, 26.116981030358879 ], [ -80.159130027106627, 26.11494851152818 ], [ -80.159426402900394, 26.112927114939051 ], [ -80.159840191103356, 26.110922381822892 ], [ -80.160370257550824, 26.108939808015243 ], [ -80.161015149367515, 26.106984828881135 ], [ -80.16177309894978, 26.105062804403151 ], [ -80.162642028810495, 26.103179004473493 ], [ -80.163619557273321, 26.101338594430228 ], [ -80.164703005000675, 26.099546620877852 ], [ -80.165889402337655, 26.097807997831183 ], [ -80.167175497451609, 26.096127493220685 ], [ -80.168557765245254, 26.094509715796704 ], [ -80.170032417018632, 26.092959102468658 ], [ -80.171595410853726, 26.09147990611428 ], [ -80.173242462693096, 26.090076183892663 ], [ -80.174969058082112, 26.088751786093304 ], [ -80.176770464542855, 26.087510345552221 ], [ -80.178641744545388, 26.086355267664587 ], [ -80.180577769041349, 26.085289721021152 ], [ -80.182573231522142, 26.084316628694964 ], [ -80.184622662563768, 26.083438660202177 ], [ -80.186720444818278, 26.082658224159559 ], [ -80.188860828410256, 26.081977461658923 ], [ -80.191037946697108, 26.081398240376934 ], [ -80.193245832348879, 26.080922149436809 ], [ -80.195478433704508, 26.080550495035965 ], [ -80.197729631358868, 26.080284296852042 ], [ -80.199993254935649, 26.080124285237016 ], [ -80.202263099999982, 26.080070899207605 ], [ -80.204532945064329, 26.080124285237016 ], [ -80.206796568641124, 26.080284296852042 ], [ -80.20904776629547, 26.080550495035965 ], [ -80.211280367651099, 26.080922149436809 ], [ -80.213488253302884, 26.081398240376934 ], [ -80.215665371589736, 26.081977461658923 ], [ -80.217805755181715, 26.082658224159559 ], [ -80.219903537436224, 26.083438660202177 ], [ -80.221952968477851, 26.084316628694964 ], [ -80.223948430958643, 26.085289721021152 ], [ -80.22588445545459, 26.086355267664587 ], [ -80.227755735457137, 26.087510345552221 ], [ -80.22955714191788, 26.088751786093304 ], [ -80.231283737306896, 26.090076183892663 ], [ -80.232930789146266, 26.09147990611428 ], [ -80.23449378298136, 26.092959102468658 ], [ -80.235968434754739, 26.094509715796704 ], [ -80.237350702548369, 26.096127493220685 ], [ -80.238636797662338, 26.097807997831183 ], [ -80.239823194999303, 26.099546620877852 ], [ -80.240906642726671, 26.101338594430228 ], [ -80.241884171189497, 26.103179004473493 ], [ -80.242753101050212, 26.105062804403151 ], [ -80.243511050632463, 26.106984828881135 ], [ -80.244155942449154, 26.108939808015243 ], [ -80.244686008896636, 26.110922381822892 ], [ -80.245099797099584, 26.112927114939051 ], [ -80.245396172893365, 26.11494851152818 ], [ -80.245574323932445, 26.116981030358879 ], [ -80.24563376191729, 26.119019099999988 ], [ -80.245574323932445, 26.121057134096343 ], [ -80.245396172893365, 26.123089546682191 ], [ -80.245099797099584, 26.125110767490433 ], [ -80.244686008896636, 26.127115257215561 ], [ -80.244155942449154, 26.12909752268866 ], [ -80.243511050632463, 26.131052131922896 ], [ -80.242753101050212, 26.132973728988379 ], [ -80.241884171189497, 26.134857048675741 ], [ -80.240906642726671, 26.136696930908553 ], [ -80.239823194999303, 26.138488334865098 ], [ -80.238636797662338, 26.14022635277119 ], [ -80.237350702548369, 26.141906223326419 ], [ -80.235968434754739, 26.143523344727285 ], [ -80.23449378298136, 26.145073287251883 ], [ -80.232930789146266, 26.146551805371928 ], [ -80.231283737306896, 26.147954849359245 ], [ -80.22955714191788, 26.149278576355194 ], [ -80.227755735457137, 26.150519360873208 ], [ -80.22588445545459, 26.151673804705652 ], [ -80.223948430958643, 26.152738746208612 ], [ -80.221952968477851, 26.153711268939109 ], [ -80.219903537436224, 26.154588709621546 ], [ -80.217805755181715, 26.155368665421992 ], [ -80.215665371589736, 26.156049000510251 ], [ -80.213488253302884, 26.156627851892473 ], [ -80.211280367651099, 26.157103634498164 ], [ -80.20904776629547, 26.157475045508043 ], [ -80.206796568641124, 26.157741067911154 ], [ -80.204532945064329, 26.157900973281365 ], [ -80.202263099999982, 26.157954323766031 ], [ -80.199993254935649, 26.157900973281365 ], [ -80.197729631358868, 26.157741067911154 ], [ -80.195478433704508, 26.157475045508043 ], [ -80.193245832348879, 26.157103634498164 ], [ -80.191037946697108, 26.156627851892473 ], [ -80.188860828410256, 26.156049000510251 ], [ -80.186720444818278, 26.155368665421992 ], [ -80.184622662563768, 26.154588709621546 ], [ -80.182573231522142, 26.153711268939109 ], [ -80.180577769041349, 26.152738746208612 ], [ -80.178641744545388, 26.151673804705652 ], [ -80.176770464542855, 26.150519360873208 ], [ -80.174969058082112, 26.149278576355194 ], [ -80.173242462693096, 26.147954849359245 ], [ -80.171595410853726, 26.146551805371928 ], [ -80.170032417018632, 26.145073287251883 ], [ -80.168557765245254, 26.143523344727285 ], [ -80.167175497451609, 26.141906223326419 ], [ -80.165889402337655, 26.14022635277119 ], [ -80.164703005000675, 26.138488334865098 ], [ -80.163619557273321, 26.136696930908553 ], [ -80.162642028810495, 26.134857048675741 ], [ -80.16177309894978, 26.132973728988379 ], [ -80.161015149367515, 26.131052131922896 ], [ -80.160370257550824, 26.12909752268866 ], [ -80.159840191103356, 26.127115257215561 ], [ -80.159426402900394, 26.125110767490433 ], [ -80.159130027106627, 26.123089546682191 ], [ -80.158951876067547, 26.121057134096343 ], [ -80.158892438082702, 26.119019099999988 ] ] ] } },
{ "type": "Feature", "properties": { "facility_name": "Honolulu Resource Recovery Venture - Hpower", "city": "Kapolei", "state": "HI" }, "geometry": { "type": "Polygon", "coordinates": [ [ [ -158.060145338082719, 21.305157 ], [ -158.060204776067565, 21.30304226426756 ], [ -158.060382927106645, 21.300933294566981 ], [ -158.060679302900382, 21.298835871813736 ], [ -158.061093091103373, 21.296755745518382 ], [ -158.061623157550827, 21.294698618020732 ], [ -158.06226804936756, 21.292670128850741 ], [ -158.063025998949797, 21.290675839258991 ], [ -158.063894928810527, 21.288721216959367 ], [ -158.064872457273339, 21.286811621125992 ], [ -158.065955905000664, 21.28495228768552 ], [ -158.067142302337629, 21.2831483149455 ], [ -158.06842839745164, 21.281404649598272 ], [ -158.069810665245285, 21.279726073139194 ], [ -158.071285317018635, 21.278117188736349 ], [ -158.072848310853743, 21.276582408588425 ], [ -158.074495362693085, 21.275125941805328 ], [ -158.07622195808213, 21.273751782845199 ], [ -158.078023364542844, 21.272463700539795 ], [ -158.079894644545391, 21.271265227738571 ], [ -158.081830669041352, 21.270159651600178 ], [ -158.08382613152213, 21.269150004558192 ], [ -158.085875562563785, 21.268239055986182 ], [ -158.087973344818295, 21.267429304585118 ], [ -158.090113728410273, 21.266722971514387 ], [ -158.092290846697125, 21.266121994285239 ], [ -158.09449873234891, 21.265628021433773 ], [ -158.096731333704554, 21.2652424079883 ], [ -158.098982531358899, 21.264966211743335 ], [ -158.101246154935694, 21.264800190351007 ], [ -158.103516, 21.264744799237548 ], [ -158.105785845064332, 21.264800190351007 ], [ -158.108049468641099, 21.264966211743335 ], [ -158.110300666295473, 21.2652424079883 ], [ -158.112533267651116, 21.265628021433773 ], [ -158.114741153302901, 21.266121994285239 ], [ -158.116918271589753, 21.266722971514387 ], [ -158.119058655181732, 21.267429304585118 ], [ -158.121156437436213, 21.268239055986182 ], [ -158.123205868477868, 21.269150004558192 ], [ -158.125201330958646, 21.270159651600178 ], [ -158.127137355454607, 21.271265227738571 ], [ -158.129008635457183, 21.272463700539795 ], [ -158.130810041917869, 21.273751782845199 ], [ -158.132536637306913, 21.275125941805328 ], [ -158.134183689146283, 21.276582408588425 ], [ -158.135746682981392, 21.278117188736349 ], [ -158.137221334754742, 21.279726073139194 ], [ -158.138603602548386, 21.281404649598272 ], [ -158.139889697662369, 21.2831483149455 ], [ -158.141076094999335, 21.28495228768552 ], [ -158.142159542726688, 21.286811621125992 ], [ -158.1431370711895, 21.288721216959367 ], [ -158.144006001050229, 21.290675839258991 ], [ -158.144763950632466, 21.292670128850741 ], [ -158.145408842449172, 21.294698618020732 ], [ -158.145938908896625, 21.296755745518382 ], [ -158.146352697099616, 21.298835871813736 ], [ -158.146649072893354, 21.300933294566981 ], [ -158.146827223932462, 21.30304226426756 ], [ -158.146886661917307, 21.305157 ], [ -158.146827223932462, 21.307271705293186 ], [ -158.146649072893354, 21.309380584009521 ], [ -158.146352697099616, 21.311477856230383 ], [ -158.145938908896625, 21.313557774094459 ], [ -158.145408842449172, 21.315614637545551 ], [ -158.144763950632466, 21.317642809946683 ], [ -158.144006001050229, 21.31963673351785 ], [ -158.1431370711895, 21.321590944555339 ], [ -158.142159542726688, 21.323500088390944 ], [ -158.141076094999335, 21.325358934050158 ], [ -158.139889697662369, 21.327162388569711 ], [ -158.138603602548386, 21.328905510934945 ], [ -158.137221334754742, 21.330583525599586 ], [ -158.135746682981392, 21.332191835550628 ], [ -158.134183689146283, 21.333726034883238 ], [ -158.132536637306913, 21.335181920851035 ], [ -158.130810041917869, 21.336555505359403 ], [ -158.129008635457183, 21.337843025870406 ], [ -158.127137355454607, 21.339040955689729 ], [ -158.125201330958646, 21.340146013607725 ], [ -158.123205868477868, 21.341155172868586 ], [ -158.121156437436213, 21.342065669442938 ], [ -158.119058655181732, 21.342875009581984 ], [ -158.116918271589753, 21.343580976632243 ], [ -158.114741153302901, 21.344181637092646 ], [ -158.112533267651116, 21.344675345897645 ], [ -158.110300666295473, 21.345060750911916 ], [ -158.108049468641099, 21.345336796624551 ], [ -158.105785845064332, 21.345502727032684 ], [ -158.103516, 21.345558087706902 ], [ -158.101246154935694, 21.345502727032684 ], [ -158.098982531358899, 21.345336796624551 ], [ -158.096731333704554, 21.345060750911916 ], [ -158.09449873234891, 21.344675345897645 ], [ -158.092290846697125, 21.344181637092646 ], [ -158.090113728410273, 21.343580976632243 ], [ -158.087973344818295, 21.342875009581984 ], [ -158.085875562563785, 21.342065669442938 ], [ -158.08382613152213, 21.341155172868586 ], [ -158.081830669041352, 21.340146013607725 ], [ -158.079894644545391, 21.339040955689729 ], [ -158.078023364542844, 21.337843025870406 ], [ -158.07622195808213, 21.336555505359403 ], [ -158.074495362693085, 21.335181920851035 ], [ -158.072848310853743, 21.333726034883238 ], [ -158.071285317018635, 21.332191835550628 ], [ -158.069810665245285, 21.330583525599586 ], [ -158.06842839745164, 21.328905510934945 ], [ -158.067142302337629, 21.327162388569711 ], [ -158.065955905000664, 21.325358934050158 ], [ -158.064872457273339, 21.323500088390944 ], [ -158.063894928810527, 21.321590944555339 ], [ -158.063025998949797, 21.31963673351785 ], [ -158.06226804936756, 21.317642809946683 ], [ -158.061623157550827, 21.315614637545551 ], [ -158.061093091103373, 21.313557774094459 ], [ -158.060679302900382, 21.311477856230383 ], [ -158.060382927106645, 21.309380584009521 ], [ -158.060204776067565, 21.307271705293186 ], [ -158.060145338082719, 21.305157 ] ] ] } },
{ "type": "Feature", "properties": { "facility_name": "Indianapolis Resource Recovery Facility", "city": "Indianapolis", "state": "IN" }, "geometry": { "type": "Polygon", "coordinates": [ [ [ -86.145154938082698, 39.7344215 ], [ -86.145214376067543, 39.732675931487293 ], [ -86.145392527106637, 39.730935103434561 ], [ -86.145688902900403, 39.729203787873729 ], [ -86.146102691103366, 39.727486731118802 ], [ -86.146632757550833, 39.72578864074675 ], [ -86.147277649367524, 39.724114172680693 ], [ -86.148035598949775, 39.722467918411105 ], [ -86.148904528810505, 39.720854392390152 ], [ -86.149882057273317, 39.719278019633919 ], [ -86.150965505000684, 39.717743123566898 ], [ -86.15215190233765, 39.716253914142257 ], [ -86.153437997451618, 39.714814476270718 ], [ -86.154820265245263, 39.71342875859029 ], [ -86.156294917018627, 39.712100562607795 ], [ -86.157857910853721, 39.710833532242539 ], [ -86.159504962693092, 39.709631143800998 ], [ -86.161231558082108, 39.70849669641057 ], [ -86.16303296454285, 39.707433302938945 ], [ -86.164904244545411, 39.706443881424462 ], [ -86.166840269041344, 39.705531147041171 ], [ -86.168835731522137, 39.704697604621352 ], [ -86.170885162563778, 39.703945541755985 ], [ -86.172982944818273, 39.703277022492884 ], [ -86.175123328410265, 39.702693881649644 ], [ -86.177300446697103, 39.702197719757713 ], [ -86.179508332348888, 39.701789898651548 ], [ -86.181740933704518, 39.7014715377152 ], [ -86.183992131358892, 39.701243510796914 ], [ -86.186255754935672, 39.701106443800384 ], [ -86.1885256, 39.701060712959354 ], [ -86.190795445064339, 39.701106443800384 ], [ -86.193059068641119, 39.701243510796914 ], [ -86.195310266295479, 39.7014715377152 ], [ -86.197542867651109, 39.701789898651548 ], [ -86.19975075330288, 39.702197719757713 ], [ -86.201927871589731, 39.702693881649644 ], [ -86.20406825518171, 39.703277022492884 ], [ -86.206166037436219, 39.703945541755985 ], [ -86.208215468477846, 39.704697604621352 ], [ -86.210210930958638, 39.705531147041171 ], [ -86.2121469554546, 39.706443881424462 ], [ -86.214018235457146, 39.707433302938945 ], [ -86.215819641917875, 39.70849669641057 ], [ -86.217546237306891, 39.709631143800998 ], [ -86.219193289146276, 39.710833532242539 ], [ -86.220756282981355, 39.712100562607795 ], [ -86.222230934754734, 39.71342875859029 ], [ -86.223613202548378, 39.714814476270718 ], [ -86.224899297662333, 39.716253914142257 ], [ -86.226085694999313, 39.717743123566898 ], [ -86.227169142726666, 39.719278019633919 ], [ -86.228146671189506, 39.720854392390152 ], [ -86.229015601050207, 39.722467918411105 ], [ -86.229773550632473, 39.724114172680693 ], [ -86.230418442449164, 39.72578864074675 ], [ -86.230948508896631, 39.727486731118802 ], [ -86.231362297099594, 39.729203787873729 ], [ -86.23165867289336, 39.730935103434561 ], [ -86.231836823932454, 39.732675931487293 ], [ -86.231896261917285, 39.7344215 ], [ -86.231836823932454, 39.736167024308649 ], [ -86.23165867289336, 39.737907720233515 ], [ -86.231362297099594, 39.73963881719034 ], [ -86.230948508896631, 39.741355571260151 ], [ -86.230418442449164, 39.743053278182259 ], [ -86.229773550632473, 39.744727286234706 ], [ -86.229015601050207, 39.746373008967026 ], [ -86.228146671189506, 39.747985937750698 ], [ -86.227169142726666, 39.749561654113101 ], [ -86.226085694999313, 39.751095841821304 ], [ -86.224899297662333, 39.752584298683097 ], [ -86.223613202548378, 39.754022948032976 ], [ -86.222230934754734, 39.755407849872157 ], [ -86.220756282981355, 39.756735211632325 ], [ -86.219193289146276, 39.758001398534113 ], [ -86.217546237306891, 39.759202943512207 ], [ -86.215819641917875, 39.76033655668035 ], [ -86.214018235457146, 39.761399134310764 ], [ -86.2121469554546, 39.762387767303665 ], [ -86.210210930958638, 39.763299749124187 ], [ -86.208215468477846, 39.764132583185294 ], [ -86.206166037436219, 39.764883989656916 ], [ -86.20406825518171, 39.765551911682827 ], [ -86.201927871589731, 39.766134520988921 ], [ -86.19975075330288, 39.766630222867335 ], [ -86.197542867651109, 39.767037660523641 ], [ -86.195310266295479, 39.76735571877493 ], [ -86.193059068641119, 39.767583527089251 ], [ -86.190795445064339, 39.76772046195795 ], [ -86.1885256, 39.767766148594944 ], [ -86.186255754935672, 39.76772046195795 ], [ -86.183992131358892, 39.767583527089251 ], [ -86.181740933704518, 39.76735571877493 ], [ -86.179508332348888, 39.767037660523641 ], [ -86.177300446697103, 39.766630222867335 ], [ -86.175123328410265, 39.766134520988921 ], [ -86.172982944818273, 39.765551911682827 ], [ -86.170885162563778, 39.764883989656916 ], [ -86.168835731522137, 39.764132583185294 ], [ -86.166840269041344, 39.763299749124187 ], [ -86.164904244545411, 39.762387767303665 ], [ -86.16303296454285, 39.761399134310764 ], [ -86.161231558082108, 39.76033655668035 ], [ -86.159504962693092, 39.759202943512207 ], [ -86.157857910853721, 39.758001398534113 ], [ -86.156294917018627, 39.756735211632325 ], [ -86.154820265245263, 39.755407849872157 ], [ -86.153437997451618, 39.754022948032976 ], [ -86.15215190233765, 39.752584298683097 ], [ -86.150965505000684, 39.751095841821304 ], [ -86.149882057273317, 39.749561654113101 ], [ -86.148904528810505, 39.747985937750698 ], [ -86.148035598949775, 39.746373008967026 ], [ -86.147277649367524, 39.744727286234706 ], [ -86.146632757550833, 39.743053278182259 ], [ -86.146102691103366, 39.741355571260151 ], [ -86.145688902900403, 39.73963881719034 ], [ -86.145392527106637, 39.73790772023353 ], [ -86.145214376067543, 39.736167024308649 ], [ -86.145154938082698, 39.7344215 ] ] ] } },
{ "type": "Feature", "properties": { "facility_name": "Arnold O. Chantland Resource Recovery Plant", "city": "Ames", "state": "IA" }, "geometry": { "type": "Polygon", "coordinates": [ [ [ -93.562683338082707, 42.0233756 ], [ -93.562742776067537, 42.021689373817885 ], [ -93.562920927106632, 42.020007724929577 ], [ -93.563217302900398, 42.018335263167117 ], [ -93.56363109110336, 42.016676573540586 ], [ -93.564161157550828, 42.015036203661012 ], [ -93.564806049367519, 42.013418651261823 ], [ -93.565563998949784, 42.011828351853481 ], [ -93.566432928810499, 42.010269666545064 ], [ -93.567410457273311, 42.00874687006656 ], [ -93.568493905000679, 42.007264139024983 ], [ -93.569680302337645, 42.005825540426635 ], [ -93.570966397451613, 42.004435020497532 ], [ -93.572348665245272, 42.003096393832756 ], [ -93.573823317018622, 42.001813332905066 ], [ -93.575386310853716, 42.000589357961736 ], [ -93.577033362693101, 41.999427827337833 ], [ -93.578759958082117, 41.998331928212835 ], [ -93.580561364542859, 41.997304667836438 ], [ -93.582432644545406, 41.996348865247896 ], [ -93.584368669041353, 41.995467143512073 ], [ -93.586364131522132, 41.994661922493975 ], [ -93.588413562563773, 41.993935412191718 ], [ -93.590511344818268, 41.993289606646897 ], [ -93.59265172841026, 41.992726278449204 ], [ -93.594828846697098, 41.992246973850612 ], [ -93.597036732348883, 41.991853008503085 ], [ -93.599269333704527, 41.991545463831507 ], [ -93.601520531358887, 41.991325184052087 ], [ -93.603784154935667, 41.991192773844702 ], [ -93.606054, 41.991148596685505 ], [ -93.608323845064334, 41.991192773844702 ], [ -93.610587468641114, 41.991325184052087 ], [ -93.612838666295474, 41.991545463831507 ], [ -93.615071267651118, 41.991853008503085 ], [ -93.617279153302889, 41.992246973850612 ], [ -93.619456271589726, 41.992726278449204 ], [ -93.621596655181705, 41.993289606646897 ], [ -93.623694437436214, 41.993935412191718 ], [ -93.625743868477855, 41.994661922493975 ], [ -93.627739330958647, 41.995467143512073 ], [ -93.629675355454594, 41.996348865247896 ], [ -93.631546635457141, 41.997304667836438 ], [ -93.63334804191787, 41.998331928212835 ], [ -93.635074637306886, 41.999427827337833 ], [ -93.63672168914627, 42.000589357961736 ], [ -93.63828468298135, 42.001813332905066 ], [ -93.639759334754729, 42.003096393832756 ], [ -93.641141602548387, 42.004435020497532 ], [ -93.642427697662328, 42.005825540426635 ], [ -93.643614094999322, 42.007264139024983 ], [ -93.644697542726675, 42.00874687006656 ], [ -93.645675071189501, 42.010269666545064 ], [ -93.646544001050202, 42.011828351853481 ], [ -93.647301950632482, 42.013418651261823 ], [ -93.647946842449159, 42.015036203661012 ], [ -93.64847690889664, 42.016676573540586 ], [ -93.648890697099603, 42.018335263167117 ], [ -93.649187072893355, 42.020007724929577 ], [ -93.649365223932449, 42.021689373817885 ], [ -93.64942466191728, 42.0233756 ], [ -93.649365223932449, 42.025061781463187 ], [ -93.649187072893355, 42.026743296684693 ], [ -93.648890697099603, 42.028415537296972 ], [ -93.64847690889664, 42.030073920712894 ], [ -93.647946842449159, 42.03171390267633 ], [ -93.647301950632482, 42.033330989703956 ], [ -93.646544001050202, 42.034920751384014 ], [ -93.645675071189501, 42.036478832498901 ], [ -93.644697542726675, 42.038000964938291 ], [ -93.643614094999322, 42.039482979370526 ], [ -93.642427697662328, 42.040920816640629 ], [ -93.641141602548387, 42.042310538863859 ], [ -93.639759334754729, 42.043648340184966 ], [ -93.63828468298135, 42.044930557173814 ], [ -93.63672168914627, 42.046153678829519 ], [ -93.635074637306886, 42.04731435616582 ], [ -93.63334804191787, 42.048409411352004 ], [ -93.631546635457141, 42.049435846384775 ], [ -93.629675355454594, 42.050390851267501 ], [ -93.627739330958647, 42.051271811675157 ], [ -93.625743868477855, 42.052076316084005 ], [ -93.623694437436214, 42.052802162347241 ], [ -93.621596655181705, 42.053447363698609 ], [ -93.619456271589726, 42.054010154168125 ], [ -93.617279153302889, 42.054488993395239 ], [ -93.615071267651118, 42.054882570826699 ], [ -93.612838666295474, 42.055189809287725 ], [ -93.610587468641114, 42.055409867917014 ], [ -93.608323845064334, 42.05554214445764 ], [ -93.606054, 42.055586276897927 ], [ -93.603784154935667, 42.05554214445764 ], [ -93.601520531358887, 42.055409867917014 ], [ -93.599269333704527, 42.055189809287725 ], [ -93.597036732348883, 42.054882570826699 ], [ -93.594828846697098, 42.054488993395239 ], [ -93.59265172841026, 42.054010154168125 ], [ -93.590511344818268, 42.053447363698609 ], [ -93.588413562563773, 42.052802162347241 ], [ -93.586364131522132, 42.052076316084005 ], [ -93.584368669041353, 42.051271811675157 ], [ -93.582432644545406, 42.050390851267501 ], [ -93.580561364542859, 42.049435846384775 ], [ -93.578759958082117, 42.048409411352004 ], [ -93.577033362693101, 42.04731435616582 ], [ -93.575386310853716, 42.046153678829519 ], [ -93.573823317018622, 42.044930557173814 ], [ -93.572348665245272, 42.043648340184966 ], [ -93.570966397451613, 42.042310538863859 ], [ -93.569680302337645, 42.040920816640629 ], [ -93.568493905000679, 42.039482979370526 ], [ -93.567410457273311, 42.038000964938291 ], [ -93.566432928810499, 42.036478832498901 ], [ -93.565563998949784, 42.034920751384014 ], [ -93.564806049367519, 42.033330989703956 ], [ -93.564161157550828, 42.03171390267633 ], [ -93.56363109110336, 42.030073920712894 ], [ -93.563217302900398, 42.028415537296972 ], [ -93.562920927106632, 42.0267432966847 ], [ -93.562742776067537, 42.025061781463187 ], [ -93.562683338082707, 42.0233756 ] ] ] } },
{ "type": "Feature", "properties": { "facility_name": "Mid-Maine Waste Action Corporation", "city": "", "state": "ME" }, "geometry": { "type": "Polygon", "coordinates": [ [ [ -70.217687838082711, 44.067795199999985 ], [ -70.217747276067527, 44.066164254486957 ], [ -70.217925427106636, 44.064537734529281 ], [ -70.218221802900402, 44.062920098856949 ], [ -70.218635591103364, 44.061315782209789 ], [ -70.219165657550846, 44.059729183172273 ], [ -70.219810549367537, 44.058164652103322 ], [ -70.220568498949802, 44.056626479194861 ], [ -70.221437428810518, 44.055118882691538 ], [ -70.22241495727333, 44.053645997304557 ], [ -70.223498405000669, 44.052211862851372 ], [ -70.224684802337663, 44.05082041315282 ], [ -70.225970897451617, 44.049475465218343 ], [ -70.227353165245262, 44.048180708749427 ], [ -70.22882781701864, 44.046939695990346 ], [ -70.230390810853734, 44.045755831954295 ], [ -70.232037862693105, 44.044632365052401 ], [ -70.233764458082121, 44.043572378151417 ], [ -70.235565864542849, 44.042578780085236 ], [ -70.23743714454541, 44.041654297643824 ], [ -70.239373169041357, 44.0408014680619 ], [ -70.241368631522136, 44.040022632028567 ], [ -70.243418062563791, 44.039319927237123 ], [ -70.245515844818286, 44.038695282493443 ], [ -70.247656228410264, 44.038150412399233 ], [ -70.249833346697102, 44.037686812625054 ], [ -70.252041232348887, 44.037305755786534 ], [ -70.254273833704531, 44.037008287935144 ], [ -70.25652503135889, 44.03679522567348 ], [ -70.258788654935671, 44.036667153903224 ], [ -70.2610585, 44.036624424211901 ], [ -70.263328345064323, 44.036667153903224 ], [ -70.265591968641104, 44.03679522567348 ], [ -70.267843166295464, 44.037008287935144 ], [ -70.270075767651122, 44.037305755786534 ], [ -70.272283653302907, 44.037686812625054 ], [ -70.27446077158973, 44.038150412399233 ], [ -70.276601155181737, 44.038695282493443 ], [ -70.278698937436218, 44.039319927237123 ], [ -70.280748368477873, 44.040022632028567 ], [ -70.282743830958651, 44.0408014680619 ], [ -70.284679855454598, 44.041654297643824 ], [ -70.286551135457145, 44.042578780085236 ], [ -70.288352541917888, 44.043572378151417 ], [ -70.290079137306904, 44.044632365052401 ], [ -70.29172618914626, 44.045755831954295 ], [ -70.293289182981368, 44.046939695990346 ], [ -70.294763834754733, 44.048180708749427 ], [ -70.296146102548377, 44.049475465218343 ], [ -70.297432197662346, 44.05082041315282 ], [ -70.298618594999326, 44.052211862851372 ], [ -70.299702042726679, 44.053645997304557 ], [ -70.300679571189491, 44.055118882691538 ], [ -70.30154850105022, 44.056626479194861 ], [ -70.302306450632472, 44.058164652103322 ], [ -70.302951342449177, 44.059729183172273 ], [ -70.303481408896644, 44.061315782209789 ], [ -70.303895197099592, 44.062920098856949 ], [ -70.304191572893359, 44.064537734529281 ], [ -70.304369723932467, 44.066164254486957 ], [ -70.304429161917284, 44.067795199999985 ], [ -70.304369723932467, 44.069426100575427 ], [ -70.304191572893359, 44.07105248621265 ], [ -70.303895197099592, 44.072669899653349 ], [ -70.303481408896644, 44.074273908592488 ], [ -70.302951342449177, 44.075860117816909 ], [ -70.302306450632472, 44.077424181238548 ], [ -70.30154850105022, 44.078961813789171 ], [ -70.300679571189491, 44.08046880314437 ], [ -70.299702042726679, 44.081941021244994 ], [ -70.298618594999326, 44.083374435584524 ], [ -70.297432197662346, 44.084765120231829 ], [ -70.296146102548377, 44.086109266559532 ], [ -70.294763834754733, 44.087403193648719 ], [ -70.293289182981368, 44.088643358341983 ], [ -70.29172618914626, 44.089826364917712 ], [ -70.290079137306904, 44.0909489743593 ], [ -70.288352541917888, 44.092008113194488 ], [ -70.286551135457145, 44.093000881880997 ], [ -70.284679855454598, 44.093924562715685 ], [ -70.282743830958651, 44.094776627246432 ], [ -70.280748368477873, 44.095554743166176 ], [ -70.278698937436218, 44.096256780671354 ], [ -70.276601155181737, 44.096880818266989 ], [ -70.27446077158973, 44.097425148003445 ], [ -70.272283653302907, 44.097888280130405 ], [ -70.270075767651122, 44.098268947155894 ], [ -70.267843166295464, 44.098566107299327 ], [ -70.265591968641118, 44.098778947329386 ], [ -70.263328345064323, 44.098906884779232 ], [ -70.2610585, 44.098949569532962 ], [ -70.258788654935671, 44.098906884779232 ], [ -70.25652503135889, 44.098778947329386 ], [ -70.254273833704531, 44.098566107299327 ], [ -70.252041232348887, 44.098268947155894 ], [ -70.249833346697102, 44.097888280130405 ], [ -70.247656228410264, 44.097425148003445 ], [ -70.245515844818286, 44.096880818266989 ], [ -70.243418062563791, 44.096256780671354 ], [ -70.241368631522136, 44.095554743166176 ], [ -70.239373169041357, 44.094776627246432 ], [ -70.23743714454541, 44.093924562715685 ], [ -70.235565864542849, 44.093000881880997 ], [ -70.233764458082121, 44.092008113194488 ], [ -70.232037862693105, 44.0909489743593 ], [ -70.230390810853734, 44.089826364917712 ], [ -70.22882781701864, 44.088643358341983 ], [ -70.227353165245262, 44.087403193648719 ], [ -70.225970897451617, 44.086109266559532 ], [ -70.224684802337663, 44.084765120231829 ], [ -70.223498405000669, 44.083374435584524 ], [ -70.22241495727333, 44.081941021244994 ], [ -70.221437428810518, 44.08046880314437 ], [ -70.220568498949802, 44.078961813789171 ], [ -70.219810549367537, 44.077424181238548 ], [ -70.219165657550846, 44.075860117816909 ], [ -70.218635591103364, 44.074273908592488 ], [ -70.218221802900402, 44.072669899653349 ], [ -70.217925427106636, 44.071052486212658 ], [ -70.217747276067527, 44.069426100575427 ], [ -70.217687838082711, 44.067795199999985 ] ] ] } },
{ "type": "Feature", "properties": { "facility_name": "ecomaine", "city": "Portland", "state": "ME" }, "geometry": { "type": "Polygon", "coordinates": [ [ [ -70.290740238082705, 43.6532595 ], [ -70.290799676067522, 43.651617175386427 ], [ -70.29097782710663, 43.649979307543347 ], [ -70.291274202900397, 43.648350386304216 ], [ -70.291687991103359, 43.646734877341331 ], [ -70.292218057550841, 43.645137209915823 ], [ -70.292862949367532, 43.643561764723415 ], [ -70.293620898949797, 43.642012861869802 ], [ -70.294489828810498, 43.640494749008383 ], [ -70.295467357273324, 43.639011589673572 ], [ -70.296550805000663, 43.637567451841427 ], [ -70.297737202337657, 43.636166296749636 ], [ -70.299023297451612, 43.634811968007661 ], [ -70.300405565245256, 43.633508181027224 ], [ -70.301880217018635, 43.632258512802615 ], [ -70.303443210853729, 43.631066392069023 ], [ -70.305090262693099, 43.629935089866571 ], [ -70.306816858082115, 43.628867710535971 ], [ -70.308618264542844, 43.627867183171219 ], [ -70.310489544545405, 43.626936253552998 ], [ -70.312425569041338, 43.626077476585365 ], [ -70.31442103152213, 43.625293209256938 ], [ -70.316470462563785, 43.624585604146084 ], [ -70.31856824481828, 43.623956603488509 ], [ -70.320708628410259, 43.623407933823678 ], [ -70.322885746697096, 43.622941101235234 ], [ -70.325093632348882, 43.622557387198562 ], [ -70.327326233704525, 43.622257845047393 ], [ -70.329577431358871, 43.622043297069098 ], [ -70.331841054935666, 43.621914332237047 ], [ -70.3341109, 43.621871304586271 ], [ -70.336380745064318, 43.621914332237047 ], [ -70.338644368641113, 43.622043297069098 ], [ -70.340895566295458, 43.622257845047393 ], [ -70.343128167651116, 43.622557387198562 ], [ -70.345336053302901, 43.622941101235234 ], [ -70.347513171589725, 43.623407933823678 ], [ -70.349653555181732, 43.623956603488509 ], [ -70.351751337436212, 43.624585604146084 ], [ -70.353800768477868, 43.625293209256938 ], [ -70.355796230958646, 43.626077476585365 ], [ -70.357732255454593, 43.626936253552998 ], [ -70.35960353545714, 43.627867183171219 ], [ -70.361404941917883, 43.628867710535971 ], [ -70.363131537306899, 43.629935089866571 ], [ -70.364778589146255, 43.631066392069023 ], [ -70.366341582981363, 43.632258512802615 ], [ -70.367816234754727, 43.633508181027224 ], [ -70.369198502548372, 43.634811968007661 ], [ -70.37048459766234, 43.636166296749636 ], [ -70.37167099499932, 43.637567451841427 ], [ -70.372754442726674, 43.639011589673572 ], [ -70.373731971189486, 43.640494749008383 ], [ -70.374600901050201, 43.642012861869802 ], [ -70.375358850632466, 43.643561764723415 ], [ -70.376003742449171, 43.645137209915823 ], [ -70.376533808896639, 43.646734877341331 ], [ -70.376947597099587, 43.648350386304216 ], [ -70.377243972893353, 43.649979307543347 ], [ -70.377422123932462, 43.651617175386427 ], [ -70.377481561917278, 43.6532595 ], [ -70.377422123932462, 43.654901779701824 ], [ -70.377243972893353, 43.656539513301787 ], [ -70.376947597099587, 43.658168212437218 ], [ -70.376533808896639, 43.659783413869221 ], [ -70.376003742449171, 43.661380691706043 ], [ -70.375358850632466, 43.662955669520379 ], [ -70.374600901050201, 43.664504032327244 ], [ -70.373731971189486, 43.666021538390055 ], [ -70.372754442726674, 43.66750403082267 ], [ -70.37167099499932, 43.668947448955713 ], [ -70.37048459766234, 43.670347839436694 ], [ -70.369198502548372, 43.671701367033378 ], [ -70.367816234754727, 43.673004325111563 ], [ -70.366341582981363, 43.674253145758591 ], [ -70.364778589146255, 43.67544440952549 ], [ -70.363131537306899, 43.67657485476127 ], [ -70.361404941917883, 43.67764138651431 ], [ -70.35960353545714, 43.678641084976853 ], [ -70.357732255454593, 43.67957121344984 ], [ -70.355796230958646, 43.680429225806733 ], [ -70.353800768477868, 43.681212773436144 ], [ -70.351751337436212, 43.681919711644873 ], [ -70.349653555181732, 43.682548105503955 ], [ -70.347513171589725, 43.6830962351221 ], [ -70.345336053302901, 43.683562600332564 ], [ -70.343128167651116, 43.683945924780609 ], [ -70.340895566295458, 43.684245159400959 ], [ -70.338644368641113, 43.684459485275596 ], [ -70.336380745064318, 43.684588315864566 ], [ -70.3341109, 43.68463129860362 ], [ -70.331841054935666, 43.684588315864566 ], [ -70.329577431358885, 43.684459485275596 ], [ -70.327326233704525, 43.684245159400959 ], [ -70.325093632348882, 43.683945924780609 ], [ -70.322885746697096, 43.683562600332564 ], [ -70.320708628410259, 43.6830962351221 ], [ -70.31856824481828, 43.682548105503955 ], [ -70.316470462563785, 43.681919711644873 ], [ -70.31442103152213, 43.681212773436144 ], [ -70.312425569041338, 43.680429225806733 ], [ -70.310489544545405, 43.67957121344984 ], [ -70.308618264542844, 43.678641084976853 ], [ -70.306816858082115, 43.67764138651431 ], [ -70.305090262693099, 43.67657485476127 ], [ -70.303443210853729, 43.67544440952549 ], [ -70.301880217018635, 43.674253145758591 ], [ -70.300405565245256, 43.673004325111563 ], [ -70.299023297451612, 43.671701367033378 ], [ -70.297737202337657, 43.670347839436694 ], [ -70.296550805000663, 43.668947448955713 ], [ -70.295467357273324, 43.66750403082267 ], [ -70.294489828810498, 43.666021538390055 ], [ -70.293620898949797, 43.664504032327244 ], [ -70.292862949367532, 43.662955669520379 ], [ -70.292218057550841, 43.661380691706043 ], [ -70.291687991103359, 43.659783413869221 ], [ -70.291274202900397, 43.658168212437218 ], [ -70.29097782710663, 43.656539513301794 ], [ -70.290799676067522, 43.654901779701824 ], [ -70.290740238082705, 43.6532595 ] ] ] } },
{ "type": "Feature", "properties": { "facility_name": "Penobscot Energy Recovery Company", "city": "Orrington, ", "state": "ME" }, "geometry": { "type": "Polygon", "coordinates": [ [ [ -68.779483738082703, 44.7382688 ], [ -68.77954317606752, 44.736656439596118 ], [ -68.779721327106628, 44.735048453785197 ], [ -68.780017702900395, 44.733449250496633 ], [ -68.780431491103357, 44.731863213948778 ], [ -68.780961557550825, 44.730294692622159 ], [ -68.781606449367516, 44.728747987326713 ], [ -68.782364398949781, 44.727227339396038 ], [ -68.783233328810496, 44.725736919041083 ], [ -68.784210857273308, 44.724280813895632 ], [ -68.785294305000662, 44.722863017784988 ], [ -68.786480702337656, 44.721487419749145 ], [ -68.78776679745161, 44.720157793350793 ], [ -68.789149065245255, 44.718877786297774 ], [ -68.790623717018633, 44.717650910408921 ], [ -68.792186710853727, 44.716480531950978 ], [ -68.793833762693097, 44.715369862373791 ], [ -68.795560358082113, 44.714321949469316 ], [ -68.797361764542842, 44.713339668979202 ], [ -68.799233044545389, 44.712425716674439 ], [ -68.801169069041336, 44.711582600929056 ], [ -68.803164531522128, 44.710812635808779 ], [ -68.805213962563784, 44.710117934693855 ], [ -68.807311744818264, 44.709500404454054 ], [ -68.809452128410257, 44.70896174019196 ], [ -68.811629246697095, 44.708503420569542 ], [ -68.81383713234888, 44.708126703730876 ], [ -68.816069733704524, 44.707832623832616 ], [ -68.818320931358869, 44.707621988191846 ], [ -68.820584554935664, 44.70749537505953 ], [ -68.822854399999983, 44.707453132025464 ], [ -68.825124245064316, 44.70749537505953 ], [ -68.827387868641111, 44.707621988191846 ], [ -68.829639066295456, 44.707832623832616 ], [ -68.8318716676511, 44.708126703730876 ], [ -68.8340795533029, 44.708503420569542 ], [ -68.836256671589723, 44.70896174019196 ], [ -68.838397055181716, 44.709500404454054 ], [ -68.840494837436211, 44.710117934693855 ], [ -68.842544268477866, 44.710812635808779 ], [ -68.844539730958644, 44.711582600929056 ], [ -68.846475755454577, 44.712425716674439 ], [ -68.848347035457138, 44.713339668979202 ], [ -68.850148441917881, 44.714321949469316 ], [ -68.851875037306897, 44.715369862373791 ], [ -68.853522089146253, 44.716480531950978 ], [ -68.855085082981361, 44.717650910408921 ], [ -68.856559734754725, 44.718877786297774 ], [ -68.85794200254837, 44.720157793350793 ], [ -68.859228097662339, 44.721487419749145 ], [ -68.860414494999318, 44.722863017784988 ], [ -68.861497942726658, 44.724280813895632 ], [ -68.862475471189484, 44.725736919041083 ], [ -68.863344401050199, 44.727227339396038 ], [ -68.86410235063245, 44.728747987326713 ], [ -68.864747242449155, 44.730294692622159 ], [ -68.865277308896623, 44.731863213948778 ], [ -68.865691097099585, 44.733449250496633 ], [ -68.865987472893352, 44.735048453785197 ], [ -68.86616562393246, 44.736656439596118 ], [ -68.866225061917277, 44.7382688 ], [ -68.86616562393246, 44.739881115444355 ], [ -68.865987472893352, 44.741488966869284 ], [ -68.865691097099585, 44.743087947817777 ], [ -68.865277308896623, 44.744673676507475 ], [ -68.864747242449155, 44.746241807830806 ], [ -68.86410235063245, 44.747788045250793 ], [ -68.863344401050199, 44.749308152559976 ], [ -68.862475471189484, 44.750797965470575 ], [ -68.861497942726658, 44.752253403004097 ], [ -68.860414494999318, 44.753670478649731 ], [ -68.859228097662339, 44.755045311261057 ], [ -68.85794200254837, 44.756374135661524 ], [ -68.856559734754725, 44.757653312930152 ], [ -68.855085082981361, 44.758879340339419 ], [ -68.853522089146253, 44.76004886091868 ], [ -68.851875037306897, 44.761158672617185 ], [ -68.850148441917881, 44.762205737042095 ], [ -68.848347035457138, 44.763187187747853 ], [ -68.846475755454577, 44.764100338054789 ], [ -68.844539730958644, 44.764942688375719 ], [ -68.842544268477866, 44.765711933031064 ], [ -68.840494837436211, 44.76640596653413 ], [ -68.838397055181716, 44.767022889329667 ], [ -68.836256671589723, 44.767561012970347 ], [ -68.8340795533029, 44.768018864717376 ], [ -68.8318716676511, 44.768395191552827 ], [ -68.829639066295456, 44.768688963592979 ], [ -68.827387868641111, 44.768899376893728 ], [ -68.825124245064316, 44.769025855640088 ], [ -68.822854399999983, 44.769068053714648 ], [ -68.820584554935664, 44.769025855640088 ], [ -68.818320931358883, 44.768899376893728 ], [ -68.816069733704524, 44.768688963592979 ], [ -68.81383713234888, 44.768395191552827 ], [ -68.811629246697095, 44.768018864717376 ], [ -68.809452128410257, 44.767561012970347 ], [ -68.807311744818264, 44.767022889329667 ], [ -68.805213962563784, 44.76640596653413 ], [ -68.803164531522128, 44.765711933031064 ], [ -68.801169069041336, 44.764942688375719 ], [ -68.799233044545389, 44.764100338054789 ], [ -68.797361764542842, 44.763187187747853 ], [ -68.795560358082113, 44.762205737042095 ], [ -68.793833762693097, 44.761158672617185 ], [ -68.792186710853727, 44.76004886091868 ], [ -68.790623717018633, 44.758879340339419 ], [ -68.789149065245255, 44.757653312930152 ], [ -68.78776679745161, 44.756374135661524 ], [ -68.786480702337656, 44.755045311261057 ], [ -68.785294305000662, 44.753670478649731 ], [ -68.784210857273308, 44.752253403004097 ], [ -68.783233328810496, 44.750797965470575 ], [ -68.782364398949781, 44.749308152559976 ], [ -68.781606449367516, 44.747788045250793 ], [ -68.780961557550825, 44.746241807830806 ], [ -68.780431491103357, 44.744673676507475 ], [ -68.780017702900395, 44.743087947817777 ], [ -68.779721327106628, 44.741488966869291 ], [ -68.77954317606752, 44.739881115444355 ], [ -68.779483738082703, 44.7382688 ] ] ] } },
{ "type": "Feature", "properties": { "facility_name": "Montgomery County Resource Recovery Facility", "city": "Dickerson ", "state": "MD" }, "geometry": { "type": "Polygon", "coordinates": [ [ [ -77.412069338082716, 39.201284 ], [ -77.412128776067547, 39.19952500620559 ], [ -77.412306927106641, 39.197770789828894 ], [ -77.412603302900393, 39.196026159596386 ], [ -77.41301709110337, 39.194295898313435 ], [ -77.413547157550838, 39.19258474974523 ], [ -77.414192049367514, 39.190897405600836 ], [ -77.41494999894978, 39.189238492656337 ], [ -77.415818928810495, 39.187612560052528 ], [ -77.416796457273321, 39.186024066802176 ], [ -77.417879905000675, 39.184477369541462 ], [ -77.419066302337654, 39.182976710559188 ], [ -77.420352397451609, 39.181526206137335 ], [ -77.421734665245268, 39.180129835234744 ], [ -77.423209317018632, 39.1787914285458 ], [ -77.42477231085374, 39.17751465796416 ], [ -77.426419362693096, 39.176303026480944 ], [ -77.428145958082126, 39.175159858545449 ], [ -77.429947364542855, 39.174088290915293 ], [ -77.431818644545402, 39.17309126402138 ], [ -77.433754669041363, 39.17217151387176 ], [ -77.435750131522141, 39.171331564517146 ], [ -77.437799562563782, 39.17057372109889 ], [ -77.439897344818291, 39.169900063499028 ], [ -77.44203772841027, 39.169312440610014 ], [ -77.444214846697122, 39.168812465240308 ], [ -77.446422732348893, 39.168401509669927 ], [ -77.448655333704522, 39.168080701868526 ], [ -77.450906531358882, 39.167850922386478 ], [ -77.453170154935663, 39.167712801927884 ], [ -77.45544, 39.167666719611901 ], [ -77.457709845064343, 39.167712801927884 ], [ -77.459973468641124, 39.167850922386478 ], [ -77.462224666295469, 39.168080701868526 ], [ -77.464457267651113, 39.168401509669927 ], [ -77.466665153302898, 39.168812465240308 ], [ -77.46884227158975, 39.169312440610014 ], [ -77.470982655181714, 39.169900063499028 ], [ -77.473080437436224, 39.17057372109889 ], [ -77.475129868477865, 39.171331564517146 ], [ -77.477125330958643, 39.17217151387176 ], [ -77.479061355454604, 39.17309126402138 ], [ -77.480932635457137, 39.174088290915293 ], [ -77.48273404191788, 39.175159858545449 ], [ -77.48446063730691, 39.176303026480944 ], [ -77.486107689146266, 39.17751465796416 ], [ -77.487670682981374, 39.1787914285458 ], [ -77.489145334754738, 39.180129835234744 ], [ -77.490527602548383, 39.181526206137335 ], [ -77.491813697662352, 39.182976710559188 ], [ -77.493000094999317, 39.184477369541462 ], [ -77.494083542726685, 39.186024066802176 ], [ -77.495061071189511, 39.187612560052528 ], [ -77.495930001050226, 39.189238492656337 ], [ -77.496687950632477, 39.190897405600836 ], [ -77.497332842449168, 39.19258474974523 ], [ -77.497862908896636, 39.194295898313435 ], [ -77.498276697099598, 39.196026159596386 ], [ -77.498573072893365, 39.197770789828894 ], [ -77.498751223932459, 39.19952500620559 ], [ -77.49881066191729, 39.201284 ], [ -77.498751223932459, 39.203042949750916 ], [ -77.498573072893365, 39.204797034479718 ], [ -77.498276697099598, 39.206541446902321 ], [ -77.497862908896636, 39.208271406599678 ], [ -77.497332842449168, 39.209982173110852 ], [ -77.496687950632477, 39.211669058912676 ], [ -77.495930001050226, 39.213327442250772 ], [ -77.495061071189511, 39.214952779786827 ], [ -77.494083542726685, 39.216540619027747 ], [ -77.493000094999317, 39.218086610502837 ], [ -77.491813697662352, 39.219586519656005 ], [ -77.490527602548383, 39.221036238420581 ], [ -77.489145334754738, 39.222431796445548 ], [ -77.487670682981374, 39.223769371942552 ], [ -77.486107689146266, 39.225045302124691 ], [ -77.48446063730691, 39.226256093208413 ], [ -77.48273404191788, 39.227398429952004 ], [ -77.480932635457137, 39.228469184704586 ], [ -77.479061355454604, 39.229465425941285 ], [ -77.477125330958643, 39.230384426261899 ], [ -77.475129868477865, 39.231223669830968 ], [ -77.473080437436224, 39.231980859239904 ], [ -77.470982655181714, 39.232653921772105 ], [ -77.46884227158975, 39.233241015054823 ], [ -77.466665153302898, 39.233740532082059 ], [ -77.464457267651113, 39.234151105595494 ], [ -77.462224666295469, 39.234471611811379 ], [ -77.459973468641124, 39.234701173483543 ], [ -77.457709845064343, 39.234839162294307 ], [ -77.45544, 39.234885200566801 ], [ -77.453170154935663, 39.234839162294307 ], [ -77.450906531358882, 39.234701173483543 ], [ -77.448655333704522, 39.234471611811379 ], [ -77.446422732348893, 39.234151105595494 ], [ -77.444214846697122, 39.233740532082059 ], [ -77.44203772841027, 39.233241015054823 ], [ -77.439897344818291, 39.232653921772105 ], [ -77.437799562563782, 39.231980859239904 ], [ -77.435750131522141, 39.231223669830968 ], [ -77.433754669041363, 39.230384426261899 ], [ -77.431818644545402, 39.229465425941285 ], [ -77.429947364542855, 39.228469184704586 ], [ -77.428145958082126, 39.227398429952004 ], [ -77.426419362693096, 39.226256093208413 ], [ -77.42477231085374, 39.225045302124691 ], [ -77.423209317018632, 39.223769371942552 ], [ -77.421734665245268, 39.222431796445548 ], [ -77.420352397451609, 39.221036238420581 ], [ -77.419066302337654, 39.219586519656005 ], [ -77.417879905000675, 39.218086610502837 ], [ -77.416796457273321, 39.216540619027747 ], [ -77.415818928810495, 39.214952779786827 ], [ -77.41494999894978, 39.213327442250772 ], [ -77.414192049367514, 39.211669058912676 ], [ -77.413547157550838, 39.209982173110852 ], [ -77.41301709110337, 39.208271406599678 ], [ -77.412603302900393, 39.206541446902321 ], [ -77.412306927106641, 39.204797034479725 ], [ -77.412128776067547, 39.203042949750916 ], [ -77.412069338082716, 39.201284 ] ] ] } },
{ "type": "Feature", "properties": { "facility_name": "Wheelabrator Baltimore", "city": "", "state": "MD" }, "geometry": { "type": "Polygon", "coordinates": [ [ [ -76.585987138082686, 39.270207 ], [ -76.586046576067531, 39.268449733252865 ], [ -76.586224727106611, 39.266697239168181 ], [ -76.586521102900392, 39.264954321752008 ], [ -76.58693489110334, 39.263225759115436 ], [ -76.587464957550822, 39.261516290368398 ], [ -76.588109849367513, 39.259830602616439 ], [ -76.588867798949764, 39.258173318096489 ], [ -76.589736728810479, 39.256548981487043 ], [ -76.590714257273305, 39.254962047427526 ], [ -76.591797705000673, 39.253416868281803 ], [ -76.592984102337638, 39.251917682179084 ], [ -76.594270197451607, 39.25046860136576 ], [ -76.595652465245237, 39.249073600900275 ], [ -76.597127117018616, 39.247736507722372 ], [ -76.59869011085371, 39.246460990127147 ], [ -76.60033716269308, 39.245250547673059 ], [ -76.602063758082096, 39.244108501552077 ], [ -76.603865164542839, 39.24303798544868 ], [ -76.605736444545386, 39.242041936913239 ], [ -76.607672469041333, 39.241123089273799 ], [ -76.609667931522125, 39.24028396410889 ], [ -76.611717362563752, 39.239526864302206 ], [ -76.613815144818261, 39.238853867698957 ], [ -76.61595552841024, 39.238266821381039 ], [ -76.618132646697092, 39.237767336577654 ], [ -76.620340532348862, 39.237356784225128 ], [ -76.622573133704506, 39.237036291188709 ], [ -76.624824331358866, 39.236806737156634 ], [ -76.627087954935647, 39.236668752215486 ], [ -76.6293578, 39.236622715113285 ], [ -76.631627645064327, 39.236668752215486 ], [ -76.633891268641108, 39.236806737156634 ], [ -76.636142466295468, 39.237036291188709 ], [ -76.638375067651097, 39.237356784225128 ], [ -76.640582953302868, 39.237767336577654 ], [ -76.64276007158972, 39.238266821381039 ], [ -76.644900455181698, 39.238853867698957 ], [ -76.646998237436208, 39.239526864302206 ], [ -76.649047668477834, 39.24028396410889 ], [ -76.651043130958627, 39.241123089273799 ], [ -76.652979155454574, 39.242041936913239 ], [ -76.654850435457135, 39.24303798544868 ], [ -76.656651841917864, 39.244108501552077 ], [ -76.65837843730688, 39.245250547673059 ], [ -76.66002548914625, 39.246460990127147 ], [ -76.661588482981344, 39.247736507722372 ], [ -76.663063134754722, 39.249073600900275 ], [ -76.664445402548367, 39.25046860136576 ], [ -76.665731497662321, 39.251917682179084 ], [ -76.666917894999301, 39.253416868281803 ], [ -76.668001342726654, 39.254962047427526 ], [ -76.668978871189481, 39.256548981487043 ], [ -76.669847801050196, 39.258173318096489 ], [ -76.670605750632461, 39.259830602616439 ], [ -76.671250642449138, 39.261516290368398 ], [ -76.67178070889662, 39.263225759115436 ], [ -76.672194497099582, 39.264954321752008 ], [ -76.672490872893349, 39.266697239168181 ], [ -76.672669023932428, 39.268449733252865 ], [ -76.672728461917274, 39.270207 ], [ -76.672669023932428, 39.271964222682023 ], [ -76.672490872893349, 39.273716585054188 ], [ -76.672194497099582, 39.275459284553534 ], [ -76.67178070889662, 39.277187545456478 ], [ -76.671250642449138, 39.278896631958958 ], [ -76.670605750632461, 39.280581861143382 ], [ -76.669847801050196, 39.28223861579697 ], [ -76.668978871189481, 39.28386235704658 ], [ -76.668001342726654, 39.285448636775641 ], [ -76.666917894999301, 39.2869931097893 ], [ -76.665731497662321, 39.288491545694868 ], [ -76.664445402548367, 39.289939840465273 ], [ -76.663063134754722, 39.291334027654138 ], [ -76.661588482981344, 39.29267028923212 ], [ -76.66002548914625, 39.293944966015324 ], [ -76.65837843730688, 39.29515456765742 ], [ -76.656651841917864, 39.296295782178504 ], [ -76.654850435457135, 39.297365485005329 ], [ -76.652979155454574, 39.298360747497924 ], [ -76.651043130958627, 39.299278844940289 ], [ -76.649047668477834, 39.300117263973242 ], [ -76.646998237436208, 39.300873709449576 ], [ -76.644900455181698, 39.301546110693081 ], [ -76.64276007158972, 39.302132627144751 ], [ -76.640582953302868, 39.302631653380686 ], [ -76.638375067651097, 39.303041823488741 ], [ -76.636142466295468, 39.303362014791603 ], [ -76.633891268641108, 39.303591350906892 ], [ -76.631627645064327, 39.303729204135571 ], [ -76.6293578, 39.303775197172691 ], [ -76.627087954935647, 39.303729204135571 ], [ -76.624824331358866, 39.303591350906892 ], [ -76.622573133704506, 39.303362014791603 ], [ -76.620340532348862, 39.303041823488741 ], [ -76.618132646697092, 39.302631653380686 ], [ -76.61595552841024, 39.302132627144751 ], [ -76.613815144818261, 39.301546110693081 ], [ -76.611717362563752, 39.300873709449576 ], [ -76.609667931522125, 39.300117263973242 ], [ -76.607672469041333, 39.299278844940289 ], [ -76.605736444545386, 39.298360747497924 ], [ -76.603865164542839, 39.297365485005329 ], [ -76.602063758082096, 39.296295782178504 ], [ -76.60033716269308, 39.29515456765742 ], [ -76.59869011085371, 39.293944966015324 ], [ -76.597127117018616, 39.29267028923212 ], [ -76.595652465245237, 39.291334027654138 ], [ -76.594270197451607, 39.289939840465273 ], [ -76.592984102337638, 39.288491545694868 ], [ -76.591797705000673, 39.2869931097893 ], [ -76.590714257273305, 39.285448636775641 ], [ -76.589736728810479, 39.28386235704658 ], [ -76.588867798949764, 39.28223861579697 ], [ -76.588109849367513, 39.280581861143382 ], [ -76.587464957550822, 39.278896631958958 ], [ -76.58693489110334, 39.277187545456478 ], [ -76.586521102900392, 39.275459284553534 ], [ -76.586224727106611, 39.273716585054196 ], [ -76.586046576067531, 39.271964222682023 ], [ -76.585987138082686, 39.270207 ] ] ] } },
{ "type": "Feature", "properties": { "facility_name": "Haverhill Resource Recovery Facility", "city": "Haverhill", "state": "MA" }, "geometry": { "type": "Polygon", "coordinates": [ [ [ -71.0811715380827, 42.7658042 ], [ -71.081230976067516, 42.764137804326886 ], [ -71.081409127106625, 42.762475931488069 ], [ -71.081705502900391, 42.760823137112062 ], [ -71.082119291103353, 42.759183952304078 ], [ -71.082649357550835, 42.757562871216692 ], [ -71.083294249367526, 42.755964338717845 ], [ -71.084052198949792, 42.754392738190234 ], [ -71.084921128810493, 42.752852379495785 ], [ -71.085898657273319, 42.751347487138382 ], [ -71.086982105000658, 42.749882188657502 ], [ -71.088168502337652, 42.748460503284988 ], [ -71.089454597451606, 42.747086330896259 ], [ -71.090836865245251, 42.745763441286726 ], [ -71.092311517018629, 42.744495463803005 ], [ -71.093874510853723, 42.743285877357948 ], [ -71.095521562693094, 42.742138000857075 ], [ -71.09724815808211, 42.741054984063233 ], [ -71.099049564542838, 42.740039798924784 ], [ -71.100920844545399, 42.739095231391708 ], [ -71.102856869041332, 42.738223873742143 ], [ -71.104852331522125, 42.737428117441368 ], [ -71.10690176256378, 42.736710146552362 ], [ -71.108999544818275, 42.736071931717362 ], [ -71.111139928410253, 42.735515224726335 ], [ -71.113317046697091, 42.735041553688305 ], [ -71.115524932348876, 42.734652218818603 ], [ -71.11775753370452, 42.734348288854115 ], [ -71.12000873135888, 42.734130598106397 ], [ -71.12227235493566, 42.733999744161153 ], [ -71.1245422, 42.733956086230251 ], [ -71.126812045064312, 42.733999744161153 ], [ -71.129075668641093, 42.734130598106397 ], [ -71.131326866295453, 42.734348288854115 ], [ -71.133559467651111, 42.734652218818603 ], [ -71.135767353302896, 42.735041553688305 ], [ -71.137944471589719, 42.735515224726335 ], [ -71.140084855181726, 42.736071931717362 ], [ -71.142182637436207, 42.736710146552362 ], [ -71.144232068477862, 42.737428117441368 ], [ -71.14622753095864, 42.738223873742143 ], [ -71.148163555454587, 42.739095231391708 ], [ -71.150034835457134, 42.740039798924784 ], [ -71.151836241917877, 42.741054984063233 ], [ -71.153562837306893, 42.742138000857075 ], [ -71.155209889146249, 42.743285877357948 ], [ -71.156772882981357, 42.744495463803005 ], [ -71.158247534754722, 42.745763441286726 ], [ -71.159629802548366, 42.747086330896259 ], [ -71.160915897662335, 42.748460503284988 ], [ -71.162102294999315, 42.749882188657502 ], [ -71.163185742726668, 42.751347487138382 ], [ -71.16416327118948, 42.752852379495785 ], [ -71.165032201050195, 42.754392738190234 ], [ -71.165790150632461, 42.755964338717845 ], [ -71.166435042449166, 42.757562871216692 ], [ -71.166965108896633, 42.759183952304078 ], [ -71.167378897099582, 42.760823137112062 ], [ -71.167675272893348, 42.762475931488069 ], [ -71.167853423932456, 42.764137804326886 ], [ -71.167912861917273, 42.7658042 ], [ -71.167853423932456, 42.767470550848373 ], [ -71.167675272893348, 42.769132289704075 ], [ -71.167378897099582, 42.770784862406586 ], [ -71.166965108896633, 42.772423740279358 ], [ -71.166435042449166, 42.774044432532634 ], [ -71.165790150632461, 42.775642498558689 ], [ -71.165032201050195, 42.777213560085556 ], [ -71.16416327118948, 42.778753313156713 ], [ -71.163185742726668, 42.780257539903651 ], [ -71.162102294999315, 42.781722120079422 ], [ -71.160915897662335, 42.783143042322109 ], [ -71.159629802548366, 42.784516415117274 ], [ -71.158247534754722, 42.785838477430062 ], [ -71.156772882981357, 42.787105608977875 ], [ -71.155209889146249, 42.788314340116102 ], [ -71.153562837306893, 42.789461361310167 ], [ -71.151836241917877, 42.79054353216813 ], [ -71.150034835457134, 42.791557890009877 ], [ -71.148163555454587, 42.792501657949479 ], [ -71.14622753095864, 42.793372252469268 ], [ -71.144232068477862, 42.794167290465033 ], [ -71.142182637436207, 42.794884595743639 ], [ -71.140084855181726, 42.795522204955461 ], [ -71.137944471589719, 42.796078372945821 ], [ -71.135767353302896, 42.796551577511138 ], [ -71.133559467651111, 42.796940523546816 ], [ -71.131326866295453, 42.797244146576148 ], [ -71.129075668641107, 42.797461615650398 ], [ -71.126812045064312, 42.79759233561257 ], [ -71.1245422, 42.797635948718749 ], [ -71.12227235493566, 42.79759233561257 ], [ -71.12000873135888, 42.797461615650398 ], [ -71.11775753370452, 42.797244146576148 ], [ -71.115524932348876, 42.796940523546816 ], [ -71.113317046697091, 42.796551577511138 ], [ -71.111139928410253, 42.796078372945821 ], [ -71.108999544818275, 42.795522204955461 ], [ -71.10690176256378, 42.794884595743639 ], [ -71.104852331522125, 42.794167290465033 ], [ -71.102856869041332, 42.793372252469268 ], [ -71.100920844545399, 42.792501657949479 ], [ -71.099049564542838, 42.791557890009877 ], [ -71.09724815808211, 42.79054353216813 ], [ -71.095521562693094, 42.789461361310167 ], [ -71.093874510853723, 42.788314340116102 ], [ -71.092311517018629, 42.787105608977875 ], [ -71.090836865245251, 42.785838477430062 ], [ -71.089454597451606, 42.784516415117274 ], [ -71.088168502337652, 42.783143042322109 ], [ -71.086982105000658, 42.781722120079422 ], [ -71.085898657273319, 42.780257539903651 ], [ -71.084921128810493, 42.778753313156713 ], [ -71.084052198949792, 42.777213560085556 ], [ -71.083294249367526, 42.775642498558689 ], [ -71.082649357550835, 42.774044432532634 ], [ -71.082119291103353, 42.772423740279358 ], [ -71.081705502900391, 42.770784862406586 ], [ -71.081409127106625, 42.769132289704082 ], [ -71.081230976067516, 42.767470550848373 ], [ -71.0811715380827, 42.7658042 ] ] ] } },
{ "type": "Feature", "properties": { "facility_name": "SEMASS Resource Recovery Facility", "city": "West Wareham", "state": "MA" }, "geometry": { "type": "Polygon", "coordinates": [ [ [ -70.744816038082703, 41.8036658 ], [ -70.744875476067534, 41.801973759441523 ], [ -70.745053627106628, 41.800286312150604 ], [ -70.745350002900395, 41.79860808385186 ], [ -70.745763791103357, 41.796943675360325 ], [ -70.746293857550839, 41.795297649961014 ], [ -70.74693874936753, 41.793674520887421 ], [ -70.747696698949795, 41.792078738933725 ], [ -70.748565628810496, 41.790514680234459 ], [ -70.749543157273322, 41.788986634245653 ], [ -70.750626605000662, 41.787498791960594 ], [ -70.751813002337656, 41.786055234392734 ], [ -70.75309909745161, 41.784659921357665 ], [ -70.754481365245255, 41.783316680585315 ], [ -70.755956017018633, 41.782029197192585 ], [ -70.757519010853727, 41.780801003545534 ], [ -70.759166062693097, 41.779635469539457 ], [ -70.760892658082113, 41.77853579332394 ], [ -70.762694064542842, 41.7775049924985 ], [ -70.764565344545403, 41.776545895803693 ], [ -70.76650136904135, 41.77566113533058 ], [ -70.768496831522128, 41.774853139270483 ], [ -70.770546262563784, 41.774124125225285 ], [ -70.772644044818279, 41.773476094096885 ], [ -70.774784428410257, 41.772910824573039 ], [ -70.776961546697095, 41.77242986822494 ], [ -70.779169432348894, 41.772034545230269 ], [ -70.781402033704524, 41.771725940733795 ], [ -70.783653231358869, 41.771504901855565 ], [ -70.785916854935664, 41.771372035355355 ], [ -70.7881867, 41.771327705959507 ], [ -70.790456545064316, 41.771372035355355 ], [ -70.792720168641097, 41.771504901855565 ], [ -70.794971366295457, 41.771725940733795 ], [ -70.797203967651114, 41.772034545230269 ], [ -70.7994118533029, 41.77242986822494 ], [ -70.801588971589723, 41.772910824573039 ], [ -70.80372935518173, 41.773476094096885 ], [ -70.805827137436211, 41.774124125225285 ], [ -70.807876568477866, 41.774853139270483 ], [ -70.809872030958644, 41.77566113533058 ], [ -70.811808055454591, 41.776545895803693 ], [ -70.813679335457138, 41.7775049924985 ], [ -70.815480741917881, 41.77853579332394 ], [ -70.817207337306897, 41.779635469539457 ], [ -70.818854389146253, 41.780801003545534 ], [ -70.820417382981361, 41.782029197192585 ], [ -70.821892034754725, 41.783316680585315 ], [ -70.82327430254837, 41.784659921357665 ], [ -70.824560397662339, 41.786055234392734 ], [ -70.825746794999318, 41.787498791960594 ], [ -70.826830242726672, 41.788986634245653 ], [ -70.827807771189484, 41.790514680234459 ], [ -70.828676701050213, 41.792078738933725 ], [ -70.829434650632464, 41.793674520887421 ], [ -70.83007954244917, 41.795297649961014 ], [ -70.830609608896637, 41.796943675360325 ], [ -70.831023397099585, 41.79860808385186 ], [ -70.831319772893352, 41.800286312150604 ], [ -70.83149792393246, 41.801973759441523 ], [ -70.831557361917291, 41.8036658 ], [ -70.83149792393246, 41.805357795876624 ], [ -70.831319772893352, 41.807045109611572 ], [ -70.831023397099585, 41.808723116943497 ], [ -70.830609608896637, 41.810387219478308 ], [ -70.83007954244917, 41.812032857283135 ], [ -70.829434650632464, 41.813655521371025 ], [ -70.828676701050213, 41.81525076604229 ], [ -70.827807771189484, 41.816814221049 ], [ -70.826830242726672, 41.818341603549285 ], [ -70.825746794999318, 41.819828729819179 ], [ -70.824560397662339, 41.821271526690055 ], [ -70.82327430254837, 41.822666042680673 ], [ -70.821892034754725, 41.824008458793678 ], [ -70.820417382981361, 41.825295098947329 ], [ -70.818854389146253, 41.826522440014273 ], [ -70.817207337306897, 41.827687121440242 ], [ -70.815480741917881, 41.828785954416709 ], [ -70.813679335457138, 41.829815930582853 ], [ -70.811808055454591, 41.83077423023326 ], [ -70.809872030958644, 41.831658230009474 ], [ -70.807876568477866, 41.83246551005449 ], [ -70.805827137436211, 41.833193860611267 ], [ -70.80372935518173, 41.833841288047189 ], [ -70.801588971589723, 41.834406020288704 ], [ -70.7994118533029, 41.834886511651192 ], [ -70.797203967651114, 41.83528144705145 ], [ -70.794971366295457, 41.835589745591271 ], [ -70.792720168641111, 41.835810563502726 ], [ -70.790456545064316, 41.835943296447006 ], [ -70.7881867, 41.835987581161021 ], [ -70.785916854935664, 41.835943296447006 ], [ -70.783653231358883, 41.835810563502726 ], [ -70.781402033704524, 41.835589745591271 ], [ -70.779169432348894, 41.83528144705145 ], [ -70.776961546697095, 41.834886511651192 ], [ -70.774784428410257, 41.834406020288704 ], [ -70.772644044818279, 41.833841288047189 ], [ -70.770546262563784, 41.833193860611267 ], [ -70.768496831522128, 41.83246551005449 ], [ -70.76650136904135, 41.831658230009474 ], [ -70.764565344545403, 41.83077423023326 ], [ -70.762694064542842, 41.829815930582853 ], [ -70.760892658082113, 41.828785954416709 ], [ -70.759166062693097, 41.827687121440242 ], [ -70.757519010853727, 41.826522440014273 ], [ -70.755956017018633, 41.825295098947329 ], [ -70.754481365245255, 41.824008458793678 ], [ -70.75309909745161, 41.822666042680673 ], [ -70.751813002337656, 41.821271526690055 ], [ -70.750626605000662, 41.819828729819179 ], [ -70.749543157273322, 41.818341603549285 ], [ -70.748565628810496, 41.816814221049 ], [ -70.747696698949795, 41.81525076604229 ], [ -70.74693874936753, 41.813655521371025 ], [ -70.746293857550839, 41.812032857283135 ], [ -70.745763791103357, 41.810387219478308 ], [ -70.745350002900395, 41.808723116943497 ], [ -70.745053627106628, 41.807045109611579 ], [ -70.744875476067534, 41.805357795876624 ], [ -70.744816038082703, 41.8036658 ] ] ] } },
{ "type": "Feature", "properties": { "facility_name": "Wheelabrator Millbury ", "city": "Milbury", "state": "MA" }, "geometry": { "type": "Polygon", "coordinates": [ [ [ -71.722086438082712, 42.2214431 ], [ -71.722145876067543, 42.219762136709946 ], [ -71.722324027106637, 42.218085736257407 ], [ -71.722620402900404, 42.21641849408919 ], [ -71.723034191103366, 42.214764980909464 ], [ -71.723564257550834, 42.213129730141823 ], [ -71.724209149367525, 42.211517225489665 ], [ -71.72496709894979, 42.209931888629249 ], [ -71.725836028810505, 42.208378067069191 ], [ -71.726813557273331, 42.206860022210002 ], [ -71.727897005000685, 42.205381917636721 ], [ -71.729083402337665, 42.20394780767689 ], [ -71.730369497451633, 42.202561626255651 ], [ -71.731751765245264, 42.201227176078824 ], [ -71.733226417018642, 42.199948118174085 ], [ -71.73478941085375, 42.198727961819124 ], [ -71.736436462693106, 42.19757005488497 ], [ -71.738163058082122, 42.196477574621284 ], [ -71.739964464542865, 42.195453518909332 ], [ -71.741835744545398, 42.194500698006983 ], [ -71.743771769041359, 42.193621726808821 ], [ -71.745767231522137, 42.192819017642996 ], [ -71.747816662563793, 42.192094773624895 ], [ -71.749914444818273, 42.191450982586325 ], [ -71.752054828410266, 42.190889411597063 ], [ -71.754231946697104, 42.190411602094287 ], [ -71.756439832348889, 42.190018865633341 ], [ -71.758672433704533, 42.189712280271934 ], [ -71.760923631358878, 42.189492687597763 ], [ -71.763187254935673, 42.189360690408037 ], [ -71.7654571, 42.189316651047257 ], [ -71.767726945064339, 42.189360690408037 ], [ -71.76999056864112, 42.189492687597763 ], [ -71.77224176629548, 42.189712280271934 ], [ -71.774474367651109, 42.190018865633341 ], [ -71.776682253302894, 42.190411602094287 ], [ -71.778859371589746, 42.190889411597063 ], [ -71.780999755181725, 42.191450982586325 ], [ -71.78309753743622, 42.192094773624895 ], [ -71.785146968477875, 42.192819017642996 ], [ -71.787142430958653, 42.193621726808821 ], [ -71.7890784554546, 42.194500698006983 ], [ -71.790949735457147, 42.195453518909332 ], [ -71.79275114191789, 42.196477574621284 ], [ -71.794477737306906, 42.19757005488497 ], [ -71.796124789146262, 42.198727961819124 ], [ -71.79768778298137, 42.199948118174085 ], [ -71.799162434754749, 42.201227176078824 ], [ -71.800544702548379, 42.202561626255651 ], [ -71.801830797662348, 42.20394780767689 ], [ -71.803017194999327, 42.205381917636721 ], [ -71.804100642726667, 42.206860022210002 ], [ -71.805078171189507, 42.208378067069191 ], [ -71.805947101050208, 42.209931888629249 ], [ -71.806705050632473, 42.211517225489665 ], [ -71.807349942449164, 42.213129730141823 ], [ -71.807880008896632, 42.214764980909464 ], [ -71.808293797099608, 42.21641849408919 ], [ -71.808590172893375, 42.218085736257407 ], [ -71.808768323932469, 42.219762136709946 ], [ -71.8088277619173, 42.2214431 ], [ -71.808768323932469, 42.223124018539977 ], [ -71.808590172893375, 42.22480028523254 ], [ -71.808293797099608, 42.226467306096403 ], [ -71.807880008896632, 42.228120512852072 ], [ -71.807349942449164, 42.229755375433179 ], [ -71.806705050632473, 42.231367414389375 ], [ -71.805947101050208, 42.232952213146675 ], [ -71.805078171189507, 42.234505430092035 ], [ -71.804100642726667, 42.236022810449242 ], [ -71.803017194999327, 42.237500197913647 ], [ -71.801830797662348, 42.238933546014543 ], [ -71.800544702548379, 42.240318929173853 ], [ -71.799162434754749, 42.241652553431678 ], [ -71.79768778298137, 42.242930766809295 ], [ -71.796124789146262, 42.244150069281844 ], [ -71.794477737306906, 42.245307122333585 ], [ -71.79275114191789, 42.246398758070193 ], [ -71.790949735457147, 42.247421987863198 ], [ -71.7890784554546, 42.248374010503667 ], [ -71.787142430958653, 42.249252219842965 ], [ -71.785146968477875, 42.250054211900014 ], [ -71.78309753743622, 42.250777791416212 ], [ -71.780999755181725, 42.251420977840176 ], [ -71.778859371589746, 42.251982010726408 ], [ -71.776682253302894, 42.252459354533322 ], [ -71.774474367651109, 42.252851702807796 ], [ -71.77224176629548, 42.253157981745211 ], [ -71.76999056864112, 42.253377353115077 ], [ -71.767726945064339, 42.253509216544863 ], [ -71.7654571, 42.25355321115557 ], [ -71.763187254935673, 42.253509216544863 ], [ -71.760923631358892, 42.253377353115077 ], [ -71.758672433704533, 42.253157981745211 ], [ -71.756439832348889, 42.252851702807796 ], [ -71.754231946697104, 42.252459354533322 ], [ -71.752054828410266, 42.251982010726408 ], [ -71.749914444818273, 42.251420977840176 ], [ -71.747816662563793, 42.250777791416212 ], [ -71.745767231522137, 42.250054211900014 ], [ -71.743771769041359, 42.249252219842965 ], [ -71.741835744545398, 42.248374010503667 ], [ -71.739964464542865, 42.247421987863198 ], [ -71.738163058082122, 42.246398758070193 ], [ -71.736436462693106, 42.245307122333585 ], [ -71.73478941085375, 42.244150069281844 ], [ -71.733226417018642, 42.242930766809295 ], [ -71.731751765245264, 42.241652553431678 ], [ -71.730369497451633, 42.240318929173853 ], [ -71.729083402337665, 42.238933546014543 ], [ -71.727897005000685, 42.237500197913647 ], [ -71.726813557273331, 42.236022810449242 ], [ -71.725836028810505, 42.234505430092035 ], [ -71.72496709894979, 42.232952213146675 ], [ -71.724209149367525, 42.231367414389375 ], [ -71.723564257550834, 42.229755375433179 ], [ -71.723034191103366, 42.228120512852072 ], [ -71.722620402900404, 42.226467306096403 ], [ -71.722324027106637, 42.22480028523254 ], [ -71.722145876067543, 42.223124018539977 ], [ -71.722086438082712, 42.2214431 ] ] ] } },
{ "type": "Feature", "properties": { "facility_name": "Community Eco Power", "city": "Pittsfield", "state": "MA" }, "geometry": { "type": "Polygon", "coordinates": [ [ [ -73.1508365380827, 42.4681956 ], [ -73.150895976067517, 42.466521221316405 ], [ -73.151074127106625, 42.464851387386666 ], [ -73.151370502900392, 42.463190675659618 ], [ -73.15178429110334, 42.461543638940647 ], [ -73.152314357550821, 42.459914792902808 ], [ -73.152959249367527, 42.458308603695841 ], [ -73.153717198949778, 42.456729475687332 ], [ -73.154586128810493, 42.455181739369607 ], [ -73.155563657273319, 42.453669639465943 ], [ -73.156647105000658, 42.452197323268855 ], [ -73.157833502337638, 42.450768829242691 ], [ -73.159119597451607, 42.449388075922215 ], [ -73.160501865245251, 42.448058851137858 ], [ -73.161976517018616, 42.446784801597566 ], [ -73.163539510853724, 42.445569422854234 ], [ -73.16518656269308, 42.444416049686623 ], [ -73.166913158082096, 42.443327846920489 ], [ -73.168714564542839, 42.442307800715561 ], [ -73.1705858445454, 42.441358710342676 ], [ -73.172521869041333, 42.44048318047394 ], [ -73.174517331522111, 42.439683614007592 ], [ -73.176566762563766, 42.438962205447474 ], [ -73.178664544818261, 42.43832093485581 ], [ -73.180804928410254, 42.437761562396027 ], [ -73.182982046697077, 42.437285623481074 ], [ -73.185189932348877, 42.436894424540675 ], [ -73.18742253370452, 42.436589039419623 ], [ -73.189673731358866, 42.436370306416833 ], [ -73.191937354935661, 42.436238825973994 ], [ -73.1942072, 42.43619495901963 ], [ -73.196477045064313, 42.436238825973994 ], [ -73.198740668641094, 42.436370306416833 ], [ -73.200991866295453, 42.436589039419623 ], [ -73.203224467651097, 42.436894424540675 ], [ -73.205432353302882, 42.437285623481074 ], [ -73.20760947158972, 42.437761562396027 ], [ -73.209749855181713, 42.43832093485581 ], [ -73.211847637436193, 42.438962205447474 ], [ -73.213897068477849, 42.439683614007592 ], [ -73.215892530958641, 42.44048318047394 ], [ -73.217828555454588, 42.441358710342676 ], [ -73.219699835457135, 42.442307800715561 ], [ -73.221501241917863, 42.443327846920489 ], [ -73.223227837306879, 42.444416049686623 ], [ -73.22487488914625, 42.445569422854234 ], [ -73.226437882981344, 42.446784801597566 ], [ -73.227912534754722, 42.448058851137858 ], [ -73.229294802548367, 42.449388075922215 ], [ -73.230580897662321, 42.450768829242691 ], [ -73.231767294999315, 42.452197323268855 ], [ -73.232850742726669, 42.453669639465943 ], [ -73.233828271189481, 42.455181739369607 ], [ -73.234697201050196, 42.456729475687332 ], [ -73.235455150632461, 42.458308603695841 ], [ -73.236100042449138, 42.459914792902808 ], [ -73.236630108896634, 42.461543638940647 ], [ -73.237043897099582, 42.463190675659618 ], [ -73.237340272893348, 42.464851387386666 ], [ -73.237518423932457, 42.466521221316405 ], [ -73.237577861917273, 42.4681956 ], [ -73.237518423932457, 42.46986993389767 ], [ -73.237340272893348, 42.471539633960305 ], [ -73.237043897099582, 42.473200124205775 ], [ -73.236630108896634, 42.474846854255254 ], [ -73.236100042449138, 42.476475311795653 ], [ -73.235455150632461, 42.478081034933659 ], [ -73.234697201050196, 42.479659624408072 ], [ -73.233828271189481, 42.481206755626843 ], [ -73.232850742726669, 42.4827181904963 ], [ -73.231767294999315, 42.484189789010173 ], [ -73.230580897662321, 42.485617520567203 ], [ -73.229294802548367, 42.486997474986389 ], [ -73.227912534754722, 42.488325873190256 ], [ -73.226437882981344, 42.489599077527032 ], [ -73.22487488914625, 42.490813601704041 ], [ -73.223227837306879, 42.491966120305342 ], [ -73.221501241917863, 42.493053477867981 ], [ -73.219699835457135, 42.494072697492456 ], [ -73.217828555454588, 42.495020988964121 ], [ -73.215892530958641, 42.495895756363801 ], [ -73.213897068477849, 42.49669460514702 ], [ -73.211847637436193, 42.497415348673016 ], [ -73.209749855181713, 42.498056014165819 ], [ -73.20760947158972, 42.498614848091592 ], [ -73.205432353302882, 42.499090320937697 ], [ -73.203224467651097, 42.499481131380712 ], [ -73.200991866295453, 42.499786209832344 ], [ -73.198740668641108, 42.500004721353577 ], [ -73.196477045064313, 42.500136067929361 ], [ -73.1942072, 42.500179890097797 ], [ -73.191937354935661, 42.500136067929361 ], [ -73.18967373135888, 42.500004721353577 ], [ -73.18742253370452, 42.499786209832344 ], [ -73.185189932348877, 42.499481131380712 ], [ -73.182982046697077, 42.499090320937697 ], [ -73.180804928410254, 42.498614848091592 ], [ -73.178664544818261, 42.498056014165819 ], [ -73.176566762563766, 42.497415348673016 ], [ -73.174517331522111, 42.49669460514702 ], [ -73.172521869041333, 42.495895756363801 ], [ -73.1705858445454, 42.495020988964121 ], [ -73.168714564542839, 42.494072697492456 ], [ -73.166913158082096, 42.493053477867981 ], [ -73.16518656269308, 42.491966120305342 ], [ -73.163539510853724, 42.490813601704041 ], [ -73.161976517018616, 42.489599077527032 ], [ -73.160501865245251, 42.488325873190256 ], [ -73.159119597451607, 42.486997474986389 ], [ -73.157833502337638, 42.485617520567203 ], [ -73.156647105000658, 42.484189789010173 ], [ -73.155563657273319, 42.4827181904963 ], [ -73.154586128810493, 42.481206755626843 ], [ -73.153717198949778, 42.479659624408072 ], [ -73.152959249367527, 42.478081034933659 ], [ -73.152314357550821, 42.476475311795653 ], [ -73.15178429110334, 42.474846854255254 ], [ -73.151370502900392, 42.473200124205775 ], [ -73.151074127106625, 42.471539633960319 ], [ -73.150895976067517, 42.46986993389767 ], [ -73.1508365380827, 42.4681956 ] ] ] } },
{ "type": "Feature", "properties": { "facility_name": "Wheelabrator North Andover", "city": "North Andover", "state": "MA" }, "geometry": { "type": "Polygon", "coordinates": [ [ [ -71.078622538082712, 42.7262781 ], [ -71.078681976067529, 42.724610641490571 ], [ -71.078860127106637, 42.722947708733457 ], [ -71.079156502900403, 42.721293860262264 ], [ -71.079570291103366, 42.719653630071328 ], [ -71.080100357550833, 42.718031515178424 ], [ -71.080745249367538, 42.71643196328489 ], [ -71.081503198949804, 42.71485936056731 ], [ -71.082372128810519, 42.713318019634329 ], [ -71.083349657273331, 42.711812167681764 ], [ -71.08443310500067, 42.710345934879008 ], [ -71.08561950233765, 42.70892334301849 ], [ -71.086905597451619, 42.707548294459926 ], [ -71.088287865245263, 42.706224561399857 ], [ -71.089762517018627, 42.704955775496394 ], [ -71.091325510853736, 42.703745417877812 ], [ -71.092972562693106, 42.702596809562991 ], [ -71.094699158082122, 42.701513102320234 ], [ -71.09650056454285, 42.700497269990009 ], [ -71.098371844545412, 42.699552100295797 ], [ -71.100307869041359, 42.69868018716592 ], [ -71.102303331522123, 42.697883923587781 ], [ -71.104352762563778, 42.697165495014495 ], [ -71.106450544818273, 42.696526873342442 ], [ -71.108590928410266, 42.695969811476445 ], [ -71.110768046697103, 42.695495838497962 ], [ -71.112975932348888, 42.69510625544973 ], [ -71.115208533704532, 42.694802131748681 ], [ -71.117459731358892, 42.694584302237253 ], [ -71.119723354935672, 42.69445336488139 ], [ -71.1219932, 42.694409679121534 ], [ -71.124263045064325, 42.69445336488139 ], [ -71.126526668641105, 42.694584302237253 ], [ -71.128777866295465, 42.694802131748681 ], [ -71.131010467651123, 42.69510625544973 ], [ -71.133218353302908, 42.695495838497962 ], [ -71.135395471589732, 42.695969811476445 ], [ -71.137535855181724, 42.696526873342442 ], [ -71.139633637436205, 42.697165495014495 ], [ -71.14168306847786, 42.697883923587781 ], [ -71.143678530958653, 42.69868018716592 ], [ -71.1456145554546, 42.699552100295797 ], [ -71.147485835457147, 42.700497269990009 ], [ -71.149287241917875, 42.701513102320234 ], [ -71.151013837306891, 42.702596809562991 ], [ -71.152660889146262, 42.703745417877812 ], [ -71.154223882981356, 42.704955775496394 ], [ -71.155698534754734, 42.706224561399857 ], [ -71.157080802548379, 42.707548294459926 ], [ -71.158366897662333, 42.70892334301849 ], [ -71.159553294999327, 42.710345934879008 ], [ -71.16063674272668, 42.711812167681764 ], [ -71.161614271189492, 42.713318019634329 ], [ -71.162483201050208, 42.71485936056731 ], [ -71.163241150632473, 42.71643196328489 ], [ -71.163886042449164, 42.718031515178424 ], [ -71.164416108896646, 42.719653630071328 ], [ -71.164829897099594, 42.721293860262264 ], [ -71.16512627289336, 42.722947708733457 ], [ -71.165304423932469, 42.724610641490571 ], [ -71.165363861917285, 42.7262781 ], [ -71.165304423932469, 42.727945513689569 ], [ -71.16512627289336, 42.729608312478156 ], [ -71.164829897099594, 42.731261939299948 ], [ -71.164416108896646, 42.732901862589046 ], [ -71.163886042449164, 42.734523588690152 ], [ -71.163241150632473, 42.736122674161628 ], [ -71.162483201050208, 42.737694737937083 ], [ -71.161614271189492, 42.739235473312668 ], [ -71.16063674272668, 42.740740659727152 ], [ -71.159553294999327, 42.742206174302936 ], [ -71.158366897662333, 42.743628003116626 ], [ -71.157080802548379, 42.745002252168618 ], [ -71.155698534754734, 42.746325158021925 ], [ -71.154223882981356, 42.747593098081495 ], [ -71.152660889146262, 42.748802600486286 ], [ -71.151013837306891, 42.74995035358733 ], [ -71.149287241917875, 42.751033214986222 ], [ -71.147485835457147, 42.752048220109735 ], [ -71.1456145554546, 42.752992590297431 ], [ -71.143678530958653, 42.753863740380559 ], [ -71.14168306847786, 42.754659285731805 ], [ -71.139633637436205, 42.755377048767102 ], [ -71.137535855181724, 42.756015064881844 ], [ -71.135395471589732, 42.756571587805809 ], [ -71.133218353302908, 42.757045094362304 ], [ -71.131010467651123, 42.757434288618818 ], [ -71.128777866295465, 42.757738105418099 ], [ -71.126526668641119, 42.757955713280168 ], [ -71.124263045064325, 42.758086516667525 ], [ -71.1219932, 42.758130157607539 ], [ -71.119723354935672, 42.758086516667525 ], [ -71.117459731358892, 42.757955713280168 ], [ -71.115208533704532, 42.757738105418099 ], [ -71.112975932348888, 42.757434288618818 ], [ -71.110768046697103, 42.757045094362304 ], [ -71.108590928410266, 42.756571587805809 ], [ -71.106450544818273, 42.756015064881844 ], [ -71.104352762563778, 42.755377048767102 ], [ -71.102303331522123, 42.754659285731805 ], [ -71.100307869041359, 42.753863740380559 ], [ -71.098371844545412, 42.752992590297431 ], [ -71.09650056454285, 42.752048220109735 ], [ -71.094699158082122, 42.751033214986222 ], [ -71.092972562693106, 42.74995035358733 ], [ -71.091325510853736, 42.748802600486286 ], [ -71.089762517018627, 42.747593098081495 ], [ -71.088287865245263, 42.746325158021925 ], [ -71.086905597451619, 42.745002252168618 ], [ -71.08561950233765, 42.743628003116626 ], [ -71.08443310500067, 42.742206174302936 ], [ -71.083349657273331, 42.740740659727152 ], [ -71.082372128810519, 42.739235473312668 ], [ -71.081503198949804, 42.737694737937083 ], [ -71.080745249367538, 42.736122674161628 ], [ -71.080100357550833, 42.734523588690152 ], [ -71.079570291103366, 42.732901862589046 ], [ -71.079156502900403, 42.731261939299948 ], [ -71.078860127106637, 42.729608312478156 ], [ -71.078681976067529, 42.727945513689569 ], [ -71.078622538082712, 42.7262781 ] ] ] } },
{ "type": "Feature", "properties": { "facility_name": "Wheelabrator Saugus", "city": "Saugus, ", "state": "MA" }, "geometry": { "type": "Polygon", "coordinates": [ [ [ -70.940015538082704, 42.4410404 ], [ -70.940074976067521, 42.439365295155099 ], [ -70.940253127106629, 42.43769473705818 ], [ -70.940549502900396, 42.436033305142935 ], [ -70.940963291103358, 42.434385554188651 ], [ -70.94149335755084, 42.432756001825943 ], [ -70.942138249367517, 42.431149116140425 ], [ -70.942896198949782, 42.429569303408506 ], [ -70.943765128810497, 42.428020895999097 ], [ -70.944742657273309, 42.426508140474702 ], [ -70.945826105000663, 42.425035185924607 ], [ -70.947012502337657, 42.423606072562606 ], [ -70.948298597451611, 42.42222472062074 ], [ -70.949680865245256, 42.420894919569932 ], [ -70.951155517018634, 42.419620317697373 ], [ -70.952718510853728, 42.418404412069556 ], [ -70.954365562693098, 42.417250538909087 ], [ -70.956092158082114, 42.416161864411883 ], [ -70.957893564542843, 42.415141376030356 ], [ -70.95976484454539, 42.414191874247038 ], [ -70.961700869041351, 42.413315964861376 ], [ -70.963696331522129, 42.412516051811593 ], [ -70.965745762563785, 42.411794330551245 ], [ -70.967843544818265, 42.411152781999398 ], [ -70.969983928410258, 42.410593167081153 ], [ -70.972161046697096, 42.410117021873802 ], [ -70.974368932348881, 42.409725653372384 ], [ -70.976601533704525, 42.409420135886258 ], [ -70.97885273135887, 42.40920130807708 ], [ -70.981116354935665, 42.409069770646276 ], [ -70.983386199999984, 42.40902588467857 ], [ -70.985656045064317, 42.409069770646276 ], [ -70.987919668641098, 42.40920130807708 ], [ -70.990170866295458, 42.409420135886258 ], [ -70.992403467651101, 42.409725653372384 ], [ -70.994611353302901, 42.410117021873802 ], [ -70.996788471589724, 42.410593167081153 ], [ -70.998928855181717, 42.411152781999398 ], [ -71.001026637436212, 42.411794330551245 ], [ -71.003076068477867, 42.412516051811593 ], [ -71.005071530958645, 42.413315964861376 ], [ -71.007007555454578, 42.414191874247038 ], [ -71.008878835457139, 42.415141376030356 ], [ -71.010680241917882, 42.416161864411883 ], [ -71.012406837306898, 42.417250538909087 ], [ -71.014053889146254, 42.418404412069556 ], [ -71.015616882981362, 42.419620317697373 ], [ -71.017091534754726, 42.420894919569932 ], [ -71.018473802548371, 42.42222472062074 ], [ -71.01975989766234, 42.423606072562606 ], [ -71.02094629499932, 42.425035185924607 ], [ -71.022029742726659, 42.426508140474702 ], [ -71.023007271189485, 42.428020895999097 ], [ -71.0238762010502, 42.429569303408506 ], [ -71.024634150632451, 42.431149116140425 ], [ -71.025279042449156, 42.432756001825943 ], [ -71.025809108896638, 42.434385554188651 ], [ -71.026222897099586, 42.436033305142935 ], [ -71.026519272893353, 42.43769473705818 ], [ -71.026697423932461, 42.439365295155099 ], [ -71.026756861917278, 42.4410404 ], [ -71.026697423932461, 42.44271546006275 ], [ -71.026519272893353, 42.444385884303863 ], [ -71.026222897099586, 42.446047094756231 ], [ -71.025809108896638, 42.447694539066916 ], [ -71.025279042449156, 42.449323702964982 ], [ -71.024634150632451, 42.45093012262091 ], [ -71.0238762010502, 42.452509396864215 ], [ -71.023007271189485, 42.454057199225758 ], [ -71.022029742726659, 42.4555692897721 ], [ -71.02094629499932, 42.457041526699577 ], [ -71.01975989766234, 42.458469877656832 ], [ -71.018473802548371, 42.459850430764874 ], [ -71.017091534754726, 42.461179405304975 ], [ -71.015616882981362, 42.462453162045385 ], [ -71.014053889146254, 42.463668213179041 ], [ -71.012406837306898, 42.464821231845363 ], [ -71.010680241917882, 42.465909061210439 ], [ -71.008878835457139, 42.46692872308131 ], [ -71.007007555454578, 42.467877426030881 ], [ -71.005071530958645, 42.468752573011862 ], [ -71.003076068477867, 42.469551768439111 ], [ -71.001026637436212, 42.470272824721491 ], [ -70.998928855181717, 42.470913768225572 ], [ -70.996788471589724, 42.471472844655295 ], [ -70.994611353302901, 42.471948523833134 ], [ -70.992403467651101, 42.472339503869982 ], [ -70.990170866295458, 42.47264471471258 ], [ -70.987919668641112, 42.472863321058909 ], [ -70.985656045064317, 42.472994724633942 ], [ -70.983386199999984, 42.473038565819515 ], [ -70.981116354935665, 42.472994724633942 ], [ -70.978852731358884, 42.472863321058909 ], [ -70.976601533704525, 42.47264471471258 ], [ -70.974368932348881, 42.472339503869982 ], [ -70.972161046697096, 42.471948523833134 ], [ -70.969983928410258, 42.471472844655295 ], [ -70.967843544818265, 42.470913768225572 ], [ -70.965745762563785, 42.470272824721491 ], [ -70.963696331522129, 42.469551768439111 ], [ -70.961700869041351, 42.468752573011862 ], [ -70.95976484454539, 42.467877426030881 ], [ -70.957893564542843, 42.46692872308131 ], [ -70.956092158082114, 42.465909061210439 ], [ -70.954365562693098, 42.464821231845363 ], [ -70.952718510853728, 42.463668213179041 ], [ -70.951155517018634, 42.462453162045385 ], [ -70.949680865245256, 42.461179405304975 ], [ -70.948298597451611, 42.459850430764874 ], [ -70.947012502337657, 42.458469877656832 ], [ -70.945826105000663, 42.457041526699577 ], [ -70.944742657273309, 42.4555692897721 ], [ -70.943765128810497, 42.454057199225758 ], [ -70.942896198949782, 42.452509396864215 ], [ -70.942138249367517, 42.45093012262091 ], [ -70.94149335755084, 42.449323702964982 ], [ -70.940963291103358, 42.447694539066916 ], [ -70.940549502900396, 42.446047094756231 ], [ -70.940253127106629, 42.44438588430387 ], [ -70.940074976067521, 42.44271546006275 ], [ -70.940015538082704, 42.4410404 ] ] ] } },
{ "type": "Feature", "properties": { "facility_name": "Kent County Waste to Energy Facility", "city": "Grand Rapids", "state": "MI" }, "geometry": { "type": "Polygon", "coordinates": [ [ [ -85.649710438082707, 42.9491497 ], [ -85.649769876067552, 42.947488244755824 ], [ -85.649948027106632, 42.945831298783133 ], [ -85.650244402900398, 42.944183404206491 ], [ -85.650658191103361, 42.942549078701553 ], [ -85.651188257550828, 42.940932803102442 ], [ -85.651833149367519, 42.939339009106355 ], [ -85.652591098949785, 42.93777206710898 ], [ -85.653460028810485, 42.936236274204603 ], [ -85.654437557273326, 42.934735842383766 ], [ -85.655521005000679, 42.933274886961243 ], [ -85.656707402337659, 42.931857415266258 ], [ -85.657993497451614, 42.930487315626365 ], [ -85.659375765245258, 42.929168346675404 ], [ -85.660850417018636, 42.927904127015388 ], [ -85.662413410853731, 42.926698125260906 ], [ -85.664060462693101, 42.925553650493789 ], [ -85.665787058082117, 42.924473843154672 ], [ -85.66758846454286, 42.923461666396697 ], [ -85.669459744545392, 42.922519897925717 ], [ -85.671395769041354, 42.921651122349473 ], [ -85.673391231522146, 42.92085772405742 ], [ -85.675440662563773, 42.920141880650888 ], [ -85.677538444818282, 42.91950555694212 ], [ -85.67967882841026, 42.918950499538866 ], [ -85.681855946697112, 42.918478232029813 ], [ -85.684063832348883, 42.918090050784251 ], [ -85.686296433704513, 42.917787021377833 ], [ -85.688547631358873, 42.917569975654388 ], [ -85.690811254935653, 42.917439509432064 ], [ -85.693081099999986, 42.917395980860306 ], [ -85.695350945064334, 42.917439509432064 ], [ -85.697614568641114, 42.917569975654388 ], [ -85.699865766295474, 42.917787021377833 ], [ -85.702098367651104, 42.918090050784251 ], [ -85.704306253302889, 42.918478232029813 ], [ -85.706483371589741, 42.918950499538866 ], [ -85.708623755181719, 42.91950555694212 ], [ -85.710721537436214, 42.920141880650888 ], [ -85.712770968477855, 42.92085772405742 ], [ -85.714766430958633, 42.921651122349473 ], [ -85.716702455454595, 42.922519897925717 ], [ -85.718573735457142, 42.923461666396697 ], [ -85.720375141917884, 42.924473843154672 ], [ -85.7221017373069, 42.925553650493789 ], [ -85.723748789146271, 42.926698125260906 ], [ -85.725311782981365, 42.927904127015388 ], [ -85.726786434754743, 42.929168346675404 ], [ -85.728168702548373, 42.930487315626365 ], [ -85.729454797662342, 42.931857415266258 ], [ -85.730641194999308, 42.933274886961243 ], [ -85.731724642726675, 42.934735842383766 ], [ -85.732702171189501, 42.936236274204603 ], [ -85.733571101050217, 42.93777206710898 ], [ -85.734329050632468, 42.939339009106355 ], [ -85.734973942449159, 42.940932803102442 ], [ -85.735504008896626, 42.942549078701553 ], [ -85.735917797099589, 42.944183404206491 ], [ -85.736214172893369, 42.945831298783133 ], [ -85.736392323932449, 42.947488244755824 ], [ -85.736451761917294, 42.9491497 ], [ -85.736392323932449, 42.950811110397929 ], [ -85.736214172893369, 42.952467922323244 ], [ -85.735917797099589, 42.954115595120051 ], [ -85.735504008896626, 42.955749613542558 ], [ -85.734973942449159, 42.957365500121064 ], [ -85.734329050632468, 42.958958827420609 ], [ -85.733571101050217, 42.960525230158694 ], [ -85.732702171189501, 42.962060417149303 ], [ -85.731724642726675, 42.963560183040407 ], [ -85.730641194999308, 42.965020419813285 ], [ -85.729454797662342, 42.966437128012394 ], [ -85.728168702548373, 42.967806427675214 ], [ -85.726786434754743, 42.969124568932614 ], [ -85.725311782981365, 42.970387942250952 ], [ -85.723748789146271, 42.971593088288365 ], [ -85.7221017373069, 42.97273670733842 ], [ -85.720375141917884, 42.973815668335902 ], [ -85.718573735457142, 42.974827017400358 ], [ -85.716702455454595, 42.975767985894329 ], [ -85.714766430958633, 42.976635997974775 ], [ -85.712770968477855, 42.977428677617262 ], [ -85.710721537436214, 42.978143855094146 ], [ -85.708623755181719, 42.978779572889238 ], [ -85.706483371589741, 42.979334091033301 ], [ -85.704306253302889, 42.979805891845878 ], [ -85.702098367651104, 42.980193684070919 ], [ -85.699865766295474, 42.980496406394948 ], [ -85.697614568641114, 42.980713230338608 ], [ -85.695350945064334, 42.980843562513584 ], [ -85.693081099999986, 42.980887046239125 ], [ -85.690811254935653, 42.980843562513584 ], [ -85.688547631358873, 42.980713230338608 ], [ -85.686296433704513, 42.980496406394948 ], [ -85.684063832348883, 42.980193684070919 ], [ -85.681855946697112, 42.979805891845878 ], [ -85.67967882841026, 42.979334091033301 ], [ -85.677538444818282, 42.978779572889238 ], [ -85.675440662563773, 42.978143855094146 ], [ -85.673391231522146, 42.977428677617262 ], [ -85.671395769041354, 42.976635997974775 ], [ -85.669459744545392, 42.975767985894329 ], [ -85.66758846454286, 42.974827017400358 ], [ -85.665787058082117, 42.973815668335902 ], [ -85.664060462693101, 42.97273670733842 ], [ -85.662413410853731, 42.971593088288365 ], [ -85.660850417018636, 42.970387942250952 ], [ -85.659375765245258, 42.969124568932614 ], [ -85.657993497451614, 42.967806427675214 ], [ -85.656707402337659, 42.966437128012394 ], [ -85.655521005000679, 42.965020419813285 ], [ -85.654437557273326, 42.963560183040407 ], [ -85.653460028810485, 42.962060417149303 ], [ -85.652591098949785, 42.960525230158694 ], [ -85.651833149367519, 42.958958827420609 ], [ -85.651188257550828, 42.957365500121064 ], [ -85.650658191103361, 42.955749613542558 ], [ -85.650244402900398, 42.954115595120051 ], [ -85.649948027106632, 42.952467922323251 ], [ -85.649769876067552, 42.950811110397929 ], [ -85.649710438082707, 42.9491497 ] ] ] } },
{ "type": "Feature", "properties": { "facility_name": "Hennepin Energy Resource Center (HERC)", "city": "Minneapolis, ", "state": "MN" }, "geometry": { "type": "Polygon", "coordinates": [ [ [ -93.247621338082723, 44.9840984 ], [ -93.24768077606754, 44.982492909293434 ], [ -93.247858927106648, 44.980891774348592 ], [ -93.2481553029004, 44.979299384317109 ], [ -93.248569091103363, 44.977720104742694 ], [ -93.249099157550845, 44.976158265585518 ], [ -93.249744049367521, 44.974618149340209 ], [ -93.250501998949787, 44.973103979280289 ], [ -93.251370928810502, 44.97161990786141 ], [ -93.252348457273314, 44.97017000531546 ], [ -93.253431905000681, 44.968758248466926 ], [ -93.254618302337661, 44.96738850980276 ], [ -93.255904397451616, 44.966064546825656 ], [ -93.257286665245275, 44.964789991720529 ], [ -93.258761317018639, 44.963568341362965 ], [ -93.260324310853733, 44.962402947697036 ], [ -93.261971362693103, 44.96129700850981 ], [ -93.263697958082119, 44.960253558627699 ], [ -93.265499364542862, 44.959275461559699 ], [ -93.267370644545409, 44.9583654016105 ], [ -93.269306669041356, 44.957525876485597 ], [ -93.271302131522134, 44.956759190409237 ], [ -93.273351562563789, 44.956067447774181 ], [ -93.275449344818284, 44.955452547341331 ], [ -93.277589728410277, 44.954916177005302 ], [ -93.279766846697115, 44.954459809140666 ], [ -93.281974732348885, 44.954084696541955 ], [ -93.284207333704529, 44.9537918689688 ], [ -93.286458531358889, 44.953582130305833 ], [ -93.28872215493567, 44.953456056345495 ], [ -93.290992, 44.953413993199767 ], [ -93.293261845064336, 44.953456056345495 ], [ -93.295525468641117, 44.953582130305833 ], [ -93.297776666295476, 44.9537918689688 ], [ -93.30000926765112, 44.954084696541955 ], [ -93.302217153302905, 44.954459809140666 ], [ -93.304394271589729, 44.954916177005302 ], [ -93.306534655181721, 44.955452547341331 ], [ -93.308632437436216, 44.956067447774181 ], [ -93.310681868477872, 44.956759190409237 ], [ -93.31267733095865, 44.957525876485597 ], [ -93.314613355454597, 44.9583654016105 ], [ -93.316484635457144, 44.959275461559699 ], [ -93.318286041917872, 44.960253558627699 ], [ -93.320012637306903, 44.96129700850981 ], [ -93.321659689146273, 44.962402947697036 ], [ -93.323222682981367, 44.963568341362965 ], [ -93.324697334754731, 44.964789991720529 ], [ -93.32607960254839, 44.966064546825656 ], [ -93.327365697662344, 44.96738850980276 ], [ -93.328552094999324, 44.968758248466926 ], [ -93.329635542726692, 44.97017000531546 ], [ -93.330613071189504, 44.97161990786141 ], [ -93.331482001050219, 44.973103979280289 ], [ -93.332239950632484, 44.974618149340209 ], [ -93.332884842449161, 44.976158265585518 ], [ -93.333414908896643, 44.977720104742694 ], [ -93.333828697099605, 44.979299384317109 ], [ -93.334125072893357, 44.980891774348592 ], [ -93.334303223932466, 44.982492909293434 ], [ -93.334362661917282, 44.9840984 ], [ -93.334303223932466, 44.985703845745164 ], [ -93.334125072893357, 44.987304846298436 ], [ -93.333828697099605, 44.988897013980605 ], [ -93.333414908896643, 44.990475985684057 ], [ -93.332884842449161, 44.992037434821732 ], [ -93.332239950632484, 44.99357708317212 ], [ -93.331482001050219, 44.995090712588066 ], [ -93.330613071189504, 44.996574176537329 ], [ -93.329635542726692, 44.998023411443604 ], [ -93.328552094999324, 44.999434447797157 ], [ -93.327365697662344, 45.000803421004967 ], [ -93.32607960254839, 45.002126581950854 ], [ -93.324697334754731, 45.003400307237079 ], [ -93.323222682981367, 45.004621109079771 ], [ -93.321659689146273, 45.005785644831334 ], [ -93.320012637306903, 45.006890726104224 ], [ -93.318286041917872, 45.007933327471477 ], [ -93.316484635457144, 45.008910594720618 ], [ -93.314613355454597, 45.009819852638643 ], [ -93.31267733095865, 45.01065861230726 ], [ -93.310681868477872, 45.011424577888732 ], [ -93.308632437436216, 45.012115652884177 ], [ -93.306534655181721, 45.012729945847497 ], [ -93.304394271589729, 45.013265775539629 ], [ -93.302217153302905, 45.01372167550943 ], [ -93.30000926765112, 45.014096398088697 ], [ -93.297776666295476, 45.014388917790946 ], [ -93.295525468641117, 45.014598434104634 ], [ -93.293261845064336, 45.014724373673438 ], [ -93.290992, 45.014766391857783 ], [ -93.28872215493567, 45.014724373673438 ], [ -93.286458531358889, 45.014598434104634 ], [ -93.284207333704529, 45.014388917790946 ], [ -93.281974732348885, 45.014096398088697 ], [ -93.279766846697115, 45.01372167550943 ], [ -93.277589728410277, 45.013265775539629 ], [ -93.275449344818284, 45.012729945847497 ], [ -93.273351562563789, 45.012115652884177 ], [ -93.271302131522134, 45.011424577888732 ], [ -93.269306669041356, 45.01065861230726 ], [ -93.267370644545409, 45.009819852638643 ], [ -93.265499364542862, 45.008910594720618 ], [ -93.263697958082119, 45.007933327471477 ], [ -93.261971362693103, 45.006890726104224 ], [ -93.260324310853733, 45.005785644831334 ], [ -93.258761317018639, 45.004621109079771 ], [ -93.257286665245275, 45.003400307237079 ], [ -93.255904397451616, 45.002126581950854 ], [ -93.254618302337661, 45.000803421004967 ], [ -93.253431905000681, 44.999434447797157 ], [ -93.252348457273314, 44.998023411443604 ], [ -93.251370928810502, 44.996574176537329 ], [ -93.250501998949787, 44.995090712588066 ], [ -93.249744049367521, 44.99357708317212 ], [ -93.249099157550845, 44.992037434821732 ], [ -93.248569091103363, 44.990475985684057 ], [ -93.2481553029004, 44.988897013980605 ], [ -93.247858927106648, 44.987304846298443 ], [ -93.24768077606754, 44.985703845745164 ], [ -93.247621338082723, 44.9840984 ] ] ] } },
{ "type": "Feature", "properties": { "facility_name": "Great River Energy â€” Elk River Station", "city": "Elk River", "state": "MN" }, "geometry": { "type": "Polygon", "coordinates": [ [ [ -93.515666038082699, 45.295745499999988 ], [ -93.515725476067544, 45.294148760727026 ], [ -93.515903627106624, 45.292556353231049 ], [ -93.516200002900391, 45.290972642742339 ], [ -93.516613791103353, 45.289401971014492 ], [ -93.517143857550835, 45.287848644414069 ], [ -93.517788749367512, 45.286316922103289 ], [ -93.518546698949777, 45.284811004348349 ], [ -93.519415628810492, 45.283335020985781 ], [ -93.520393157273318, 45.281893020078513 ], [ -93.521476605000672, 45.280488956793079 ], [ -93.522663002337652, 45.279126682528698 ], [ -93.523949097451606, 45.277809934328531 ], [ -93.52533136524525, 45.276542324602119 ], [ -93.526806017018629, 45.275327331188066 ], [ -93.528369010853723, 45.274168287784065 ], [ -93.530016062693093, 45.273068374771363 ], [ -93.531742658082109, 45.27203061045892 ], [ -93.533544064542852, 45.271057842771796 ], [ -93.535415344545385, 45.27015274140706 ], [ -93.537351369041346, 45.269317790478922 ], [ -93.539346831522138, 45.26855528167394 ], [ -93.541396262563765, 45.267867307935134 ], [ -93.543494044818274, 45.267255757693015 ], [ -93.545634428410253, 45.266722309659428 ], [ -93.547811546697105, 45.266268428199027 ], [ -93.550019432348876, 45.265895359291221 ], [ -93.552252033704505, 45.265604127093944 ], [ -93.554503231358865, 45.265395531118976 ], [ -93.556766854935645, 45.265270144026658 ], [ -93.559036699999979, 45.265228310046311 ], [ -93.561306545064326, 45.265270144026658 ], [ -93.563570168641121, 45.265395531118976 ], [ -93.565821366295467, 45.265604127093944 ], [ -93.568053967651096, 45.265895359291221 ], [ -93.570261853302881, 45.266268428199027 ], [ -93.572438971589733, 45.266722309659428 ], [ -93.574579355181712, 45.267255757693015 ], [ -93.576677137436221, 45.267867307935134 ], [ -93.578726568477848, 45.26855528167394 ], [ -93.58072203095864, 45.269317790478922 ], [ -93.582658055454587, 45.27015274140706 ], [ -93.584529335457134, 45.271057842771796 ], [ -93.586330741917877, 45.27203061045892 ], [ -93.588057337306893, 45.273068374771363 ], [ -93.589704389146263, 45.274168287784065 ], [ -93.591267382981357, 45.275327331188066 ], [ -93.592742034754735, 45.276542324602119 ], [ -93.594124302548366, 45.277809934328531 ], [ -93.595410397662334, 45.279126682528698 ], [ -93.5965967949993, 45.280488956793079 ], [ -93.597680242726668, 45.281893020078513 ], [ -93.598657771189494, 45.283335020985781 ], [ -93.599526701050209, 45.284811004348349 ], [ -93.60028465063246, 45.286316922103289 ], [ -93.600929542449151, 45.287848644414069 ], [ -93.601459608896633, 45.289401971014492 ], [ -93.601873397099581, 45.290972642742339 ], [ -93.602169772893362, 45.292556353231049 ], [ -93.602347923932442, 45.294148760727026 ], [ -93.602407361917287, 45.295745499999988 ], [ -93.602347923932442, 45.297342194313963 ], [ -93.602169772893362, 45.298934467425497 ], [ -93.601873397099581, 45.300517955576716 ], [ -93.601459608896633, 45.302088319449972 ], [ -93.600929542449151, 45.303641256051591 ], [ -93.60028465063246, 45.305172510492319 ], [ -93.599526701050209, 45.30667788763202 ], [ -93.598657771189494, 45.308153263557244 ], [ -93.597680242726668, 45.309594596860293 ], [ -93.5965967949993, 45.310997939689038 ], [ -93.595410397662334, 45.312359448537741 ], [ -93.594124302548366, 45.313675394749282 ], [ -93.592742034754735, 45.314942174700896 ], [ -93.591267382981357, 45.316156319645167 ], [ -93.589704389146263, 45.317314505180384 ], [ -93.588057337306893, 45.318413560324316 ], [ -93.586330741917877, 45.319450476166992 ], [ -93.584529335457134, 45.320422414079353 ], [ -93.582658055454587, 45.321326713455534 ], [ -93.58072203095864, 45.322160898968043 ], [ -93.578726568477848, 45.322922687316414 ], [ -93.576677137436221, 45.323609993451079 ], [ -93.574579355181712, 45.324220936255941 ], [ -93.572438971589733, 45.324753843674365 ], [ -93.570261853302881, 45.325207257264779 ], [ -93.568053967651096, 45.32557993617386 ], [ -93.565821366295467, 45.325870860516588 ], [ -93.563570168641121, 45.326079234154115 ], [ -93.561306545064326, 45.326204486862025 ], [ -93.559036699999979, 45.326246275883378 ], [ -93.556766854935645, 45.326204486862025 ], [ -93.554503231358865, 45.326079234154115 ], [ -93.552252033704505, 45.325870860516588 ], [ -93.550019432348876, 45.32557993617386 ], [ -93.547811546697105, 45.325207257264779 ], [ -93.545634428410253, 45.324753843674365 ], [ -93.543494044818274, 45.324220936255941 ], [ -93.541396262563765, 45.323609993451079 ], [ -93.539346831522138, 45.322922687316414 ], [ -93.537351369041346, 45.322160898968043 ], [ -93.535415344545385, 45.321326713455534 ], [ -93.533544064542852, 45.320422414079353 ], [ -93.531742658082109, 45.319450476166992 ], [ -93.530016062693093, 45.318413560324316 ], [ -93.528369010853723, 45.317314505180384 ], [ -93.526806017018629, 45.316156319645167 ], [ -93.52533136524525, 45.314942174700896 ], [ -93.523949097451606, 45.313675394749282 ], [ -93.522663002337652, 45.312359448537741 ], [ -93.521476605000672, 45.310997939689038 ], [ -93.520393157273318, 45.309594596860293 ], [ -93.519415628810492, 45.308153263557244 ], [ -93.518546698949777, 45.30667788763202 ], [ -93.517788749367512, 45.305172510492319 ], [ -93.517143857550835, 45.303641256051591 ], [ -93.516613791103353, 45.302088319449972 ], [ -93.516200002900391, 45.300517955576716 ], [ -93.515903627106624, 45.298934467425504 ], [ -93.515725476067544, 45.297342194313963 ], [ -93.515666038082699, 45.295745499999988 ] ] ] } },
{ "type": "Feature", "properties": { "facility_name": "Olmsted Waste-to-Energy Facility ", "city": "Rochester", "state": "MN" }, "geometry": { "type": "Polygon", "coordinates": [ [ [ -92.389312038082693, 44.0261973 ], [ -92.389371476067538, 44.024565208751334 ], [ -92.389549627106618, 44.022937546200573 ], [ -92.389846002900384, 44.021318774209448 ], [ -92.390259791103361, 44.019713330632321 ], [ -92.390789857550828, 44.018125617142438 ], [ -92.391434749367505, 44.016559987153293 ], [ -92.392192698949771, 44.015020733868766 ], [ -92.393061628810486, 44.013512078494642 ], [ -92.394039157273312, 44.012038158644309 ], [ -92.39512260500068, 44.010603016970471 ], [ -92.396309002337645, 44.009210590054536 ], [ -92.397595097451614, 44.007864697584303 ], [ -92.398977365245258, 44.006569031849985 ], [ -92.400452017018623, 44.005327147587934 ], [ -92.402015010853717, 44.004142452199901 ], [ -92.403662062693087, 44.0030181963755 ], [ -92.405388658082117, 44.001957465143718 ], [ -92.40719006454286, 44.00096316937843 ], [ -92.409061344545393, 44.000038037781763 ], [ -92.410997369041354, 43.999184609367596 ], [ -92.412992831522132, 43.998405226466197 ], [ -92.415042262563773, 43.997702028269657 ], [ -92.417140044818282, 43.997076944936119 ], [ -92.419280428410246, 43.996531692269279 ], [ -92.421457546697098, 43.996067766988226 ], [ -92.423665432348884, 43.995686442600665 ], [ -92.425898033704513, 43.995388765891327 ], [ -92.428149231358873, 43.9951755540352 ], [ -92.430412854935653, 43.995047392343956 ], [ -92.432682699999987, 43.995004632651579 ], [ -92.434952545064334, 43.995047392343956 ], [ -92.437216168641115, 43.9951755540352 ], [ -92.439467366295474, 43.995388765891327 ], [ -92.441699967651104, 43.995686442600665 ], [ -92.443907853302875, 43.996067766988226 ], [ -92.446084971589727, 43.996531692269279 ], [ -92.448225355181705, 43.997076944936119 ], [ -92.450323137436214, 43.997702028269657 ], [ -92.452372568477855, 43.998405226466197 ], [ -92.454368030958634, 43.999184609367596 ], [ -92.456304055454595, 44.000038037781763 ], [ -92.458175335457128, 44.00096316937843 ], [ -92.45997674191787, 44.001957465143718 ], [ -92.461703337306901, 44.0030181963755 ], [ -92.463350389146257, 44.004142452199901 ], [ -92.464913382981365, 44.005327147587934 ], [ -92.466388034754729, 44.006569031849985 ], [ -92.467770302548374, 44.007864697584303 ], [ -92.469056397662328, 44.009210590054536 ], [ -92.470242794999308, 44.010603016970471 ], [ -92.471326242726676, 44.012038158644309 ], [ -92.472303771189502, 44.013512078494642 ], [ -92.473172701050203, 44.015020733868766 ], [ -92.473930650632468, 44.016559987153293 ], [ -92.474575542449159, 44.018125617142438 ], [ -92.475105608896627, 44.019713330632321 ], [ -92.475519397099589, 44.021318774209448 ], [ -92.475815772893355, 44.022937546200573 ], [ -92.47599392393245, 44.024565208751334 ], [ -92.47605336191728, 44.0261973 ], [ -92.47599392393245, 44.027829346313233 ], [ -92.475815772893355, 44.029456874550036 ], [ -92.475519397099589, 44.031075424320257 ], [ -92.475105608896627, 44.032680560204227 ], [ -92.474575542449159, 44.034267883899851 ], [ -92.473930650632468, 44.035833046264301 ], [ -92.473172701050203, 44.037371759217095 ], [ -92.472303771189502, 44.038879807472419 ], [ -92.471326242726676, 44.040353060068654 ], [ -92.470242794999308, 44.041787481663619 ], [ -92.469056397662328, 44.043179143565268 ], [ -92.467770302548374, 44.044524234467467 ], [ -92.466388034754729, 44.04581907086213 ], [ -92.464913382981365, 44.047060107099348 ], [ -92.463350389146257, 44.048243945068506 ], [ -92.461703337306901, 44.049367343474017 ], [ -92.45997674191787, 44.050427226680988 ], [ -92.458175335457128, 44.051420693106671 ], [ -92.456304055454595, 44.052345023135345 ], [ -92.454368030958634, 44.05319768653532 ], [ -92.452372568477855, 44.053976349357924 ], [ -92.450323137436214, 44.054678880300436 ], [ -92.448225355181705, 44.055303356515282 ], [ -92.446084971589727, 44.055848068850459 ], [ -92.443907853302875, 44.056311526506896 ], [ -92.441699967651104, 44.056692461100269 ], [ -92.439467366295474, 44.056989830116507 ], [ -92.437216168641115, 44.057202819751765 ], [ -92.434952545064334, 44.05733084712908 ], [ -92.432682699999987, 44.057373561886052 ], [ -92.430412854935653, 44.05733084712908 ], [ -92.428149231358873, 44.057202819751765 ], [ -92.425898033704513, 44.056989830116507 ], [ -92.423665432348884, 44.056692461100269 ], [ -92.421457546697098, 44.056311526506896 ], [ -92.419280428410246, 44.055848068850459 ], [ -92.417140044818282, 44.055303356515282 ], [ -92.415042262563773, 44.054678880300436 ], [ -92.412992831522132, 44.053976349357924 ], [ -92.410997369041354, 44.05319768653532 ], [ -92.409061344545393, 44.052345023135345 ], [ -92.40719006454286, 44.051420693106671 ], [ -92.405388658082117, 44.050427226680988 ], [ -92.403662062693087, 44.049367343474017 ], [ -92.402015010853717, 44.048243945068506 ], [ -92.400452017018623, 44.047060107099348 ], [ -92.398977365245258, 44.04581907086213 ], [ -92.397595097451614, 44.044524234467467 ], [ -92.396309002337645, 44.043179143565268 ], [ -92.39512260500068, 44.041787481663619 ], [ -92.394039157273312, 44.040353060068654 ], [ -92.393061628810486, 44.038879807472419 ], [ -92.392192698949771, 44.037371759217095 ], [ -92.391434749367505, 44.035833046264301 ], [ -92.390789857550828, 44.034267883899851 ], [ -92.390259791103361, 44.032680560204227 ], [ -92.389846002900384, 44.031075424320257 ], [ -92.389549627106618, 44.029456874550036 ], [ -92.389371476067538, 44.027829346313233 ], [ -92.389312038082693, 44.0261973 ] ] ] } },
{ "type": "Feature", "properties": { "facility_name": "Perham Resource Recovery Facility", "city": "Perham", "state": "MN" }, "geometry": { "type": "Polygon", "coordinates": [ [ [ -95.521571638082719, 46.5913958 ], [ -95.52163107606755, 46.589835947711542 ], [ -95.521809227106644, 46.588280326162014 ], [ -95.522105602900396, 46.586733199752992 ], [ -95.522519391103373, 46.585198809962222 ], [ -95.52304945755084, 46.583681363708024 ], [ -95.523694349367517, 46.582185021804591 ], [ -95.524452298949782, 46.580713887539957 ], [ -95.525321228810498, 46.579271995408163 ], [ -95.526298757273324, 46.577863300026678 ], [ -95.527382205000677, 46.576491665269799 ], [ -95.528568602337657, 46.575160853648015 ], [ -95.529854697451611, 46.573874515962835 ], [ -95.53123696524527, 46.572636181265871 ], [ -95.532711617018634, 46.571449247149822 ], [ -95.534274610853728, 46.570316970398707 ], [ -95.535921662693099, 46.569242458023041 ], [ -95.537648258082129, 46.568228658705245 ], [ -95.539449664542857, 46.567278354678869 ], [ -95.541320944545404, 46.566394154064724 ], [ -95.543256969041366, 46.565578483684682 ], [ -95.545252431522144, 46.564833582374092 ], [ -95.547301862563785, 46.564161494810755 ], [ -95.549399644818294, 46.563564065878317 ], [ -95.551540028410258, 46.56304293557946 ], [ -95.55371714669711, 46.562599534513602 ], [ -95.555925032348895, 46.562235079931298 ], [ -95.558157633704525, 46.561950572376922 ], [ -95.560408831358885, 46.561746792928652 ], [ -95.562672454935665, 46.561624301043736 ], [ -95.5649423, 46.561583433015166 ], [ -95.567212145064332, 46.561624301043736 ], [ -95.569475768641126, 46.561746792928652 ], [ -95.571726966295472, 46.561950572376922 ], [ -95.573959567651116, 46.562235079931298 ], [ -95.576167453302887, 46.562599534513602 ], [ -95.578344571589739, 46.56304293557946 ], [ -95.580484955181717, 46.563564065878317 ], [ -95.582582737436226, 46.564161494810755 ], [ -95.584632168477867, 46.564833582374092 ], [ -95.586627630958645, 46.565578483684682 ], [ -95.588563655454593, 46.566394154064724 ], [ -95.590434935457139, 46.567278354678869 ], [ -95.592236341917882, 46.568228658705245 ], [ -95.593962937306912, 46.569242458023041 ], [ -95.595609989146269, 46.570316970398707 ], [ -95.597172982981377, 46.571449247149822 ], [ -95.598647634754741, 46.572636181265871 ], [ -95.600029902548386, 46.573874515962835 ], [ -95.601315997662354, 46.575160853648015 ], [ -95.60250239499932, 46.576491665269799 ], [ -95.603585842726687, 46.577863300026678 ], [ -95.604563371189499, 46.579271995408163 ], [ -95.605432301050229, 46.580713887539957 ], [ -95.60619025063248, 46.582185021804591 ], [ -95.606835142449171, 46.583681363708024 ], [ -95.607365208896638, 46.585198809962222 ], [ -95.607778997099601, 46.586733199752992 ], [ -95.608075372893367, 46.588280326162014 ], [ -95.608253523932461, 46.589835947711542 ], [ -95.608312961917292, 46.5913958 ], [ -95.608253523932461, 46.592955607396391 ], [ -95.608075372893367, 46.594511094761643 ], [ -95.607778997099601, 46.596057999164287 ], [ -95.607365208896638, 46.597592081558943 ], [ -95.606835142449171, 46.599109138395185 ], [ -95.60619025063248, 46.600605013125367 ], [ -95.605432301050229, 46.602075607579899 ], [ -95.604563371189499, 46.60351689317902 ], [ -95.603585842726687, 46.604924921950541 ], [ -95.60250239499932, 46.606295837323714 ], [ -95.601315997662354, 46.607625884669758 ], [ -95.600029902548386, 46.608911421560727 ], [ -95.598647634754741, 46.610148927718683 ], [ -95.597172982981377, 46.611335014628551 ], [ -95.595609989146269, 46.612466434788516 ], [ -95.593962937306912, 46.613540090573032 ], [ -95.592236341917882, 46.614553042684697 ], [ -95.590434935457139, 46.615502518172086 ], [ -95.588563655454593, 46.616385917992083 ], [ -95.586627630958645, 46.617200824096436 ], [ -95.584632168477867, 46.617945006023383 ], [ -95.582582737436226, 46.618616426976835 ], [ -95.580484955181717, 46.619213249376685 ], [ -95.578344571589739, 46.619733839865503 ], [ -95.576167453302887, 46.620176773758175 ], [ -95.573959567651116, 46.620540838922579 ], [ -95.571726966295472, 46.620825039080884 ], [ -95.569475768641126, 46.621028596522834 ], [ -95.567212145064332, 46.621150954223474 ], [ -95.5649423, 46.621191777360025 ], [ -95.562672454935665, 46.621150954223474 ], [ -95.560408831358885, 46.621028596522834 ], [ -95.558157633704525, 46.620825039080884 ], [ -95.555925032348895, 46.620540838922579 ], [ -95.55371714669711, 46.620176773758175 ], [ -95.551540028410258, 46.619733839865503 ], [ -95.549399644818294, 46.619213249376685 ], [ -95.547301862563785, 46.618616426976835 ], [ -95.545252431522144, 46.617945006023383 ], [ -95.543256969041366, 46.617200824096436 ], [ -95.541320944545404, 46.616385917992083 ], [ -95.539449664542857, 46.615502518172086 ], [ -95.537648258082129, 46.614553042684697 ], [ -95.535921662693099, 46.613540090573032 ], [ -95.534274610853728, 46.612466434788516 ], [ -95.532711617018634, 46.611335014628551 ], [ -95.53123696524527, 46.610148927718683 ], [ -95.529854697451611, 46.608911421560727 ], [ -95.528568602337657, 46.607625884669758 ], [ -95.527382205000677, 46.606295837323714 ], [ -95.526298757273324, 46.604924921950541 ], [ -95.525321228810498, 46.60351689317902 ], [ -95.524452298949782, 46.602075607579899 ], [ -95.523694349367517, 46.600605013125367 ], [ -95.52304945755084, 46.599109138395185 ], [ -95.522519391103373, 46.597592081558943 ], [ -95.522105602900396, 46.596057999164287 ], [ -95.521809227106644, 46.594511094761643 ], [ -95.52163107606755, 46.592955607396391 ], [ -95.521571638082719, 46.5913958 ] ] ] } },
{ "type": "Feature", "properties": { "facility_name": "Polk County Solid Waste Resource Recovery Facility", "city": "Fosston", "state": "MN" }, "geometry": { "type": "Polygon", "coordinates": [ [ [ -95.71710833808271, 47.5817904 ], [ -95.717167776067555, 47.580259283022428 ], [ -95.717345927106635, 47.578732318134861 ], [ -95.717642302900387, 47.577213691191488 ], [ -95.718056091103364, 47.575707565552619 ], [ -95.718586157550831, 47.574218070663271 ], [ -95.719231049367508, 47.572749290720772 ], [ -95.719988998949788, 47.571305253462882 ], [ -95.720857928810489, 47.56988991910697 ], [ -95.721835457273329, 47.568507169471204 ], [ -95.722918905000682, 47.567160797307459 ], [ -95.724105302337662, 47.565854495875755 ], [ -95.725391397451617, 47.564591848789 ], [ -95.726773665245261, 47.56337632015623 ], [ -95.728248317018625, 47.562211245051778 ], [ -95.729811310853734, 47.561099820336878 ], [ -95.731458362693104, 47.560045095859287 ], [ -95.73318495808212, 47.559049966055326 ], [ -95.734986364542863, 47.558117161978068 ], [ -95.736857644545395, 47.557249243773597 ], [ -95.738793669041357, 47.556448593626691 ], [ -95.740789131522135, 47.555717409195417 ], [ -95.742838562563776, 47.555057697553231 ], [ -95.744936344818285, 47.554471269655366 ], [ -95.747076728410264, 47.553959735345288 ], [ -95.749253846697115, 47.553524498914911 ], [ -95.751461732348886, 47.553166755231352 ], [ -95.753694333704516, 47.552887486440888 ], [ -95.755945531358876, 47.552687459259445 ], [ -95.758209154935656, 47.552567222857348 ], [ -95.760479, 47.552527107344055 ], [ -95.762748845064337, 47.552567222857348 ], [ -95.765012468641117, 47.552687459259445 ], [ -95.767263666295477, 47.552887486440888 ], [ -95.769496267651107, 47.553166755231352 ], [ -95.771704153302892, 47.553524498914911 ], [ -95.773881271589744, 47.553959735345288 ], [ -95.776021655181722, 47.554471269655366 ], [ -95.778119437436217, 47.555057697553231 ], [ -95.780168868477858, 47.555717409195417 ], [ -95.782164330958636, 47.556448593626691 ], [ -95.784100355454598, 47.557249243773597 ], [ -95.78597163545713, 47.558117161978068 ], [ -95.787773041917873, 47.559049966055326 ], [ -95.789499637306903, 47.560045095859287 ], [ -95.791146689146274, 47.561099820336878 ], [ -95.792709682981368, 47.562211245051778 ], [ -95.794184334754732, 47.56337632015623 ], [ -95.795566602548377, 47.564591848789 ], [ -95.796852697662345, 47.565854495875755 ], [ -95.798039094999311, 47.567160797307459 ], [ -95.799122542726678, 47.568507169471204 ], [ -95.800100071189505, 47.56988991910697 ], [ -95.80096900105022, 47.571305253462882 ], [ -95.801726950632471, 47.572749290720772 ], [ -95.802371842449162, 47.574218070663271 ], [ -95.802901908896629, 47.575707565552619 ], [ -95.803315697099592, 47.577213691191488 ], [ -95.803612072893372, 47.578732318134861 ], [ -95.803790223932452, 47.580259283022428 ], [ -95.803849661917297, 47.5817904 ], [ -95.803790223932452, 47.58332147219862 ], [ -95.803612072893372, 47.584848303239987 ], [ -95.803315697099592, 47.586366708736342 ], [ -95.802901908896629, 47.587872527753603 ], [ -95.802371842449162, 47.589361634206163 ], [ -95.801726950632471, 47.590829948152468 ], [ -95.80096900105022, 47.592273446960355 ], [ -95.800100071189505, 47.59368817631178 ], [ -95.799122542726678, 47.595070261017163 ], [ -95.798039094999311, 47.596415915609732 ], [ -95.796852697662345, 47.597721454691325 ], [ -95.795566602548377, 47.598983303001518 ], [ -95.794184334754732, 47.60019800518284 ], [ -95.792709682981368, 47.601362235215703 ], [ -95.791146689146274, 47.602472805497683 ], [ -95.789499637306903, 47.603526675542369 ], [ -95.787773041917873, 47.604520960274776 ], [ -95.78597163545713, 47.605452937900608 ], [ -95.784100355454598, 47.60632005732856 ], [ -95.782164330958636, 47.607119945125426 ], [ -95.780168868477858, 47.607850411985574 ], [ -95.778119437436217, 47.608509458697448 ], [ -95.776021655181722, 47.609095281590903 ], [ -95.773881271589744, 47.609606277451036 ], [ -95.771704153302892, 47.610041047885296 ], [ -95.769496267651107, 47.610398403132109 ], [ -95.767263666295477, 47.610677365301022 ], [ -95.765012468641117, 47.610877171035476 ], [ -95.762748845064337, 47.610997273591401 ], [ -95.760479, 47.611037344325766 ], [ -95.758209154935656, 47.610997273591401 ], [ -95.755945531358876, 47.610877171035476 ], [ -95.753694333704516, 47.610677365301022 ], [ -95.751461732348886, 47.610398403132109 ], [ -95.749253846697115, 47.610041047885296 ], [ -95.747076728410264, 47.609606277451036 ], [ -95.744936344818285, 47.609095281590903 ], [ -95.742838562563776, 47.608509458697448 ], [ -95.740789131522135, 47.607850411985574 ], [ -95.738793669041357, 47.607119945125426 ], [ -95.736857644545395, 47.60632005732856 ], [ -95.734986364542863, 47.605452937900608 ], [ -95.73318495808212, 47.604520960274776 ], [ -95.731458362693104, 47.603526675542369 ], [ -95.729811310853734, 47.602472805497683 ], [ -95.728248317018625, 47.601362235215703 ], [ -95.726773665245261, 47.60019800518284 ], [ -95.725391397451617, 47.598983303001518 ], [ -95.724105302337662, 47.597721454691325 ], [ -95.722918905000682, 47.596415915609732 ], [ -95.721835457273329, 47.595070261017163 ], [ -95.720857928810489, 47.59368817631178 ], [ -95.719988998949788, 47.592273446960355 ], [ -95.719231049367508, 47.590829948152468 ], [ -95.718586157550831, 47.589361634206163 ], [ -95.718056091103364, 47.587872527753603 ], [ -95.717642302900387, 47.586366708736342 ], [ -95.717345927106635, 47.584848303239994 ], [ -95.717167776067555, 47.58332147219862 ], [ -95.71710833808271, 47.5817904 ] ] ] } },
{ "type": "Feature", "properties": { "facility_name": "Pope/Douglas Waste-to-Energy Facility ", "city": "Alexandria", "state": "MN" }, "geometry": { "type": "Polygon", "coordinates": [ [ [ -95.3285868380827, 45.868596 ], [ -95.328646276067545, 45.867015470112747 ], [ -95.328824427106625, 45.86543922759185 ], [ -95.329120802900405, 45.863871593360209 ], [ -95.329534591103368, 45.862316865107104 ], [ -95.330064657550835, 45.86077930549861 ], [ -95.330709549367512, 45.859263130479995 ], [ -95.331467498949777, 45.857772497702612 ], [ -95.332336428810493, 45.856311495107015 ], [ -95.333313957273319, 45.854884129693836 ], [ -95.334397405000686, 45.853494316513611 ], [ -95.335583802337652, 45.85214586790584 ], [ -95.336869897451621, 45.850842483017196 ], [ -95.338252165245251, 45.849587737628028 ], [ -95.339726817018629, 45.848385074315289 ], [ -95.341289810853723, 45.84723779297935 ], [ -95.342936862693094, 45.846149041761045 ], [ -95.34466345808211, 45.845121808374223 ], [ -95.346464864542853, 45.844158911878054 ], [ -95.348336144545399, 45.843262994912003 ], [ -95.350272169041347, 45.842436516415198 ], [ -95.352267631522139, 45.841681744850632 ], [ -95.35431706256378, 45.841000751952926 ], [ -95.356414844818275, 45.840395407017496 ], [ -95.358555228410253, 45.839867371746962 ], [ -95.360732346697105, 45.839418095669068 ], [ -95.36294023234889, 45.83904881213946 ], [ -95.36517283370452, 45.838760534939993 ], [ -95.367424031358865, 45.838554055482497 ], [ -95.36968765493566, 45.838429940625758 ], [ -95.3719575, 45.838388531111789 ], [ -95.374227345064341, 45.838429940625758 ], [ -95.376490968641122, 45.838554055482497 ], [ -95.378742166295481, 45.838760534939993 ], [ -95.380974767651111, 45.83904881213946 ], [ -95.383182653302882, 45.839418095669068 ], [ -95.385359771589734, 45.839867371746962 ], [ -95.387500155181712, 45.840395407017496 ], [ -95.389597937436221, 45.841000751952926 ], [ -95.391647368477848, 45.841681744850632 ], [ -95.39364283095864, 45.842436516415198 ], [ -95.395578855454602, 45.843262994912003 ], [ -95.397450135457134, 45.844158911878054 ], [ -95.399251541917877, 45.845121808374223 ], [ -95.400978137306893, 45.846149041761045 ], [ -95.402625189146264, 45.84723779297935 ], [ -95.404188182981358, 45.848385074315289 ], [ -95.405662834754736, 45.849587737628028 ], [ -95.407045102548381, 45.850842483017196 ], [ -95.408331197662335, 45.85214586790584 ], [ -95.409517594999315, 45.853494316513611 ], [ -95.410601042726668, 45.854884129693836 ], [ -95.411578571189509, 45.856311495107015 ], [ -95.41244750105021, 45.857772497702612 ], [ -95.413205450632475, 45.859263130479995 ], [ -95.413850342449166, 45.86077930549861 ], [ -95.414380408896633, 45.862316865107104 ], [ -95.414794197099596, 45.863871593360209 ], [ -95.415090572893362, 45.86543922759185 ], [ -95.415268723932442, 45.867015470112747 ], [ -95.415328161917287, 45.868596 ], [ -95.415268723932442, 45.870176484946505 ], [ -95.415090572893362, 45.871752593137579 ], [ -95.414794197099596, 45.873320005122075 ], [ -95.414380408896633, 45.874874425645665 ], [ -95.413850342449166, 45.876411595413849 ], [ -95.413205450632475, 45.877927302752518 ], [ -95.41244750105021, 45.879417395134332 ], [ -95.411578571189509, 45.880877790539422 ], [ -95.410601042726668, 45.88230448861966 ], [ -95.409517594999315, 45.883693581635939 ], [ -95.408331197662335, 45.885041265139058 ], [ -95.407045102548381, 45.886343848364952 ], [ -95.405662834754736, 45.887597764316503 ], [ -95.404188182981358, 45.888799579504209 ], [ -95.402625189146264, 45.889946003319949 ], [ -95.400978137306893, 45.891033897018076 ], [ -95.399251541917877, 45.892060282279893 ], [ -95.397450135457134, 45.893022349338473 ], [ -95.395578855454602, 45.893917464641845 ], [ -95.39364283095864, 45.894743178034041 ], [ -95.391647368477848, 45.895497229434746 ], [ -95.389597937436221, 45.896177554999596 ], [ -95.387500155181712, 45.896782292744575 ], [ -95.385359771589734, 45.897309787619626 ], [ -95.383182653302882, 45.897758596017646 ], [ -95.380974767651111, 45.898127489707008 ], [ -95.378742166295481, 45.898415459177016 ], [ -95.376490968641122, 45.898621716387396 ], [ -95.374227345064341, 45.898745696914339 ], [ -95.3719575, 45.898787061487589 ], [ -95.36968765493566, 45.898745696914339 ], [ -95.367424031358865, 45.898621716387396 ], [ -95.36517283370452, 45.898415459177016 ], [ -95.36294023234889, 45.898127489707008 ], [ -95.360732346697105, 45.897758596017646 ], [ -95.358555228410253, 45.897309787619626 ], [ -95.356414844818275, 45.896782292744575 ], [ -95.35431706256378, 45.896177554999596 ], [ -95.352267631522139, 45.895497229434746 ], [ -95.350272169041347, 45.894743178034041 ], [ -95.348336144545399, 45.893917464641845 ], [ -95.346464864542853, 45.893022349338473 ], [ -95.34466345808211, 45.892060282279893 ], [ -95.342936862693094, 45.891033897018076 ], [ -95.341289810853723, 45.889946003319949 ], [ -95.339726817018629, 45.888799579504209 ], [ -95.338252165245251, 45.887597764316503 ], [ -95.336869897451621, 45.886343848364952 ], [ -95.335583802337652, 45.885041265139058 ], [ -95.334397405000686, 45.883693581635939 ], [ -95.333313957273319, 45.88230448861966 ], [ -95.332336428810493, 45.880877790539422 ], [ -95.331467498949777, 45.879417395134332 ], [ -95.330709549367512, 45.877927302752518 ], [ -95.330064657550835, 45.876411595413849 ], [ -95.329534591103368, 45.874874425645665 ], [ -95.329120802900405, 45.873320005122075 ], [ -95.328824427106625, 45.871752593137586 ], [ -95.328646276067545, 45.870176484946505 ], [ -95.3285868380827, 45.868596 ] ] ] } },
{ "type": "Feature", "properties": { "facility_name": "Xcel Energy - Red Wing Steam Plant", "city": "Red Wing", "state": "MN" }, "geometry": { "type": "Polygon", "coordinates": [ [ [ -92.473616338082707, 44.569187899999989 ], [ -92.473675776067537, 44.567570831858951 ], [ -92.473853927106632, 44.56595815121765 ], [ -92.474150302900398, 44.56435427887368 ], [ -92.47456409110336, 44.562763611842875 ], [ -92.475094157550828, 44.561190511297546 ], [ -92.475739049367519, 44.559639290598845 ], [ -92.476496998949784, 44.558114203456618 ], [ -92.477365928810485, 44.556619432249278 ], [ -92.478343457273326, 44.555159076535787 ], [ -92.479426905000679, 44.553737141791771 ], [ -92.480613302337659, 44.552357528400734 ], [ -92.481899397451613, 44.551024020930946 ], [ -92.483281665245258, 44.549740277727764 ], [ -92.484756317018636, 44.548509820850271 ], [ -92.486319310853716, 44.547336026380222 ], [ -92.487966362693101, 44.546222115130256 ], [ -92.489692958082117, 44.54517114377726 ], [ -92.491494364542845, 44.544185996445606 ], [ -92.493365644545392, 44.543269376763853 ], [ -92.495301669041353, 44.54242380041687 ], [ -92.497297131522146, 44.541651588214471 ], [ -92.499346562563773, 44.540954859695788 ], [ -92.501444344818282, 44.540335527287354 ], [ -92.50358472841026, 44.539795291031176 ], [ -92.505761846697112, 44.539335633897778 ], [ -92.507969732348883, 44.538957817697103 ], [ -92.510202333704513, 44.538662879598967 ], [ -92.512453531358872, 44.538451629272629 ], [ -92.514717154935653, 44.538324646653777 ], [ -92.516987, 44.538282280344909 ], [ -92.519256845064319, 44.538324646653777 ], [ -92.521520468641114, 44.538451629272629 ], [ -92.523771666295474, 44.538662879598967 ], [ -92.526004267651103, 44.538957817697103 ], [ -92.528212153302889, 44.539335633897778 ], [ -92.53038927158974, 44.539795291031176 ], [ -92.532529655181719, 44.540335527287354 ], [ -92.534627437436214, 44.540954859695788 ], [ -92.536676868477855, 44.541651588214471 ], [ -92.538672330958647, 44.54242380041687 ], [ -92.54060835545458, 44.543269376763853 ], [ -92.542479635457141, 44.544185996445606 ], [ -92.544281041917884, 44.54517114377726 ], [ -92.5460076373069, 44.546222115130256 ], [ -92.54765468914627, 44.547336026380222 ], [ -92.549217682981364, 44.548509820850271 ], [ -92.550692334754743, 44.549740277727764 ], [ -92.552074602548373, 44.551024020930946 ], [ -92.553360697662342, 44.552357528400734 ], [ -92.554547094999307, 44.553737141791771 ], [ -92.555630542726675, 44.555159076535787 ], [ -92.556608071189487, 44.556619432249278 ], [ -92.557477001050216, 44.558114203456618 ], [ -92.558234950632468, 44.559639290598845 ], [ -92.558879842449159, 44.561190511297546 ], [ -92.559409908896626, 44.562763611842875 ], [ -92.559823697099588, 44.56435427887368 ], [ -92.560120072893355, 44.56595815121765 ], [ -92.560298223932449, 44.567570831858951 ], [ -92.560357661917294, 44.569187899999989 ], [ -92.560298223932449, 44.570804923184724 ], [ -92.560120072893355, 44.572417469449626 ], [ -92.559823697099588, 44.5740211194694 ], [ -92.559409908896626, 44.575611478663994 ], [ -92.558879842449159, 44.577184189233854 ], [ -92.558234950632468, 44.578734942090477 ], [ -92.557477001050216, 44.58025948864978 ], [ -92.556608071189487, 44.581753652456101 ], [ -92.555630542726675, 44.58321334060529 ], [ -92.554547094999307, 44.584634554935697 ], [ -92.553360697662342, 44.586013402956809 ], [ -92.552074602548373, 44.587346108485931 ], [ -92.550692334754743, 44.588629021963932 ], [ -92.549217682981364, 44.589858630422363 ], [ -92.54765468914627, 44.591031567074914 ], [ -92.5460076373069, 44.592144620507419 ], [ -92.544281041917884, 44.59319474344138 ], [ -92.542479635457141, 44.594179061047882 ], [ -92.54060835545458, 44.595094878789027 ], [ -92.538672330958647, 44.595939689766169 ], [ -92.536676868477855, 44.596711181555023 ], [ -92.534627437436214, 44.597407242509476 ], [ -92.532529655181719, 44.598025967516975 ], [ -92.53038927158974, 44.598565663190321 ], [ -92.528212153302889, 44.599024852481705 ], [ -92.526004267651103, 44.599402278706982 ], [ -92.523771666295474, 44.59969690896898 ], [ -92.521520468641114, 44.59990793697115 ], [ -92.519256845064319, 44.60003478521363 ], [ -92.516987, 44.600077106566204 ], [ -92.514717154935653, 44.60003478521363 ], [ -92.512453531358872, 44.59990793697115 ], [ -92.510202333704513, 44.59969690896898 ], [ -92.507969732348883, 44.599402278706982 ], [ -92.505761846697112, 44.599024852481705 ], [ -92.50358472841026, 44.598565663190321 ], [ -92.501444344818282, 44.598025967516975 ], [ -92.499346562563773, 44.597407242509476 ], [ -92.497297131522146, 44.596711181555023 ], [ -92.495301669041353, 44.595939689766169 ], [ -92.493365644545392, 44.595094878789027 ], [ -92.491494364542845, 44.594179061047882 ], [ -92.489692958082117, 44.59319474344138 ], [ -92.487966362693101, 44.592144620507419 ], [ -92.486319310853716, 44.591031567074914 ], [ -92.484756317018636, 44.589858630422363 ], [ -92.483281665245258, 44.588629021963932 ], [ -92.481899397451613, 44.587346108485931 ], [ -92.480613302337659, 44.586013402956809 ], [ -92.479426905000679, 44.584634554935697 ], [ -92.478343457273326, 44.58321334060529 ], [ -92.477365928810485, 44.581753652456101 ], [ -92.476496998949784, 44.58025948864978 ], [ -92.475739049367519, 44.578734942090477 ], [ -92.475094157550828, 44.577184189233854 ], [ -92.47456409110336, 44.575611478663994 ], [ -92.474150302900398, 44.5740211194694 ], [ -92.473853927106632, 44.572417469449633 ], [ -92.473675776067537, 44.570804923184724 ], [ -92.473616338082707, 44.569187899999989 ] ] ] } },
{ "type": "Feature", "properties": { "facility_name": "Xcel Energy - Wilmarth Plant", "city": "Mankato", "state": "MN" }, "geometry": { "type": "Polygon", "coordinates": [ [ [ -93.967745438082702, 44.2007144 ], [ -93.967804876067532, 44.199087121254919 ], [ -93.967983027106627, 44.197464258008551 ], [ -93.968279402900393, 44.195850258968143 ], [ -93.968693191103355, 44.194249548905908 ], [ -93.969223257550823, 44.192666516521072 ], [ -93.9698681493675, 44.191105502396837 ], [ -93.970626098949779, 44.189570787085671 ], [ -93.97149502881048, 44.1880665793555 ], [ -93.972472557273321, 44.186597004629476 ], [ -93.973556005000674, 44.185166093651169 ], [ -93.974742402337654, 44.183777771406476 ], [ -93.976028497451608, 44.182435846333171 ], [ -93.977410765245253, 44.181143999847755 ], [ -93.978885417018617, 44.179905776218895 ], [ -93.980448410853725, 44.178724572815483 ], [ -93.982095462693081, 44.177603630756536 ], [ -93.983822058082112, 44.176546025988912 ], [ -93.985623464542854, 44.175554660817717 ], [ -93.987494744545387, 44.174632255913203 ], [ -93.989430769041348, 44.173781342816177 ], [ -93.991426231522126, 44.173004256963246 ], [ -93.993475662563768, 44.172303131251006 ], [ -93.995573444818277, 44.171679890157591 ], [ -93.997713828410255, 44.171136244437747 ], [ -93.999890946697107, 44.170673686406445 ], [ -94.002098832348878, 44.170293485824246 ], [ -94.004331433704508, 44.169996686395905 ], [ -94.006582631358867, 44.169784102892102 ], [ -94.008846254935648, 44.169656318902412 ], [ -94.011116099999981, 44.169613685225677 ], [ -94.013385945064329, 44.169656318902412 ], [ -94.015649568641109, 44.169784102892102 ], [ -94.017900766295469, 44.169996686395905 ], [ -94.020133367651098, 44.170293485824246 ], [ -94.022341253302884, 44.170673686406445 ], [ -94.024518371589735, 44.171136244437747 ], [ -94.0266587551817, 44.171679890157591 ], [ -94.028756537436209, 44.172303131251006 ], [ -94.03080596847785, 44.173004256963246 ], [ -94.032801430958628, 44.173781342816177 ], [ -94.034737455454589, 44.174632255913203 ], [ -94.036608735457122, 44.175554660817717 ], [ -94.038410141917865, 44.176546025988912 ], [ -94.040136737306895, 44.177603630756536 ], [ -94.041783789146265, 44.178724572815483 ], [ -94.043346782981359, 44.179905776218895 ], [ -94.044821434754724, 44.181143999847755 ], [ -94.046203702548368, 44.182435846333171 ], [ -94.047489797662337, 44.183777771406476 ], [ -94.048676194999302, 44.185166093651169 ], [ -94.04975964272667, 44.186597004629476 ], [ -94.050737171189496, 44.1880665793555 ], [ -94.051606101050211, 44.189570787085671 ], [ -94.052364050632477, 44.191105502396837 ], [ -94.053008942449154, 44.192666516521072 ], [ -94.053539008896621, 44.194249548905908 ], [ -94.053952797099583, 44.195850258968143 ], [ -94.054249172893364, 44.197464258008551 ], [ -94.054427323932444, 44.199087121254919 ], [ -94.054486761917289, 44.2007144 ], [ -94.054427323932444, 44.202341633801183 ], [ -94.054249172893364, 44.20396436270827 ], [ -94.053952797099583, 44.205578139485858 ], [ -94.053539008896621, 44.207178541796907 ], [ -94.053008942449154, 44.208761184313971 ], [ -94.052364050632477, 44.210321730725312 ], [ -94.051606101050211, 44.211855905602846 ], [ -94.050737171189496, 44.213359506099728 ], [ -94.04975964272667, 44.214828413445787 ], [ -94.048676194999302, 44.216258604209422 ], [ -94.047489797662337, 44.217646161295562 ], [ -94.046203702548368, 44.218987284649657 ], [ -94.044821434754724, 44.220278301639013 ], [ -94.043346782981359, 44.221515677083097 ], [ -94.041783789146265, 44.222696022905915 ], [ -94.040136737306895, 44.223816107384266 ], [ -94.038410141917865, 44.224872863967157 ], [ -94.036608735457122, 44.225863399642328 ], [ -94.034737455454589, 44.22678500282769 ], [ -94.032801430958628, 44.227635150766218 ], [ -94.03080596847785, 44.228411516404563 ], [ -94.028756537436209, 44.229111974736931 ], [ -94.0266587551817, 44.229734608597148 ], [ -94.024518371589735, 44.230277713883432 ], [ -94.022341253302884, 44.230739804201917 ], [ -94.020133367651098, 44.231119614916416 ], [ -94.017900766295469, 44.23141610659362 ], [ -94.015649568641109, 44.231628467834646 ], [ -94.013385945064329, 44.231756117485084 ], [ -94.011116099999981, 44.231798706217937 ], [ -94.008846254935648, 44.231756117485084 ], [ -94.006582631358867, 44.231628467834646 ], [ -94.004331433704508, 44.23141610659362 ], [ -94.002098832348878, 44.231119614916416 ], [ -93.999890946697107, 44.230739804201917 ], [ -93.997713828410255, 44.230277713883432 ], [ -93.995573444818277, 44.229734608597148 ], [ -93.993475662563768, 44.229111974736931 ], [ -93.991426231522126, 44.228411516404563 ], [ -93.989430769041348, 44.227635150766218 ], [ -93.987494744545387, 44.22678500282769 ], [ -93.985623464542854, 44.225863399642328 ], [ -93.983822058082112, 44.224872863967157 ], [ -93.982095462693081, 44.223816107384266 ], [ -93.980448410853725, 44.222696022905915 ], [ -93.978885417018617, 44.221515677083097 ], [ -93.977410765245253, 44.220278301639013 ], [ -93.976028497451608, 44.218987284649657 ], [ -93.974742402337654, 44.217646161295562 ], [ -93.973556005000674, 44.216258604209422 ], [ -93.972472557273321, 44.214828413445787 ], [ -93.97149502881048, 44.213359506099728 ], [ -93.970626098949779, 44.211855905602846 ], [ -93.9698681493675, 44.210321730725312 ], [ -93.969223257550823, 44.208761184313971 ], [ -93.968693191103355, 44.207178541796907 ], [ -93.968279402900393, 44.205578139485858 ], [ -93.967983027106627, 44.20396436270827 ], [ -93.967804876067532, 44.202341633801183 ], [ -93.967745438082702, 44.2007144 ] ] ] } },
{ "type": "Feature", "properties": { "facility_name": "Wheelabrator Concord", "city": "Penacook", "state": "NH" }, "geometry": { "type": "Polygon", "coordinates": [ [ [ -71.533322338082712, 43.2866782 ], [ -71.533381776067543, 43.285025884254743 ], [ -71.533559927106637, 43.283378052695582 ], [ -71.533856302900404, 43.28173922246549 ], [ -71.534270091103366, 43.280113886396052 ], [ -71.534800157550833, 43.278506500682951 ], [ -71.535445049367539, 43.276921472658003 ], [ -71.53620299894979, 43.275363148691476 ], [ -71.537071928810519, 43.273835802257928 ], [ -71.538049457273331, 43.272343622198605 ], [ -71.539132905000685, 43.27089070121292 ], [ -71.54031930233765, 43.269481024610542 ], [ -71.541605397451619, 43.268118459355648 ], [ -71.542987665245263, 43.266806743433406 ], [ -71.544462317018628, 43.265549475568449 ], [ -71.546025310853736, 43.264350105323658 ], [ -71.547672362693092, 43.263211923607123 ], [ -71.549398958082122, 43.262138053613413 ], [ -71.551200364542865, 43.261131442224546 ], [ -71.553071644545412, 43.260194851894752 ], [ -71.555007669041359, 43.259330853041405 ], [ -71.557003131522123, 43.258541816963778 ], [ -71.559052562563778, 43.257829909308981 ], [ -71.561150344818273, 43.257197084103808 ], [ -71.563290728410266, 43.256645078368798 ], [ -71.565467846697103, 43.25617540732997 ], [ -71.567675732348889, 43.255789360241394 ], [ -71.569908333704532, 43.255487996830404 ], [ -71.572159531358892, 43.255272144375411 ], [ -71.574423154935673, 43.255142395424663 ], [ -71.576693, 43.255099106162014 ], [ -71.578962845064325, 43.255142395424663 ], [ -71.581226468641105, 43.255272144375411 ], [ -71.583477666295465, 43.255487996830404 ], [ -71.585710267651109, 43.255789360241394 ], [ -71.587918153302894, 43.25617540732997 ], [ -71.590095271589732, 43.256645078368798 ], [ -71.592235655181724, 43.257197084103808 ], [ -71.594333437436205, 43.257829909308981 ], [ -71.59638286847786, 43.258541816963778 ], [ -71.598378330958639, 43.259330853041405 ], [ -71.6003143554546, 43.260194851894752 ], [ -71.602185635457147, 43.261131442224546 ], [ -71.603987041917875, 43.262138053613413 ], [ -71.605713637306891, 43.263211923607123 ], [ -71.607360689146276, 43.264350105323658 ], [ -71.60892368298137, 43.265549475568449 ], [ -71.610398334754734, 43.266806743433406 ], [ -71.611780602548393, 43.268118459355648 ], [ -71.613066697662333, 43.269481024610542 ], [ -71.614253094999327, 43.27089070121292 ], [ -71.615336542726681, 43.272343622198605 ], [ -71.616314071189493, 43.273835802257928 ], [ -71.617183001050208, 43.275363148691476 ], [ -71.617940950632473, 43.276921472658003 ], [ -71.618585842449164, 43.278506500682951 ], [ -71.619115908896632, 43.280113886396052 ], [ -71.619529697099608, 43.28173922246549 ], [ -71.61982607289336, 43.283378052695582 ], [ -71.620004223932469, 43.285025884254743 ], [ -71.620063661917285, 43.2866782 ], [ -71.620004223932469, 43.288330470864246 ], [ -71.61982607289336, 43.289978168272079 ], [ -71.619529697099608, 43.291616776550349 ], [ -71.619115908896632, 43.293241805299218 ], [ -71.618585842449164, 43.294848801690051 ], [ -71.617940950632473, 43.296433362656529 ], [ -71.617183001050208, 43.297991146945598 ], [ -71.616314071189493, 43.299517886995524 ], [ -71.615336542726681, 43.301009400608692 ], [ -71.614253094999327, 43.302461602387439 ], [ -71.613066697662333, 43.303870514901881 ], [ -71.611780602548393, 43.305232279559348 ], [ -71.610398334754734, 43.306543167146174 ], [ -71.60892368298137, 43.307799588013161 ], [ -71.607360689146276, 43.308998101877286 ], [ -71.605713637306891, 43.310135427213176 ], [ -71.603987041917875, 43.311208450208937 ], [ -71.602185635457147, 43.312214233262438 ], [ -71.6003143554546, 43.313150022994868 ], [ -71.598378330958639, 43.314013257760351 ], [ -71.59638286847786, 43.314801574631119 ], [ -71.594333437436205, 43.315512815839845 ], [ -71.592235655181724, 43.316145034661474 ], [ -71.590095271589732, 43.316696500719118 ], [ -71.587918153302894, 43.317165704699569 ], [ -71.585710267651109, 43.317551362465949 ], [ -71.583477666295465, 43.317852418556427 ], [ -71.58122646864112, 43.31806804905964 ], [ -71.578962845064325, 43.318197663859095 ], [ -71.576693, 43.318240908240746 ], [ -71.574423154935673, 43.318197663859095 ], [ -71.572159531358892, 43.31806804905964 ], [ -71.569908333704532, 43.317852418556427 ], [ -71.567675732348889, 43.317551362465949 ], [ -71.565467846697103, 43.317165704699569 ], [ -71.563290728410266, 43.316696500719118 ], [ -71.561150344818273, 43.316145034661474 ], [ -71.559052562563778, 43.315512815839845 ], [ -71.557003131522123, 43.314801574631119 ], [ -71.555007669041359, 43.314013257760351 ], [ -71.553071644545412, 43.313150022994868 ], [ -71.551200364542865, 43.312214233262438 ], [ -71.549398958082122, 43.311208450208937 ], [ -71.547672362693092, 43.310135427213176 ], [ -71.546025310853736, 43.308998101877286 ], [ -71.544462317018628, 43.307799588013161 ], [ -71.542987665245263, 43.306543167146174 ], [ -71.541605397451619, 43.305232279559348 ], [ -71.54031930233765, 43.303870514901881 ], [ -71.539132905000685, 43.302461602387439 ], [ -71.538049457273331, 43.301009400608692 ], [ -71.537071928810519, 43.299517886995524 ], [ -71.53620299894979, 43.297991146945598 ], [ -71.535445049367539, 43.296433362656529 ], [ -71.534800157550833, 43.294848801690051 ], [ -71.534270091103366, 43.293241805299218 ], [ -71.533856302900404, 43.291616776550349 ], [ -71.533559927106637, 43.289978168272079 ], [ -71.533381776067543, 43.288330470864246 ], [ -71.533322338082712, 43.2866782 ] ] ] } },
{ "type": "Feature", "properties": { "facility_name": "Covanta Camden Energy Recovery Center ", "city": "Camden ", "state": "NJ" }, "geometry": { "type": "Polygon", "coordinates": [ [ [ -75.072582238082703, 39.9095881 ], [ -75.072641676067533, 39.907846975515632 ], [ -75.072819827106628, 39.906110579261231 ], [ -75.073116202900394, 39.904383671122055 ], [ -75.073529991103356, 39.902670985332676 ], [ -75.074060057550838, 39.900977217490897 ], [ -75.074704949367515, 39.899307011673869 ], [ -75.075462898949795, 39.897664947691624 ], [ -75.076331828810495, 39.896055528513465 ], [ -75.077309357273322, 39.894483167901633 ], [ -75.078392805000675, 39.892952178286649 ], [ -75.079579202337655, 39.891466758917602 ], [ -75.080865297451609, 39.890030984320397 ], [ -75.082247565245254, 39.888648793095875 ], [ -75.083722217018632, 39.887323977088862 ], [ -75.085285210853741, 39.886060170958217 ], [ -75.086932262693097, 39.884860842176884 ], [ -75.088658858082113, 39.883729281489856 ], [ -75.090460264542855, 39.882668593856415 ], [ -75.092331544545402, 39.881681689902138 ], [ -75.094267569041349, 39.880771277904238 ], [ -75.096263031522128, 39.879939856332996 ], [ -75.098312462563783, 39.879189706969562 ], [ -75.100410244818264, 39.878522888620019 ], [ -75.102550628410256, 39.877941231442598 ], [ -75.104727746697094, 39.877446331904601 ], [ -75.106935632348879, 39.877039548382577 ], [ -75.109168233704523, 39.876721997418414 ], [ -75.111419431358868, 39.876494550641681 ], [ -75.113683054935663, 39.876357832366956 ], [ -75.115952899999982, 39.876312217872751 ], [ -75.11822274506433, 39.876357832366956 ], [ -75.12048636864111, 39.876494550641681 ], [ -75.12273756629547, 39.876721997418414 ], [ -75.124970167651099, 39.877039548382577 ], [ -75.127178053302899, 39.877446331904601 ], [ -75.129355171589737, 39.877941231442598 ], [ -75.131495555181715, 39.878522888620019 ], [ -75.13359333743621, 39.879189706969562 ], [ -75.135642768477865, 39.879939856332996 ], [ -75.137638230958643, 39.880771277904238 ], [ -75.13957425545459, 39.881681689902138 ], [ -75.141445535457137, 39.882668593856415 ], [ -75.14324694191788, 39.883729281489856 ], [ -75.144973537306896, 39.884860842176884 ], [ -75.146620589146252, 39.886060170958217 ], [ -75.14818358298136, 39.887323977088862 ], [ -75.149658234754739, 39.888648793095875 ], [ -75.151040502548369, 39.890030984320397 ], [ -75.152326597662338, 39.891466758917602 ], [ -75.153512994999318, 39.892952178286649 ], [ -75.154596442726657, 39.894483167901633 ], [ -75.155573971189497, 39.896055528513465 ], [ -75.156442901050198, 39.897664947691624 ], [ -75.157200850632464, 39.899307011673869 ], [ -75.157845742449155, 39.900977217490897 ], [ -75.158375808896636, 39.902670985332676 ], [ -75.158789597099585, 39.904383671122055 ], [ -75.159085972893365, 39.906110579261231 ], [ -75.159264123932459, 39.907846975515632 ], [ -75.15932356191729, 39.9095881 ], [ -75.159264123932459, 39.911329180230901 ], [ -75.159085972893365, 39.913065444209728 ], [ -75.158789597099585, 39.914792133500484 ], [ -75.158375808896636, 39.91650451626635 ], [ -75.157845742449155, 39.91819790022948 ], [ -75.157200850632464, 39.919867645518607 ], [ -75.156442901050198, 39.921509177369344 ], [ -75.155573971189497, 39.923117998642525 ], [ -75.154596442726657, 39.924689702126663 ], [ -75.153512994999318, 39.926219982590901 ], [ -75.152326597662338, 39.927704648555746 ], [ -75.151040502548369, 39.929139633749742 ], [ -75.149658234754739, 39.9305210082209 ], [ -75.14818358298136, 39.931844989072943 ], [ -75.146620589146252, 39.933107950797137 ], [ -75.144973537306896, 39.934306435172026 ], [ -75.14324694191788, 39.935437160704112 ], [ -75.141445535457137, 39.936497031584253 ], [ -75.13957425545459, 39.937483146135392 ], [ -75.137638230958643, 39.938392804729155 ], [ -75.135642768477865, 39.939223517149749 ], [ -75.13359333743621, 39.939973009385589 ], [ -75.131495555181715, 39.940639229830268 ], [ -75.129355171589737, 39.941220354876279 ], [ -75.127178053302899, 39.941714793886469 ], [ -75.124970167651099, 39.942121193529928 ], [ -75.12273756629547, 39.942438441470628 ], [ -75.120486368641124, 39.942665669398998 ], [ -75.11822274506433, 39.942802255398185 ], [ -75.115952899999982, 39.942847825638935 ], [ -75.113683054935663, 39.942802255398185 ], [ -75.111419431358883, 39.942665669398998 ], [ -75.109168233704523, 39.942438441470628 ], [ -75.106935632348879, 39.942121193529928 ], [ -75.104727746697094, 39.941714793886469 ], [ -75.102550628410256, 39.941220354876279 ], [ -75.100410244818264, 39.940639229830268 ], [ -75.098312462563783, 39.939973009385589 ], [ -75.096263031522128, 39.939223517149749 ], [ -75.094267569041349, 39.938392804729155 ], [ -75.092331544545402, 39.937483146135392 ], [ -75.090460264542855, 39.936497031584253 ], [ -75.088658858082113, 39.935437160704112 ], [ -75.086932262693097, 39.934306435172026 ], [ -75.085285210853741, 39.933107950797137 ], [ -75.083722217018632, 39.931844989072943 ], [ -75.082247565245254, 39.9305210082209 ], [ -75.080865297451609, 39.929139633749742 ], [ -75.079579202337655, 39.927704648555746 ], [ -75.078392805000675, 39.926219982590901 ], [ -75.077309357273322, 39.924689702126663 ], [ -75.076331828810495, 39.923117998642525 ], [ -75.075462898949795, 39.921509177369344 ], [ -75.074704949367515, 39.919867645518607 ], [ -75.074060057550838, 39.91819790022948 ], [ -75.073529991103356, 39.91650451626635 ], [ -75.073116202900394, 39.914792133500484 ], [ -75.072819827106628, 39.913065444209728 ], [ -75.072641676067533, 39.911329180230901 ], [ -75.072582238082703, 39.9095881 ] ] ] } },
{ "type": "Feature", "properties": { "facility_name": "Essex County Resource Recovery Facility", "city": "Newark", "state": "NJ" }, "geometry": { "type": "Polygon", "coordinates": [ [ [ -74.08138823808271, 40.7370485 ], [ -74.08144767606754, 40.735328587746437 ], [ -74.081625827106635, 40.733613345371332 ], [ -74.081922202900415, 40.731907474781138 ], [ -74.082335991103363, 40.730215652552154 ], [ -74.082866057550845, 40.728542517102518 ], [ -74.083510949367536, 40.726892655964839 ], [ -74.084268898949801, 40.7252705931948 ], [ -74.085137828810502, 40.723680776950147 ], [ -74.086115357273343, 40.722127567274519 ], [ -74.087198805000682, 40.720615224119911 ], [ -74.088385202337662, 40.719147895640639 ], [ -74.08967129745163, 40.717729606791508 ], [ -74.091053565245261, 40.71636424826162 ], [ -74.092528217018639, 40.715055565774605 ], [ -74.094091210853747, 40.713807149784827 ], [ -74.095738262693104, 40.712622425598568 ], [ -74.09746485808212, 40.711504643947208 ], [ -74.099266264542862, 40.710456872039096 ], [ -74.101137544545409, 40.709481985114778 ], [ -74.103073569041356, 40.708582658529174 ], [ -74.105069031522135, 40.70776136038306 ], [ -74.10711846256379, 40.707020344723965 ], [ -74.109216244818285, 40.706361645336038 ], [ -74.111356628410263, 40.705787070135841 ], [ -74.113533746697101, 40.705298196189943 ], [ -74.1157416323489, 40.704896365368256 ], [ -74.11797423370453, 40.704582680645217 ], [ -74.120225431358875, 40.704358003059276 ], [ -74.12248905493567, 40.704222949339183 ], [ -74.124758900000018, 40.704177890203631 ], [ -74.127028745064337, 40.704222949339183 ], [ -74.129292368641131, 40.704358003059276 ], [ -74.131543566295477, 40.704582680645217 ], [ -74.133776167651121, 40.704896365368256 ], [ -74.135984053302906, 40.705298196189943 ], [ -74.138161171589744, 40.705787070135841 ], [ -74.140301555181736, 40.706361645336038 ], [ -74.142399337436217, 40.707020344723965 ], [ -74.144448768477872, 40.70776136038306 ], [ -74.14644423095865, 40.708582658529174 ], [ -74.148380255454612, 40.709481985114778 ], [ -74.150251535457144, 40.710456872039096 ], [ -74.152052941917887, 40.711504643947208 ], [ -74.153779537306903, 40.712622425598568 ], [ -74.155426589146259, 40.713807149784827 ], [ -74.156989582981367, 40.715055565774605 ], [ -74.158464234754746, 40.71636424826162 ], [ -74.15984650254839, 40.717729606791508 ], [ -74.161132597662345, 40.719147895640639 ], [ -74.162318994999325, 40.720615224119911 ], [ -74.163402442726678, 40.722127567274519 ], [ -74.164379971189504, 40.723680776950147 ], [ -74.165248901050219, 40.7252705931948 ], [ -74.166006850632485, 40.726892655964839 ], [ -74.166651742449162, 40.728542517102518 ], [ -74.167181808896643, 40.730215652552154 ], [ -74.167595597099606, 40.731907474781138 ], [ -74.167891972893372, 40.733613345371332 ], [ -74.168070123932466, 40.735328587746437 ], [ -74.168129561917297, 40.7370485 ], [ -74.168070123932466, 40.738768367789021 ], [ -74.167891972893372, 40.740483477257705 ], [ -74.167595597099606, 40.742189127955754 ], [ -74.167181808896643, 40.743880645716033 ], [ -74.166651742449162, 40.745553395456234 ], [ -74.166006850632485, 40.747202793869654 ], [ -74.165248901050219, 40.748824321970325 ], [ -74.164379971189504, 40.750413537458471 ], [ -74.163402442726678, 40.751966086872436 ], [ -74.162318994999325, 40.753477717494199 ], [ -74.161132597662345, 40.754944288976127 ], [ -74.15984650254839, 40.756361784657209 ], [ -74.158464234754746, 40.757726322538467 ], [ -74.156989582981367, 40.759034165887485 ], [ -74.155426589146259, 40.760281733443648 ], [ -74.153779537306903, 40.761465609196321 ], [ -74.152052941917887, 40.762582551709706 ], [ -74.150251535457144, 40.763629502969245 ], [ -74.148380255454612, 40.764603596725586 ], [ -74.14644423095865, 40.765502166313908 ], [ -74.144448768477872, 40.766322751927277 ], [ -74.142399337436217, 40.767063107324809 ], [ -74.140301555181736, 40.767721205956313 ], [ -74.138161171589744, 40.768295246487241 ], [ -74.135984053302906, 40.76878365770898 ], [ -74.133776167651121, 40.769185102821318 ], [ -74.131543566295477, 40.769498483075722 ], [ -74.129292368641131, 40.769722940769554 ], [ -74.127028745064337, 40.769857861583262 ], [ -74.124758900000018, 40.769902876254292 ], [ -74.12248905493567, 40.769857861583262 ], [ -74.12022543135889, 40.769722940769554 ], [ -74.11797423370453, 40.769498483075722 ], [ -74.1157416323489, 40.769185102821318 ], [ -74.113533746697101, 40.76878365770898 ], [ -74.111356628410263, 40.768295246487241 ], [ -74.109216244818285, 40.767721205956313 ], [ -74.10711846256379, 40.767063107324809 ], [ -74.105069031522135, 40.766322751927277 ], [ -74.103073569041356, 40.765502166313908 ], [ -74.101137544545409, 40.764603596725586 ], [ -74.099266264542862, 40.763629502969245 ], [ -74.09746485808212, 40.762582551709706 ], [ -74.095738262693104, 40.761465609196321 ], [ -74.094091210853747, 40.760281733443648 ], [ -74.092528217018639, 40.759034165887485 ], [ -74.091053565245261, 40.757726322538467 ], [ -74.08967129745163, 40.756361784657209 ], [ -74.088385202337662, 40.754944288976127 ], [ -74.087198805000682, 40.753477717494199 ], [ -74.086115357273343, 40.751966086872436 ], [ -74.085137828810502, 40.750413537458471 ], [ -74.084268898949801, 40.748824321970325 ], [ -74.083510949367536, 40.747202793869654 ], [ -74.082866057550845, 40.745553395456234 ], [ -74.082335991103363, 40.743880645716033 ], [ -74.081922202900415, 40.742189127955754 ], [ -74.081625827106635, 40.740483477257712 ], [ -74.08144767606754, 40.738768367789021 ], [ -74.08138823808271, 40.7370485 ] ] ] } },
{ "type": "Feature", "properties": { "facility_name": "Union County Resource Recovery Facility", "city": "Rahway", "state": "NJ" }, "geometry": { "type": "Polygon", "coordinates": [ [ [ -74.2226125380827, 40.6009521 ], [ -74.222671976067531, 40.599228674101013 ], [ -74.222850127106625, 40.597509927743182 ], [ -74.223146502900406, 40.595800572436758 ], [ -74.223560291103354, 40.594105294308768 ], [ -74.224090357550836, 40.592428741248838 ], [ -74.224735249367512, 40.590775510155872 ], [ -74.225493198949792, 40.589150134321002 ], [ -74.226362128810493, 40.587557070981255 ], [ -74.227339657273319, 40.586000689078574 ], [ -74.228423105000672, 40.584485257257839 ], [ -74.229609502337652, 40.583014932137068 ], [ -74.230895597451621, 40.581593746882405 ], [ -74.232277865245251, 40.580225600119434 ], [ -74.23375251701863, 40.578914245211699 ], [ -74.235315510853738, 40.577663279935983 ], [ -74.236962562693094, 40.576476136583437 ], [ -74.23868915808211, 40.575356072513706 ], [ -74.240490564542853, 40.574306161188559 ], [ -74.2423618445454, 40.573329283710095 ], [ -74.244297869041347, 40.57242812088684 ], [ -74.246293331522125, 40.571605145850292 ], [ -74.24834276256378, 40.570862617242085 ], [ -74.250440544818261, 40.570202572991313 ], [ -74.252580928410254, 40.569626824698886 ], [ -74.254758046697091, 40.569136952645131 ], [ -74.256965932348876, 40.56873430143434 ], [ -74.25919853370452, 40.568419976288425 ], [ -74.261449731358866, 40.568194840000281 ], [ -74.263713354935661, 40.568059510555251 ], [ -74.2659832, 40.568014359427387 ], [ -74.268253045064327, 40.568059510555251 ], [ -74.270516668641108, 40.568194840000281 ], [ -74.272767866295467, 40.568419976288425 ], [ -74.275000467651111, 40.56873430143434 ], [ -74.277208353302896, 40.569136952645131 ], [ -74.279385471589734, 40.569626824698886 ], [ -74.281525855181712, 40.570202572991313 ], [ -74.283623637436207, 40.570862617242085 ], [ -74.285673068477863, 40.571605145850292 ], [ -74.287668530958641, 40.57242812088684 ], [ -74.289604555454588, 40.573329283710095 ], [ -74.291475835457135, 40.574306161188559 ], [ -74.293277241917878, 40.575356072513706 ], [ -74.295003837306894, 40.576476136583437 ], [ -74.29665088914625, 40.577663279935983 ], [ -74.298213882981358, 40.578914245211699 ], [ -74.299688534754736, 40.580225600119434 ], [ -74.301070802548381, 40.581593746882405 ], [ -74.302356897662335, 40.583014932137068 ], [ -74.303543294999315, 40.584485257257839 ], [ -74.304626742726654, 40.586000689078574 ], [ -74.305604271189495, 40.587557070981255 ], [ -74.306473201050196, 40.589150134321002 ], [ -74.307231150632475, 40.590775510155872 ], [ -74.307876042449152, 40.592428741248838 ], [ -74.308406108896634, 40.594105294308768 ], [ -74.308819897099596, 40.595800572436758 ], [ -74.309116272893363, 40.597509927743182 ], [ -74.309294423932457, 40.599228674101013 ], [ -74.309353861917288, 40.6009521 ], [ -74.309294423932457, 40.602675481466633 ], [ -74.309116272893363, 40.604394095014193 ], [ -74.308819897099596, 40.60610323058755 ], [ -74.308406108896634, 40.607798204467109 ], [ -74.307876042449152, 40.609474372096656 ], [ -74.307231150632475, 40.611127140800136 ], [ -74.306473201050196, 40.612751982352464 ], [ -74.305604271189495, 40.614344445370321 ], [ -74.304626742726654, 40.615900167489009 ], [ -74.303543294999315, 40.617414887292405 ], [ -74.302356897662335, 40.618884455963496 ], [ -74.301070802548381, 40.620304848623931 ], [ -74.299688534754736, 40.621672175331987 ], [ -74.298213882981358, 40.62298269170882 ], [ -74.29665088914625, 40.624232809164738 ], [ -74.295003837306894, 40.625419104697507 ], [ -74.293277241917878, 40.626538330236365 ], [ -74.291475835457135, 40.627587421506639 ], [ -74.289604555454588, 40.628563506390968 ], [ -74.287668530958641, 40.629463912764606 ], [ -74.285673068477863, 40.630286175783908 ], [ -74.283623637436207, 40.631028044608229 ], [ -74.281525855181712, 40.631687488537217 ], [ -74.279385471589734, 40.632262702547195 ], [ -74.277208353302896, 40.632752112211541 ], [ -74.275000467651111, 40.633154377992021 ], [ -74.272767866295467, 40.633468398889576 ], [ -74.270516668641122, 40.63369331544471 ], [ -74.268253045064327, 40.633828512079504 ], [ -74.2659832, 40.633873618775027 ], [ -74.263713354935661, 40.633828512079504 ], [ -74.26144973135888, 40.63369331544471 ], [ -74.25919853370452, 40.633468398889576 ], [ -74.256965932348876, 40.633154377992021 ], [ -74.254758046697091, 40.632752112211541 ], [ -74.252580928410254, 40.632262702547195 ], [ -74.250440544818261, 40.631687488537217 ], [ -74.24834276256378, 40.631028044608229 ], [ -74.246293331522125, 40.630286175783908 ], [ -74.244297869041347, 40.629463912764606 ], [ -74.2423618445454, 40.628563506390968 ], [ -74.240490564542853, 40.627587421506639 ], [ -74.23868915808211, 40.626538330236365 ], [ -74.236962562693094, 40.625419104697507 ], [ -74.235315510853738, 40.624232809164738 ], [ -74.23375251701863, 40.62298269170882 ], [ -74.232277865245251, 40.621672175331987 ], [ -74.230895597451621, 40.620304848623931 ], [ -74.229609502337652, 40.618884455963496 ], [ -74.228423105000672, 40.617414887292405 ], [ -74.227339657273319, 40.615900167489009 ], [ -74.226362128810493, 40.614344445370321 ], [ -74.225493198949792, 40.612751982352464 ], [ -74.224735249367512, 40.611127140800136 ], [ -74.224090357550836, 40.609474372096656 ], [ -74.223560291103354, 40.607798204467109 ], [ -74.223146502900406, 40.60610323058755 ], [ -74.222850127106625, 40.6043940950142 ], [ -74.222671976067531, 40.602675481466633 ], [ -74.2226125380827, 40.6009521 ] ] ] } },
{ "type": "Feature", "properties": { "facility_name": "Wheelabrator Gloucester Company ", "city": "Westville", "state": "NJ" }, "geometry": { "type": "Polygon", "coordinates": [ [ [ -75.094407038082707, 39.8734229 ], [ -75.094466476067538, 39.87168085665931 ], [ -75.094644627106632, 39.869943544077138 ], [ -75.094941002900399, 39.868215724650213 ], [ -75.095354791103361, 39.866502135110679 ], [ -75.095884857550843, 39.86480747353319 ], [ -75.096529749367534, 39.863136386444175 ], [ -75.097287698949799, 39.861493456068793 ], [ -75.0981566288105, 39.859883187750519 ], [ -75.09913415727334, 39.858309997578516 ], [ -75.10021760500068, 39.85677820025645 ], [ -75.101404002337659, 39.855291997246582 ], [ -75.102690097451628, 39.853855465222061 ], [ -75.104072365245258, 39.852472544859019 ], [ -75.105547017018637, 39.851147030000071 ], [ -75.107110010853745, 39.849882557218749 ], [ -75.108757062693101, 39.848682595814473 ], [ -75.110483658082117, 39.847550438265415 ], [ -75.11228506454286, 39.846489191166036 ], [ -75.114156344545407, 39.845501766674595 ], [ -75.116092369041354, 39.844590874494337 ], [ -75.118087831522132, 39.843759014410956 ], [ -75.120137262563787, 39.843008469406911 ], [ -75.122235044818282, 39.842341299372023 ], [ -75.124375428410261, 39.841759335427966 ], [ -75.126552546697098, 39.841264174882348 ], [ -75.128760432348898, 39.840857176826688 ], [ -75.130993033704527, 39.840539458390531 ], [ -75.133244231358873, 39.840311891662189 ], [ -75.135507854935668, 39.840175101284814 ], [ -75.1377777, 39.840129462734431 ], [ -75.140047545064334, 39.840175101284814 ], [ -75.142311168641115, 39.840311891662189 ], [ -75.144562366295474, 39.840539458390531 ], [ -75.146794967651118, 39.840857176826688 ], [ -75.149002853302903, 39.841264174882348 ], [ -75.151179971589741, 39.841759335427966 ], [ -75.153320355181734, 39.842341299372023 ], [ -75.155418137436214, 39.843008469406911 ], [ -75.15746756847787, 39.843759014410956 ], [ -75.159463030958648, 39.844590874494337 ], [ -75.161399055454609, 39.845501766674595 ], [ -75.163270335457142, 39.846489191166036 ], [ -75.165071741917885, 39.847550438265415 ], [ -75.166798337306901, 39.848682595814473 ], [ -75.168445389146257, 39.849882557218749 ], [ -75.170008382981365, 39.851147030000071 ], [ -75.171483034754743, 39.852472544859019 ], [ -75.172865302548374, 39.853855465222061 ], [ -75.174151397662342, 39.855291997246582 ], [ -75.175337794999322, 39.85677820025645 ], [ -75.176421242726676, 39.858309997578516 ], [ -75.177398771189502, 39.859883187750519 ], [ -75.178267701050217, 39.861493456068793 ], [ -75.179025650632482, 39.863136386444175 ], [ -75.179670542449173, 39.86480747353319 ], [ -75.180200608896641, 39.866502135110679 ], [ -75.180614397099589, 39.868215724650213 ], [ -75.18091077289337, 39.869943544077138 ], [ -75.181088923932464, 39.87168085665931 ], [ -75.181148361917295, 39.8734229 ], [ -75.181088923932464, 39.875164899097285 ], [ -75.18091077289337, 39.876902079433982 ], [ -75.180614397099589, 39.878629680062268 ], [ -75.180200608896641, 39.880342966647227 ], [ -75.179670542449173, 39.882037244433405 ], [ -75.179025650632482, 39.883707871099297 ], [ -75.178267701050217, 39.88535026946424 ], [ -75.177398771189502, 39.886959940013547 ], [ -75.176421242726676, 39.88853247320737 ], [ -75.175337794999322, 39.890063561540025 ], [ -75.174151397662342, 39.891549011317082 ], [ -75.172865302548374, 39.892984754117983 ], [ -75.171483034754743, 39.894366857913468 ], [ -75.170008382981365, 39.895691537807458 ], [ -75.168445389146257, 39.89695516637444 ], [ -75.166798337306901, 39.898154283564374 ], [ -75.165071741917885, 39.899285606148489 ], [ -75.163270335457142, 39.900346036680375 ], [ -75.161399055454609, 39.901332671948275 ], [ -75.159463030958648, 39.9022428108958 ], [ -75.15746756847787, 39.903073961989854 ], [ -75.155418137436214, 39.903823850015826 ], [ -75.153320355181734, 39.904490422281853 ], [ -75.151179971589741, 39.905071854215549 ], [ -75.149002853302903, 39.905566554338151 ], [ -75.146794967651118, 39.905973168602578 ], [ -75.144562366295474, 39.906290584084218 ], [ -75.142311168641129, 39.906517932013983 ], [ -75.140047545064334, 39.906654590145912 ], [ -75.1377777, 39.906700184452909 ], [ -75.135507854935668, 39.906654590145912 ], [ -75.133244231358887, 39.906517932013983 ], [ -75.130993033704527, 39.906290584084218 ], [ -75.128760432348898, 39.905973168602578 ], [ -75.126552546697098, 39.905566554338151 ], [ -75.124375428410261, 39.905071854215549 ], [ -75.122235044818282, 39.904490422281853 ], [ -75.120137262563787, 39.903823850015826 ], [ -75.118087831522132, 39.903073961989854 ], [ -75.116092369041354, 39.9022428108958 ], [ -75.114156344545407, 39.901332671948275 ], [ -75.11228506454286, 39.900346036680375 ], [ -75.110483658082117, 39.899285606148489 ], [ -75.108757062693101, 39.898154283564374 ], [ -75.107110010853745, 39.89695516637444 ], [ -75.105547017018637, 39.895691537807458 ], [ -75.104072365245258, 39.894366857913468 ], [ -75.102690097451628, 39.892984754117983 ], [ -75.101404002337659, 39.891549011317082 ], [ -75.10021760500068, 39.890063561540025 ], [ -75.09913415727334, 39.88853247320737 ], [ -75.0981566288105, 39.886959940013547 ], [ -75.097287698949799, 39.88535026946424 ], [ -75.096529749367534, 39.883707871099297 ], [ -75.095884857550843, 39.882037244433405 ], [ -75.095354791103361, 39.880342966647227 ], [ -75.094941002900399, 39.878629680062268 ], [ -75.094644627106632, 39.876902079433989 ], [ -75.094466476067538, 39.875164899097285 ], [ -75.094407038082707, 39.8734229 ] ] ] } },
{ "type": "Feature", "properties": { "facility_name": "Babylon Resource Recovery Center", "city": "West Babylon", "state": "NY" }, "geometry": { "type": "Polygon", "coordinates": [ [ [ -73.341532638082711, 40.7332405 ], [ -73.341592076067542, 40.731520489301985 ], [ -73.341770227106636, 40.729805148753151 ], [ -73.342066602900402, 40.728099180529007 ], [ -73.342480391103365, 40.726407261473462 ], [ -73.343010457550847, 40.724734030270007 ], [ -73.343655349367538, 40.723084074713697 ], [ -73.344413298949803, 40.721461919118944 ], [ -73.345282228810518, 40.719872011897898 ], [ -73.34625975727333, 40.718318713343493 ], [ -73.347343205000683, 40.716806283651287 ], [ -73.348529602337663, 40.715338871212737 ], [ -73.349815697451618, 40.713920501212719 ], [ -73.351197965245277, 40.712555064562672 ], [ -73.352672617018641, 40.711246307200298 ], [ -73.354235610853735, 40.70999781978513 ], [ -73.355882662693105, 40.708813027819126 ], [ -73.357609258082135, 40.707695182219403 ], [ -73.359410664542864, 40.706647350369501 ], [ -73.361281944545411, 40.7056724076742 ], [ -73.363217969041358, 40.704773029641231 ], [ -73.36521343152215, 40.70395168451229 ], [ -73.367262862563791, 40.703210626463658 ], [ -73.369360644818286, 40.702551889395608 ], [ -73.371501028410265, 40.70197728132792 ], [ -73.373678146697117, 40.701488379417206 ], [ -73.375886032348902, 40.701086525609988 ], [ -73.378118633704531, 40.700772822943698 ], [ -73.380369831358891, 40.700548132505908 ], [ -73.382633454935672, 40.700413071060609 ], [ -73.3849033, 40.700368009347621 ], [ -73.387173145064324, 40.700413071060609 ], [ -73.389436768641119, 40.700548132505908 ], [ -73.391687966295478, 40.700772822943698 ], [ -73.393920567651122, 40.701086525609988 ], [ -73.396128453302907, 40.701488379417206 ], [ -73.398305571589731, 40.70197728132792 ], [ -73.400445955181738, 40.702551889395608 ], [ -73.402543737436218, 40.703210626463658 ], [ -73.404593168477874, 40.70395168451229 ], [ -73.406588630958652, 40.704773029641231 ], [ -73.408524655454599, 40.7056724076742 ], [ -73.410395935457146, 40.706647350369501 ], [ -73.412197341917889, 40.707695182219403 ], [ -73.413923937306905, 40.708813027819126 ], [ -73.415570989146275, 40.70999781978513 ], [ -73.417133982981383, 40.711246307200298 ], [ -73.418608634754747, 40.712555064562672 ], [ -73.419990902548392, 40.713920501212719 ], [ -73.421276997662346, 40.715338871212737 ], [ -73.422463394999326, 40.716806283651287 ], [ -73.42354684272668, 40.718318713343493 ], [ -73.424524371189491, 40.719872011897898 ], [ -73.425393301050221, 40.721461919118944 ], [ -73.426151250632472, 40.723084074713697 ], [ -73.426796142449177, 40.724734030270007 ], [ -73.427326208896645, 40.726407261473462 ], [ -73.427739997099607, 40.728099180529007 ], [ -73.428036372893359, 40.729805148753151 ], [ -73.428214523932468, 40.731520489301985 ], [ -73.428273961917299, 40.7332405 ], [ -73.428214523932468, 40.734960466234355 ], [ -73.428036372893359, 40.736675673879411 ], [ -73.427739997099607, 40.738381422215795 ], [ -73.427326208896645, 40.740073036808703 ], [ -73.426796142449177, 40.741745882310411 ], [ -73.426151250632472, 40.7433953751517 ], [ -73.425393301050221, 40.745016996087742 ], [ -73.424524371189491, 40.74660630256426 ], [ -73.42354684272668, 40.748158940870155 ], [ -73.422463394999326, 40.749670658043726 ], [ -73.421276997662346, 40.751137313500017 ], [ -73.419990902548392, 40.75255489034781 ], [ -73.418608634754747, 40.753919506365584 ], [ -73.417133982981383, 40.755227424606687 ], [ -73.415570989146275, 40.756475063605158 ], [ -73.413923937306905, 40.75765900715448 ], [ -73.412197341917889, 40.758776013632968 ], [ -73.410395935457146, 40.759823024850654 ], [ -73.408524655454599, 40.760797174393787 ], [ -73.406588630958652, 40.761695795444574 ], [ -73.404593168477874, 40.762516428054958 ], [ -73.402543737436218, 40.763256825855201 ], [ -73.400445955181738, 40.763914962178809 ], [ -73.398305571589731, 40.764489035587893 ], [ -73.396128453302907, 40.764977474783677 ], [ -73.393920567651122, 40.765378942889214 ], [ -73.391687966295478, 40.765692341092951 ], [ -73.389436768641119, 40.76591681164301 ], [ -73.387173145064324, 40.766051740184572 ], [ -73.3849033, 40.766096757433921 ], [ -73.382633454935672, 40.766051740184572 ], [ -73.380369831358891, 40.76591681164301 ], [ -73.378118633704531, 40.765692341092951 ], [ -73.375886032348902, 40.765378942889214 ], [ -73.373678146697117, 40.764977474783677 ], [ -73.371501028410265, 40.764489035587893 ], [ -73.369360644818286, 40.763914962178809 ], [ -73.367262862563791, 40.763256825855201 ], [ -73.36521343152215, 40.762516428054958 ], [ -73.363217969041358, 40.761695795444574 ], [ -73.361281944545411, 40.760797174393787 ], [ -73.359410664542864, 40.759823024850654 ], [ -73.357609258082135, 40.758776013632968 ], [ -73.355882662693105, 40.75765900715448 ], [ -73.354235610853735, 40.756475063605158 ], [ -73.352672617018641, 40.755227424606687 ], [ -73.351197965245277, 40.753919506365584 ], [ -73.349815697451618, 40.75255489034781 ], [ -73.348529602337663, 40.751137313500017 ], [ -73.347343205000683, 40.749670658043726 ], [ -73.34625975727333, 40.748158940870155 ], [ -73.345282228810518, 40.74660630256426 ], [ -73.344413298949803, 40.745016996087742 ], [ -73.343655349367538, 40.7433953751517 ], [ -73.343010457550847, 40.741745882310411 ], [ -73.342480391103365, 40.740073036808703 ], [ -73.342066602900402, 40.738381422215795 ], [ -73.341770227106636, 40.736675673879418 ], [ -73.341592076067542, 40.734960466234355 ], [ -73.341532638082711, 40.7332405 ] ] ] } },
{ "type": "Feature", "properties": { "facility_name": "Covanta Hempstead", "city": "Westbury", "state": "NY" }, "geometry": { "type": "Polygon", "coordinates": [ [ [ -73.547333238082686, 40.7381888 ], [ -73.547392676067517, 40.736468917226965 ], [ -73.547570827106625, 40.734753704251318 ], [ -73.547867202900392, 40.733047862898928 ], [ -73.548280991103354, 40.731356069665971 ], [ -73.548811057550822, 40.729682962891104 ], [ -73.549455949367527, 40.728033130028379 ], [ -73.550213898949778, 40.726411095055958 ], [ -73.551082828810493, 40.724821306055418 ], [ -73.552060357273319, 40.723268122995748 ], [ -73.553143805000659, 40.72175580575599 ], [ -73.554330202337638, 40.720288502419471 ], [ -73.555616297451607, 40.718870237872075 ], [ -73.556998565245237, 40.71750490273633 ], [ -73.558473217018616, 40.716196242671742 ], [ -73.560036210853724, 40.714947848071283 ], [ -73.56168326269308, 40.713763144182572 ], [ -73.563409858082096, 40.712645381681419 ], [ -73.565211264542839, 40.711597627723691 ], [ -73.5670825445454, 40.710622757500744 ], [ -73.569018569041333, 40.709723446321767 ], [ -73.571014031522111, 40.708902162245295 ], [ -73.573063462563766, 40.708161159280316 ], [ -73.575161244818261, 40.70750247117622 ], [ -73.57730162841024, 40.706927905818638 ], [ -73.579478746697077, 40.70643904024719 ], [ -73.581686632348877, 40.706037216308815 ], [ -73.58391923370452, 40.705723536959134 ], [ -73.586170431358866, 40.705498863221848 ], [ -73.588434054935647, 40.705363811815182 ], [ -73.5907039, 40.705318753451472 ], [ -73.592973745064313, 40.705363811815182 ], [ -73.595237368641094, 40.705498863221848 ], [ -73.597488566295453, 40.705723536959134 ], [ -73.599721167651097, 40.706037216308815 ], [ -73.601929053302882, 40.70643904024719 ], [ -73.60410617158972, 40.706927905818638 ], [ -73.606246555181713, 40.70750247117622 ], [ -73.608344337436193, 40.708161159280316 ], [ -73.610393768477849, 40.708902162245295 ], [ -73.612389230958627, 40.709723446321767 ], [ -73.614325255454588, 40.710622757500744 ], [ -73.616196535457135, 40.711597627723691 ], [ -73.617997941917864, 40.712645381681419 ], [ -73.61972453730688, 40.713763144182572 ], [ -73.62137158914625, 40.714947848071283 ], [ -73.622934582981344, 40.716196242671742 ], [ -73.624409234754722, 40.71750490273633 ], [ -73.625791502548367, 40.718870237872075 ], [ -73.627077597662321, 40.720288502419471 ], [ -73.628263994999315, 40.72175580575599 ], [ -73.629347442726655, 40.723268122995748 ], [ -73.630324971189481, 40.724821306055418 ], [ -73.631193901050196, 40.726411095055958 ], [ -73.631951850632461, 40.728033130028379 ], [ -73.632596742449152, 40.729682962891104 ], [ -73.63312680889662, 40.731356069665971 ], [ -73.633540597099582, 40.733047862898928 ], [ -73.633836972893349, 40.734753704251318 ], [ -73.634015123932443, 40.736468917226965 ], [ -73.634074561917274, 40.7381888 ], [ -73.634015123932443, 40.739908638308236 ], [ -73.633836972893349, 40.74162371837668 ], [ -73.633540597099582, 40.743329339835604 ], [ -73.63312680889662, 40.745020828598044 ], [ -73.632596742449152, 40.74669354966116 ], [ -73.631951850632461, 40.748342919796876 ], [ -73.631193901050196, 40.749964420096752 ], [ -73.630324971189481, 40.75155360833719 ], [ -73.629347442726655, 40.753106131131254 ], [ -73.628263994999315, 40.754617735833925 ], [ -73.627077597662321, 40.75608428216858 ], [ -73.625791502548367, 40.757501753543195 ], [ -73.624409234754722, 40.758866268025415 ], [ -73.622934582981344, 40.760174088946989 ], [ -73.62137158914625, 40.761421635108789 ], [ -73.61972453730688, 40.762605490558833 ], [ -73.617997941917864, 40.763722413917002 ], [ -73.616196535457135, 40.764769347221268 ], [ -73.614325255454588, 40.765743424271498 ], [ -73.612389230958627, 40.766641978448689 ], [ -73.610393768477849, 40.767462549988167 ], [ -73.608344337436193, 40.768202892687633 ], [ -73.606246555181713, 40.768860980031732 ], [ -73.60410617158972, 40.769435010716855 ], [ -73.601929053302882, 40.769923413561386 ], [ -73.599721167651097, 40.770324851788104 ], [ -73.597488566295453, 40.770638226667323 ], [ -73.595237368641108, 40.770862680511186 ], [ -73.592973745064313, 40.770997599010684 ], [ -73.5907039, 40.771042612909611 ], [ -73.588434054935647, 40.770997599010684 ], [ -73.586170431358866, 40.770862680511186 ], [ -73.58391923370452, 40.770638226667323 ], [ -73.581686632348877, 40.770324851788104 ], [ -73.579478746697077, 40.769923413561386 ], [ -73.57730162841024, 40.769435010716855 ], [ -73.575161244818261, 40.768860980031732 ], [ -73.573063462563766, 40.768202892687633 ], [ -73.571014031522111, 40.767462549988167 ], [ -73.569018569041333, 40.766641978448689 ], [ -73.5670825445454, 40.765743424271498 ], [ -73.565211264542839, 40.764769347221268 ], [ -73.563409858082096, 40.763722413917002 ], [ -73.56168326269308, 40.762605490558833 ], [ -73.560036210853724, 40.761421635108789 ], [ -73.558473217018616, 40.760174088946989 ], [ -73.556998565245237, 40.758866268025415 ], [ -73.555616297451607, 40.757501753543195 ], [ -73.554330202337638, 40.75608428216858 ], [ -73.553143805000659, 40.754617735833925 ], [ -73.552060357273319, 40.753106131131254 ], [ -73.551082828810493, 40.75155360833719 ], [ -73.550213898949778, 40.749964420096752 ], [ -73.549455949367527, 40.748342919796876 ], [ -73.548811057550822, 40.74669354966116 ], [ -73.548280991103354, 40.745020828598044 ], [ -73.547867202900392, 40.743329339835604 ], [ -73.547570827106625, 40.741623718376687 ], [ -73.547392676067517, 40.739908638308236 ], [ -73.547333238082686, 40.7381888 ] ] ] } },
{ "type": "Feature", "properties": { "facility_name": "Dutchess County Resource Recovery Facility", "city": "Poughkeepsie", "state": "NY" }, "geometry": { "type": "Polygon", "coordinates": [ [ [ -73.896922338082703, 41.646957 ], [ -73.896981776067534, 41.645260827514392 ], [ -73.897159927106628, 41.64356925964961 ], [ -73.897456302900395, 41.641886933424161 ], [ -73.897870091103357, 41.640218460884654 ], [ -73.898400157550824, 41.638568416454582 ], [ -73.89904504936753, 41.63694132438237 ], [ -73.899802998949781, 41.63534164632329 ], [ -73.90067192881051, 41.633773769089444 ], [ -73.901649457273322, 41.632241992601671 ], [ -73.902732905000661, 41.630750518076574 ], [ -73.903919302337641, 41.629303436481479 ], [ -73.90520539745161, 41.627904717289127 ], [ -73.906587665245254, 41.62655819756344 ], [ -73.908062317018619, 41.625267571406553 ], [ -73.909625310853727, 41.624036379796436 ], [ -73.911272362693083, 41.622868000843411 ], [ -73.912998958082099, 41.621765640492633 ], [ -73.914800364542856, 41.620732323698469 ], [ -73.916671644545403, 41.619770886095438 ], [ -73.91860766904135, 41.618883966188776 ], [ -73.920603131522114, 41.618073998086693 ], [ -73.922652562563769, 41.617343204794444 ], [ -73.924750344818264, 41.616693592088993 ], [ -73.926890728410257, 41.616126942991535 ], [ -73.929067846697095, 41.615644812853148 ], [ -73.93127573234888, 41.615248525067599 ], [ -73.933508333704523, 41.61493916742306 ], [ -73.935759531358883, 41.61471758910313 ], [ -73.938023154935664, 41.614584398345556 ], [ -73.940293, 41.614539960765136 ], [ -73.942562845064316, 41.614584398345556 ], [ -73.944826468641097, 41.61471758910313 ], [ -73.947077666295456, 41.61493916742306 ], [ -73.9493102676511, 41.615248525067599 ], [ -73.951518153302885, 41.615644812853148 ], [ -73.953695271589723, 41.616126942991535 ], [ -73.955835655181716, 41.616693592088993 ], [ -73.957933437436196, 41.617343204794444 ], [ -73.959982868477852, 41.618073998086693 ], [ -73.961978330958644, 41.618883966188776 ], [ -73.963914355454591, 41.619770886095438 ], [ -73.965785635457138, 41.620732323698469 ], [ -73.967587041917866, 41.621765640492633 ], [ -73.969313637306882, 41.622868000843411 ], [ -73.970960689146267, 41.624036379796436 ], [ -73.972523682981347, 41.625267571406553 ], [ -73.973998334754725, 41.62655819756344 ], [ -73.975380602548384, 41.627904717289127 ], [ -73.976666697662324, 41.629303436481479 ], [ -73.977853094999318, 41.630750518076574 ], [ -73.978936542726672, 41.632241992601671 ], [ -73.979914071189484, 41.633773769089444 ], [ -73.980783001050199, 41.63534164632329 ], [ -73.981540950632464, 41.63694132438237 ], [ -73.982185842449155, 41.638568416454582 ], [ -73.982715908896623, 41.640218460884654 ], [ -73.983129697099599, 41.641886933424161 ], [ -73.983426072893351, 41.64356925964961 ], [ -73.98360422393246, 41.645260827514392 ], [ -73.983663661917276, 41.646957 ], [ -73.98360422393246, 41.648653127831821 ], [ -73.983426072893351, 41.650344562224483 ], [ -73.983129697099599, 41.65202666762184 ], [ -73.982715908896623, 41.653694834396717 ], [ -73.982185842449155, 41.655344491475638 ], [ -73.981540950632464, 41.656971118854074 ], [ -73.980783001050199, 41.658570259968052 ], [ -73.979914071189484, 41.660137533888346 ], [ -73.978936542726672, 41.661668647304154 ], [ -73.977853094999318, 41.663159406263624 ], [ -73.976666697662324, 41.664605727639326 ], [ -73.975380602548384, 41.666003650287628 ], [ -73.973998334754725, 41.667349345871727 ], [ -73.972523682981347, 41.66863912931894 ], [ -73.970960689146267, 41.669869468884208 ], [ -73.969313637306882, 41.671036995792406 ], [ -73.967587041917866, 41.672138513433545 ], [ -73.965785635457138, 41.673171006086157 ], [ -73.963914355454591, 41.674131647145209 ], [ -73.961978330958644, 41.67501780683255 ], [ -73.959982868477852, 41.675827059369084 ], [ -73.957933437436196, 41.676557189589467 ], [ -73.955835655181716, 41.677206198981452 ], [ -73.953695271589723, 41.677772311133907 ], [ -73.951518153302885, 41.678253976578617 ], [ -73.9493102676511, 41.6786498770131 ], [ -73.947077666295456, 41.67895892889306 ], [ -73.944826468641111, 41.679180286384941 ], [ -73.942562845064316, 41.67931334367043 ], [ -73.940293, 41.679357736597083 ], [ -73.938023154935664, 41.67931334367043 ], [ -73.935759531358883, 41.679180286384941 ], [ -73.933508333704523, 41.67895892889306 ], [ -73.93127573234888, 41.6786498770131 ], [ -73.929067846697095, 41.678253976578617 ], [ -73.926890728410257, 41.677772311133907 ], [ -73.924750344818264, 41.677206198981452 ], [ -73.922652562563769, 41.676557189589467 ], [ -73.920603131522114, 41.675827059369084 ], [ -73.91860766904135, 41.67501780683255 ], [ -73.916671644545403, 41.674131647145209 ], [ -73.914800364542856, 41.673171006086157 ], [ -73.912998958082099, 41.672138513433545 ], [ -73.911272362693083, 41.671036995792406 ], [ -73.909625310853727, 41.669869468884208 ], [ -73.908062317018619, 41.66863912931894 ], [ -73.906587665245254, 41.667349345871727 ], [ -73.90520539745161, 41.666003650287628 ], [ -73.903919302337641, 41.664605727639326 ], [ -73.902732905000661, 41.663159406263624 ], [ -73.901649457273322, 41.661668647304154 ], [ -73.90067192881051, 41.660137533888346 ], [ -73.899802998949781, 41.658570259968052 ], [ -73.89904504936753, 41.656971118854074 ], [ -73.898400157550824, 41.655344491475638 ], [ -73.897870091103357, 41.653694834396717 ], [ -73.897456302900395, 41.65202666762184 ], [ -73.897159927106628, 41.65034456222449 ], [ -73.896981776067534, 41.648653127831821 ], [ -73.896922338082703, 41.646957 ] ] ] } },
{ "type": "Feature", "properties": { "facility_name": "Huntington Resource Recovery Facility", "city": "East Northport", "state": "NY" }, "geometry": { "type": "Polygon", "coordinates": [ [ [ -73.245659138082701, 40.8819904 ], [ -73.245718576067517, 40.880274240429628 ], [ -73.245896727106626, 40.878562740418836 ], [ -73.246193102900392, 40.876860591616904 ], [ -73.24660689110334, 40.875172460399632 ], [ -73.247136957550822, 40.873502975069272 ], [ -73.247781849367513, 40.871856713154891 ], [ -73.248539798949778, 40.870238188848354 ], [ -73.249408728810494, 40.86865184061034 ], [ -73.250386257273306, 40.867102018980781 ], [ -73.251469705000659, 40.865592974627262 ], [ -73.252656102337653, 40.864128846664528 ], [ -73.253942197451607, 40.862713651277296 ], [ -73.255324465245252, 40.861351270678135 ], [ -73.25679911701863, 40.860045442430888 ], [ -73.258362110853724, 40.858799749169236 ], [ -73.260009162693095, 40.857617608739254 ], [ -73.261735758082111, 40.856502264793036 ], [ -73.263537164542839, 40.855456777859935 ], [ -73.265408444545386, 40.854484016920061 ], [ -73.267344469041333, 40.853586651503612 ], [ -73.269339931522126, 40.852767144338259 ], [ -73.271389362563781, 40.852027744564772 ], [ -73.273487144818262, 40.851370481540314 ], [ -73.275627528410254, 40.850797159246333 ], [ -73.277804646697078, 40.850309351316902 ], [ -73.280012532348863, 40.849908396701494 ], [ -73.282245133704521, 40.84959539597412 ], [ -73.284496331358866, 40.849371208299374 ], [ -73.286759954935661, 40.849236449063888 ], [ -73.28902979999998, 40.849191488179592 ], [ -73.291299645064313, 40.849236449063888 ], [ -73.293563268641094, 40.849371208299374 ], [ -73.295814466295454, 40.84959539597412 ], [ -73.298047067651098, 40.849908396701494 ], [ -73.300254953302883, 40.850309351316902 ], [ -73.30243207158972, 40.850797159246333 ], [ -73.304572455181713, 40.851370481540314 ], [ -73.306670237436194, 40.852027744564772 ], [ -73.308719668477863, 40.852767144338259 ], [ -73.310715130958641, 40.853586651503612 ], [ -73.312651155454574, 40.854484016920061 ], [ -73.314522435457135, 40.855456777859935 ], [ -73.316323841917864, 40.856502264793036 ], [ -73.31805043730688, 40.857617608739254 ], [ -73.31969748914625, 40.858799749169236 ], [ -73.321260482981359, 40.860045442430888 ], [ -73.322735134754723, 40.861351270678135 ], [ -73.324117402548367, 40.862713651277296 ], [ -73.325403497662336, 40.864128846664528 ], [ -73.326589894999316, 40.865592974627262 ], [ -73.327673342726655, 40.867102018980781 ], [ -73.328650871189481, 40.86865184061034 ], [ -73.329519801050182, 40.870238188848354 ], [ -73.330277750632447, 40.871856713154891 ], [ -73.330922642449153, 40.873502975069272 ], [ -73.33145270889662, 40.875172460399632 ], [ -73.331866497099583, 40.876860591616904 ], [ -73.332162872893349, 40.878562740418836 ], [ -73.332341023932457, 40.880274240429628 ], [ -73.332400461917274, 40.8819904 ], [ -73.332341023932457, 40.883706515072674 ], [ -73.332162872893349, 40.885417882077952 ], [ -73.331866497099583, 40.887119810823762 ], [ -73.33145270889662, 40.888807637345295 ], [ -73.330922642449153, 40.8904767366786 ], [ -73.330277750632447, 40.89212253552369 ], [ -73.329519801050182, 40.89374052476218 ], [ -73.328650871189481, 40.895326271795703 ], [ -73.327673342726655, 40.896875432671266 ], [ -73.326589894999316, 40.898383763960624 ], [ -73.325403497662336, 40.899847134361536 ], [ -73.324117402548367, 40.901261535989285 ], [ -73.322735134754723, 40.902623095327876 ], [ -73.321260482981359, 40.903928083811401 ], [ -73.31969748914625, 40.905172928006778 ], [ -73.31805043730688, 40.90635421937052 ], [ -73.316323841917864, 40.907468723553038 ], [ -73.314522435457135, 40.908513389225632 ], [ -73.312651155454574, 40.909485356406087 ], [ -73.310715130958641, 40.910381964260786 ], [ -73.308719668477863, 40.911200758362078 ], [ -73.306670237436194, 40.911939497381653 ], [ -73.304572455181713, 40.912596159201712 ], [ -73.30243207158972, 40.913168946427746 ], [ -73.300254953302883, 40.913656291287978 ], [ -73.298047067651098, 40.914056859906424 ], [ -73.295814466295454, 40.914369555938123 ], [ -73.293563268641094, 40.914593523556789 ], [ -73.291299645064313, 40.914728149786782 ], [ -73.28902979999998, 40.91477306617341 ], [ -73.286759954935661, 40.914728149786782 ], [ -73.284496331358881, 40.914593523556789 ], [ -73.282245133704521, 40.914369555938123 ], [ -73.280012532348863, 40.914056859906424 ], [ -73.277804646697078, 40.913656291287978 ], [ -73.275627528410254, 40.913168946427746 ], [ -73.273487144818262, 40.912596159201712 ], [ -73.271389362563781, 40.911939497381653 ], [ -73.269339931522126, 40.911200758362078 ], [ -73.267344469041333, 40.910381964260786 ], [ -73.265408444545386, 40.909485356406087 ], [ -73.263537164542839, 40.908513389225632 ], [ -73.261735758082111, 40.907468723553038 ], [ -73.260009162693095, 40.90635421937052 ], [ -73.258362110853724, 40.905172928006778 ], [ -73.25679911701863, 40.903928083811401 ], [ -73.255324465245252, 40.902623095327876 ], [ -73.253942197451607, 40.901261535989285 ], [ -73.252656102337653, 40.899847134361536 ], [ -73.251469705000659, 40.898383763960624 ], [ -73.250386257273306, 40.896875432671266 ], [ -73.249408728810494, 40.895326271795703 ], [ -73.248539798949778, 40.89374052476218 ], [ -73.247781849367513, 40.89212253552369 ], [ -73.247136957550822, 40.8904767366786 ], [ -73.24660689110334, 40.888807637345295 ], [ -73.246193102900392, 40.887119810823762 ], [ -73.245896727106626, 40.885417882077952 ], [ -73.245718576067517, 40.883706515072674 ], [ -73.245659138082701, 40.8819904 ] ] ] } },
{ "type": "Feature", "properties": { "facility_name": "MacArthur Waste-to-Energy Facility", "city": "Ronkonkoma", "state": "NY" }, "geometry": { "type": "Polygon", "coordinates": [ [ [ -73.063059438082703, 40.7839861 ], [ -73.06311887606752, 40.782267401801477 ], [ -73.063297027106628, 40.780553370142954 ], [ -73.063593402900395, 40.778848703612518 ], [ -73.064007191103343, 40.77715807548644 ], [ -73.064537257550839, 40.775486120910202 ], [ -73.065182149367516, 40.773837424180122 ], [ -73.065940098949795, 40.772216506160767 ], [ -73.066809028810496, 40.770627811872735 ], [ -73.067786557273323, 40.769075698285071 ], [ -73.068870005000662, 40.767564422346126 ], [ -73.070056402337656, 40.766098129285751 ], [ -73.07134249745161, 40.764680841221534 ], [ -73.072724765245255, 40.763316446100269 ], [ -73.074199417018633, 40.762008687005768 ], [ -73.075762410853727, 40.760761151862312 ], [ -73.077409462693097, 40.759577263562669 ], [ -73.079136058082113, 40.758460270547985 ], [ -73.080937464542842, 40.757413237865848 ], [ -73.082808744545403, 40.756439038731465 ], [ -73.084744769041336, 40.75554034661539 ], [ -73.086740231522128, 40.754719627880107 ], [ -73.088789662563784, 40.753979134985741 ], [ -73.090887444818264, 40.753320900284251 ], [ -73.093027828410257, 40.75274673041914 ], [ -73.095204946697095, 40.7522582013465 ], [ -73.09741283234888, 40.751856653991453 ], [ -73.099645433704524, 40.751543190551864 ], [ -73.101896631358869, 40.75131867145997 ], [ -73.104160254935664, 40.75118371301032 ], [ -73.106430099999983, 40.751138685660607 ], [ -73.108699945064316, 40.75118371301032 ], [ -73.110963568641097, 40.75131867145997 ], [ -73.113214766295457, 40.751543190551864 ], [ -73.115447367651115, 40.751856653991453 ], [ -73.1176552533029, 40.7522582013465 ], [ -73.119832371589723, 40.75274673041914 ], [ -73.12197275518173, 40.753320900284251 ], [ -73.124070537436211, 40.753979134985741 ], [ -73.126119968477866, 40.754719627880107 ], [ -73.128115430958644, 40.75554034661539 ], [ -73.130051455454577, 40.756439038731465 ], [ -73.131922735457138, 40.757413237865848 ], [ -73.133724141917881, 40.758460270547985 ], [ -73.135450737306897, 40.759577263562669 ], [ -73.137097789146253, 40.760761151862312 ], [ -73.138660782981361, 40.762008687005768 ], [ -73.140135434754725, 40.763316446100269 ], [ -73.14151770254837, 40.764680841221534 ], [ -73.142803797662339, 40.766098129285751 ], [ -73.143990194999319, 40.767564422346126 ], [ -73.145073642726658, 40.769075698285071 ], [ -73.146051171189484, 40.770627811872735 ], [ -73.146920101050199, 40.772216506160767 ], [ -73.147678050632464, 40.773837424180122 ], [ -73.148322942449155, 40.775486120910202 ], [ -73.148853008896637, 40.77715807548644 ], [ -73.149266797099585, 40.778848703612518 ], [ -73.149563172893352, 40.780553370142954 ], [ -73.14974132393246, 40.782267401801477 ], [ -73.149800761917277, 40.7839861 ], [ -73.14974132393246, 40.785704753723117 ], [ -73.149563172893352, 40.787418652442746 ], [ -73.149266797099585, 40.789123099027329 ], [ -73.148853008896637, 40.79081342261032 ], [ -73.148322942449155, 40.792484991382899 ], [ -73.147678050632464, 40.794133225275694 ], [ -73.146920101050199, 40.795753608495076 ], [ -73.146051171189484, 40.797341701879837 ], [ -73.145073642726658, 40.798893155044553 ], [ -73.143990194999319, 40.800403718276606 ], [ -73.142803797662339, 40.801869254154703 ], [ -73.14151770254837, 40.803285748857121 ], [ -73.140135434754725, 40.80464932312929 ], [ -73.138660782981361, 40.805956242880804 ], [ -73.137097789146253, 40.807202929383408 ], [ -73.135450737306897, 40.808385969042199 ], [ -73.133724141917881, 40.809502122713916 ], [ -73.131922735457138, 40.810548334547008 ], [ -73.130051455454577, 40.811521740319648 ], [ -73.128115430958644, 40.812419675253537 ], [ -73.126119968477866, 40.813239681282013 ], [ -73.124070537436211, 40.81397951375353 ], [ -73.12197275518173, 40.814637147551842 ], [ -73.119832371589723, 40.815210782617086 ], [ -73.1176552533029, 40.815698848852527 ], [ -73.115447367651115, 40.816100010404 ], [ -73.113214766295457, 40.816413169300574 ], [ -73.110963568641111, 40.816637468446636 ], [ -73.108699945064316, 40.816772293957442 ], [ -73.106430099999983, 40.816817276831777 ], [ -73.104160254935664, 40.816772293957442 ], [ -73.101896631358883, 40.816637468446636 ], [ -73.099645433704524, 40.816413169300574 ], [ -73.09741283234888, 40.816100010404 ], [ -73.095204946697095, 40.815698848852527 ], [ -73.093027828410257, 40.815210782617086 ], [ -73.090887444818264, 40.814637147551842 ], [ -73.088789662563784, 40.81397951375353 ], [ -73.086740231522128, 40.813239681282013 ], [ -73.084744769041336, 40.812419675253537 ], [ -73.082808744545403, 40.811521740319648 ], [ -73.080937464542842, 40.810548334547008 ], [ -73.079136058082113, 40.809502122713916 ], [ -73.077409462693097, 40.808385969042199 ], [ -73.075762410853727, 40.807202929383408 ], [ -73.074199417018633, 40.805956242880804 ], [ -73.072724765245255, 40.80464932312929 ], [ -73.07134249745161, 40.803285748857121 ], [ -73.070056402337656, 40.801869254154703 ], [ -73.068870005000662, 40.800403718276606 ], [ -73.067786557273323, 40.798893155044553 ], [ -73.066809028810496, 40.797341701879837 ], [ -73.065940098949795, 40.795753608495076 ], [ -73.065182149367516, 40.794133225275694 ], [ -73.064537257550839, 40.792484991382899 ], [ -73.064007191103343, 40.79081342261032 ], [ -73.063593402900395, 40.789123099027329 ], [ -73.063297027106628, 40.787418652442753 ], [ -73.06311887606752, 40.785704753723117 ], [ -73.063059438082703, 40.7839861 ] ] ] } },
{ "type": "Feature", "properties": { "facility_name": "Niagara Falls Resource Recovery Facility ", "city": "Niagra Falls", "state": "NY" }, "geometry": { "type": "Polygon", "coordinates": [ [ [ -78.963767038082693, 43.0834004 ], [ -78.963826476067524, 43.08174257306888 ], [ -78.964004627106618, 43.080089245449763 ], [ -78.964301002900385, 43.078444949349723 ], [ -78.964714791103347, 43.076814192581516 ], [ -78.965244857550815, 43.075201446198015 ], [ -78.965889749367506, 43.07361113222359 ], [ -78.966647698949757, 43.072047611516048 ], [ -78.967516628810486, 43.070515171792863 ], [ -78.968494157273298, 43.069018015854553 ], [ -78.969577605000666, 43.067560250037815 ], [ -78.970764002337646, 43.066145872930342 ], [ -78.9720500974516, 43.064778764378644 ], [ -78.973432365245245, 43.063462674819284 ], [ -78.974907017018609, 43.062201214963181 ], [ -78.976470010853717, 43.060997845861607 ], [ -78.978117062693073, 43.059855869381629 ], [ -78.979843658082103, 43.058778419117417 ], [ -78.981645064542846, 43.057768451762662 ], [ -78.983516344545393, 43.056828738968527 ], [ -78.98545236904134, 43.055961859709349 ], [ -78.987447831522118, 43.055170193177958 ], [ -78.989497262563759, 43.054455912230004 ], [ -78.991595044818268, 43.05382097739605 ], [ -78.993735428410247, 43.053267131477867 ], [ -78.995912546697099, 43.052795894744257 ], [ -78.99812043234887, 43.052408560739877 ], [ -79.000353033704513, 43.052106192718668 ], [ -79.002604231358873, 43.05188962071206 ], [ -79.004867854935654, 43.051759439240094 ], [ -79.007137699999987, 43.051716005671892 ], [ -79.00940754506432, 43.051759439240094 ], [ -79.011671168641101, 43.05188962071206 ], [ -79.013922366295461, 43.052106192718668 ], [ -79.01615496765109, 43.052408560739877 ], [ -79.018362853302875, 43.052795894744257 ], [ -79.020539971589727, 43.053267131477867 ], [ -79.022680355181691, 43.05382097739605 ], [ -79.024778137436201, 43.054455912230004 ], [ -79.026827568477842, 43.055170193177958 ], [ -79.02882303095862, 43.055961859709349 ], [ -79.030759055454581, 43.056828738968527 ], [ -79.032630335457128, 43.057768451762662 ], [ -79.034431741917857, 43.058778419117417 ], [ -79.036158337306887, 43.059855869381629 ], [ -79.037805389146257, 43.060997845861607 ], [ -79.039368382981351, 43.062201214963181 ], [ -79.040843034754715, 43.063462674819284 ], [ -79.042225302548374, 43.064778764378644 ], [ -79.043511397662328, 43.066145872930342 ], [ -79.044697794999308, 43.067560250037815 ], [ -79.045781242726662, 43.069018015854553 ], [ -79.046758771189488, 43.070515171792863 ], [ -79.047627701050203, 43.072047611516048 ], [ -79.048385650632468, 43.07361113222359 ], [ -79.049030542449145, 43.075201446198015 ], [ -79.049560608896613, 43.076814192581516 ], [ -79.049974397099589, 43.078444949349723 ], [ -79.050270772893356, 43.080089245449763 ], [ -79.050448923932436, 43.08174257306888 ], [ -79.050508361917267, 43.0834004 ], [ -79.050448923932436, 43.085058182070313 ], [ -79.050270772893356, 43.086711375598476 ], [ -79.049974397099589, 43.088355449846588 ], [ -79.049560608896613, 43.089985899432534 ], [ -79.049030542449145, 43.091598256668973 ], [ -79.048385650632468, 43.093188103795143 ], [ -79.047627701050203, 43.094751085068111 ], [ -79.046758771189488, 43.096282918680551 ], [ -79.045781242726662, 43.097779408472654 ], [ -79.044697794999308, 43.099236455406128 ], [ -79.043511397662328, 43.100650068769546 ], [ -79.042225302548374, 43.102016377084112 ], [ -79.040843034754715, 43.103331638680842 ], [ -79.039368382981351, 43.104592251920167 ], [ -79.037805389146257, 43.105794765026495 ], [ -79.036158337306887, 43.106935885511234 ], [ -79.034431741917857, 43.108012489158689 ], [ -79.032630335457128, 43.109021628550863 ], [ -79.030759055454581, 43.109960541107945 ], [ -79.02882303095862, 43.110826656623125 ], [ -79.026827568477842, 43.111617604271352 ], [ -79.024778137436201, 43.112331219073177 ], [ -79.022680355181691, 43.112965547796485 ], [ -79.020539971589727, 43.113518854280173 ], [ -79.018362853302875, 43.113989624165612 ], [ -79.01615496765109, 43.114376569023001 ], [ -79.013922366295461, 43.114678629861999 ], [ -79.011671168641101, 43.114894980016729 ], [ -79.00940754506432, 43.115025027397778 ], [ -79.007137699999987, 43.115068416105188 ], [ -79.004867854935654, 43.115025027397778 ], [ -79.002604231358873, 43.114894980016729 ], [ -79.000353033704513, 43.114678629861999 ], [ -78.99812043234887, 43.114376569023001 ], [ -78.995912546697099, 43.113989624165612 ], [ -78.993735428410247, 43.113518854280173 ], [ -78.991595044818268, 43.112965547796485 ], [ -78.989497262563759, 43.112331219073177 ], [ -78.987447831522118, 43.111617604271352 ], [ -78.98545236904134, 43.110826656623125 ], [ -78.983516344545393, 43.109960541107945 ], [ -78.981645064542846, 43.109021628550863 ], [ -78.979843658082103, 43.108012489158689 ], [ -78.978117062693073, 43.106935885511234 ], [ -78.976470010853717, 43.105794765026495 ], [ -78.974907017018609, 43.104592251920167 ], [ -78.973432365245245, 43.103331638680842 ], [ -78.9720500974516, 43.102016377084112 ], [ -78.970764002337646, 43.100650068769546 ], [ -78.969577605000666, 43.099236455406128 ], [ -78.968494157273298, 43.097779408472654 ], [ -78.967516628810486, 43.096282918680551 ], [ -78.966647698949757, 43.094751085068111 ], [ -78.965889749367506, 43.093188103795143 ], [ -78.965244857550815, 43.091598256668973 ], [ -78.964714791103347, 43.089985899432534 ], [ -78.964301002900385, 43.088355449846588 ], [ -78.964004627106618, 43.086711375598483 ], [ -78.963826476067524, 43.085058182070313 ], [ -78.963767038082693, 43.0834004 ] ] ] } },
{ "type": "Feature", "properties": { "facility_name": "Onodaga Resource Recovery Facility", "city": "Jamesville", "state": "NY" }, "geometry": { "type": "Polygon", "coordinates": [ [ [ -76.02839913808269, 42.9914763 ], [ -76.028458576067521, 42.989815987707736 ], [ -76.02863672710663, 42.988160181549524 ], [ -76.028933102900382, 42.986513420525831 ], [ -76.029346891103344, 42.98488021920538 ], [ -76.029876957550812, 42.983265055341164 ], [ -76.030521849367503, 42.981672357583314 ], [ -76.031279798949754, 42.980106493323021 ], [ -76.032148728810483, 42.978571756700802 ], [ -76.033126257273295, 42.977072356812258 ], [ -76.034209705000663, 42.975612406143995 ], [ -76.035396102337643, 42.974195909271593 ], [ -76.036682197451597, 42.972826751850988 ], [ -76.038064465245242, 42.971508689933835 ], [ -76.039539117018606, 42.970245339636392 ], [ -76.041102110853714, 42.969040167190727 ], [ -76.04274916269307, 42.967896479405972 ], [ -76.0444757580821, 42.966817414566066 ], [ -76.046277164542843, 42.965805933789404 ], [ -76.04814844454539, 42.964864812874538 ], [ -76.050084469041337, 42.96399663465467 ], [ -76.052079931522115, 42.963203781882264 ], [ -76.054129362563756, 42.962488430663726 ], [ -76.056227144818266, 42.961852544462545 ], [ -76.058367528410244, 42.961297868687559 ], [ -76.060544646697096, 42.960825925881672 ], [ -76.062752532348867, 42.960438011524403 ], [ -76.064985133704511, 42.960135190460029 ], [ -76.06723633135887, 42.959918293961465 ], [ -76.069499954935651, 42.959787917437957 ], [ -76.071769799999984, 42.959744418793129 ], [ -76.074039645064317, 42.959787917437957 ], [ -76.076303268641098, 42.959918293961465 ], [ -76.078554466295458, 42.960135190460029 ], [ -76.080787067651087, 42.960438011524403 ], [ -76.082994953302872, 42.960825925881672 ], [ -76.085172071589724, 42.961297868687559 ], [ -76.087312455181689, 42.961852544462545 ], [ -76.089410237436198, 42.962488430663726 ], [ -76.091459668477839, 42.963203781882264 ], [ -76.093455130958617, 42.96399663465467 ], [ -76.095391155454578, 42.964864812874538 ], [ -76.097262435457125, 42.965805933789404 ], [ -76.099063841917854, 42.966817414566066 ], [ -76.100790437306884, 42.967896479405972 ], [ -76.102437489146254, 42.969040167190727 ], [ -76.104000482981348, 42.970245339636392 ], [ -76.105475134754712, 42.971508689933835 ], [ -76.106857402548371, 42.972826751850988 ], [ -76.108143497662326, 42.974195909271593 ], [ -76.109329894999306, 42.975612406143995 ], [ -76.110413342726659, 42.977072356812258 ], [ -76.111390871189485, 42.978571756700802 ], [ -76.1122598010502, 42.980106493323021 ], [ -76.113017750632466, 42.981672357583314 ], [ -76.113662642449142, 42.983265055341164 ], [ -76.11419270889661, 42.98488021920538 ], [ -76.114606497099587, 42.986513420525831 ], [ -76.114902872893353, 42.988160181549524 ], [ -76.115081023932447, 42.989815987707736 ], [ -76.115140461917264, 42.9914763 ], [ -76.115081023932447, 42.993136567441326 ], [ -76.114902872893353, 42.994792239538107 ], [ -76.114606497099587, 42.996438778758723 ], [ -76.11419270889661, 42.998071672964521 ], [ -76.113662642449142, 42.999686447767353 ], [ -76.113017750632466, 43.00127867877972 ], [ -76.1122598010502, 43.002844003724178 ], [ -76.111390871189485, 43.004378134369091 ], [ -76.110413342726659, 43.005876868258071 ], [ -76.109329894999306, 43.007336100201336 ], [ -76.108143497662326, 43.008751833497804 ], [ -76.106857402548371, 43.01012019085745 ], [ -76.105475134754712, 43.011437424994241 ], [ -76.104000482981348, 43.012699928861274 ], [ -76.102437489146254, 43.01390424550015 ], [ -76.100790437306884, 43.015047077478101 ], [ -76.099063841917854, 43.016125295887626 ], [ -76.097262435457125, 43.017135948883968 ], [ -76.095391155454578, 43.018076269737932 ], [ -76.093455130958617, 43.018943684381959 ], [ -76.091459668477839, 43.019735818429439 ], [ -76.089410237436198, 43.02045050364849 ], [ -76.087312455181689, 43.021085783872458 ], [ -76.085172071589724, 43.021639920331708 ], [ -76.082994953302872, 43.022111396392191 ], [ -76.080787067651087, 43.022498921688147 ], [ -76.078554466295458, 43.02280143563793 ], [ -76.076303268641098, 43.023018110333453 ], [ -76.074039645064317, 43.023148352795559 ], [ -76.071769799999984, 43.023191806589452 ], [ -76.069499954935651, 43.023148352795559 ], [ -76.06723633135887, 43.023018110333453 ], [ -76.064985133704511, 43.02280143563793 ], [ -76.062752532348867, 43.022498921688147 ], [ -76.060544646697096, 43.022111396392191 ], [ -76.058367528410244, 43.021639920331708 ], [ -76.056227144818266, 43.021085783872458 ], [ -76.054129362563756, 43.02045050364849 ], [ -76.052079931522115, 43.019735818429439 ], [ -76.050084469041337, 43.018943684381959 ], [ -76.04814844454539, 43.018076269737932 ], [ -76.046277164542843, 43.017135948883968 ], [ -76.0444757580821, 43.016125295887626 ], [ -76.04274916269307, 43.015047077478101 ], [ -76.041102110853714, 43.01390424550015 ], [ -76.039539117018606, 43.012699928861274 ], [ -76.038064465245242, 43.011437424994241 ], [ -76.036682197451597, 43.01012019085745 ], [ -76.035396102337643, 43.008751833497804 ], [ -76.034209705000663, 43.007336100201336 ], [ -76.033126257273295, 43.005876868258071 ], [ -76.032148728810483, 43.004378134369091 ], [ -76.031279798949754, 43.002844003724178 ], [ -76.030521849367503, 43.00127867877972 ], [ -76.029876957550812, 42.999686447767353 ], [ -76.029346891103344, 42.998071672964521 ], [ -76.028933102900382, 42.996438778758723 ], [ -76.02863672710663, 42.994792239538114 ], [ -76.028458576067521, 42.993136567441326 ], [ -76.02839913808269, 42.9914763 ] ] ] } },
{ "type": "Feature", "properties": { "facility_name": "Oswego County Energy Recovery Facility", "city": "Fulton", "state": "NY" }, "geometry": { "type": "Polygon", "coordinates": [ [ [ -76.381809038082693, 43.3490932 ], [ -76.381868476067524, 43.347442580601843 ], [ -76.382046627106632, 43.345796440734489 ], [ -76.382343002900384, 43.344159292904159 ], [ -76.382756791103347, 43.342535625331195 ], [ -76.383286857550814, 43.340929889638225 ], [ -76.383931749367505, 43.339346488634682 ], [ -76.384689698949771, 43.337789764231495 ], [ -76.385558628810486, 43.336263985519217 ], [ -76.386536157273298, 43.334773337042428 ], [ -76.387619605000666, 43.333321907302896 ], [ -76.388806002337631, 43.331913677523268 ], [ -76.3900920974516, 43.330552510702489 ], [ -76.391474365245244, 43.329242140993145 ], [ -76.392949017018609, 43.32798616343041 ], [ -76.394512010853717, 43.326788024041022 ], [ -76.396159062693073, 43.325651010359813 ], [ -76.397885658082103, 43.324578242380291 ], [ -76.399687064542846, 43.323572663964399 ], [ -76.401558344545393, 43.322637034735493 ], [ -76.40349436904134, 43.321773922477078 ], [ -76.405489831522118, 43.32098569605872 ], [ -76.407539262563759, 43.320274518908718 ], [ -76.409637044818268, 43.319642343051918 ], [ -76.411777428410261, 43.319090903729396 ], [ -76.413954546697084, 43.318621714614963 ], [ -76.41616243234887, 43.318236063642004 ], [ -76.418395033704513, 43.317935009452334 ], [ -76.420646231358873, 43.317719378477001 ], [ -76.422909854935654, 43.317589762657292 ], [ -76.425179699999987, 43.317546517812232 ], [ -76.42744954506432, 43.317589762657292 ], [ -76.429713168641101, 43.317719378477001 ], [ -76.43196436629546, 43.317935009452334 ], [ -76.43419696765109, 43.318236063642004 ], [ -76.436404853302875, 43.318621714614963 ], [ -76.438581971589713, 43.319090903729396 ], [ -76.440722355181691, 43.319642343051918 ], [ -76.4428201374362, 43.320274518908718 ], [ -76.444869568477841, 43.32098569605872 ], [ -76.446865030958634, 43.321773922477078 ], [ -76.448801055454581, 43.322637034735493 ], [ -76.450672335457128, 43.323572663964399 ], [ -76.452473741917856, 43.324578242380291 ], [ -76.454200337306887, 43.325651010359813 ], [ -76.455847389146257, 43.326788024041022 ], [ -76.457410382981351, 43.32798616343041 ], [ -76.458885034754715, 43.329242140993145 ], [ -76.460267302548374, 43.330552510702489 ], [ -76.461553397662328, 43.331913677523268 ], [ -76.462739794999308, 43.333321907302896 ], [ -76.463823242726662, 43.334773337042428 ], [ -76.464800771189488, 43.336263985519217 ], [ -76.465669701050203, 43.337789764231495 ], [ -76.466427650632468, 43.339346488634682 ], [ -76.467072542449145, 43.340929889638225 ], [ -76.467602608896627, 43.342535625331195 ], [ -76.468016397099589, 43.344159292904159 ], [ -76.468312772893341, 43.345796440734489 ], [ -76.46849092393245, 43.347442580601843 ], [ -76.468550361917266, 43.3490932 ], [ -76.46849092393245, 43.350743774511386 ], [ -76.468312772893341, 43.352389780210238 ], [ -76.468016397099589, 43.354026706060324 ], [ -76.467602608896627, 43.355650066273348 ], [ -76.467072542449145, 43.357255412594185 ], [ -76.466427650632468, 43.358838346479445 ], [ -76.465669701050203, 43.360394531136052 ], [ -76.464800771189488, 43.361919703387024 ], [ -76.463823242726662, 43.363409685332307 ], [ -76.462739794999308, 43.364860395772794 ], [ -76.461553397662328, 43.366267861366616 ], [ -76.460267302548374, 43.367628227487423 ], [ -76.458885034754715, 43.368937768755259 ], [ -76.457410382981351, 43.370192899211524 ], [ -76.455847389146257, 43.371390182110574 ], [ -76.454200337306887, 43.372526339301459 ], [ -76.452473741917856, 43.373598260174539 ], [ -76.450672335457128, 43.374603010148967 ], [ -76.448801055454581, 43.375537838677964 ], [ -76.446865030958634, 43.376400186750644 ], [ -76.444869568477841, 43.377187693870027 ], [ -76.4428201374362, 43.377898204488616 ], [ -76.440722355181691, 43.378529773884196 ], [ -76.438581971589713, 43.37908067346023 ], [ -76.436404853302875, 43.379549395456465 ], [ -76.43419696765109, 43.379934657057369 ], [ -76.43196436629546, 43.380235403887148 ], [ -76.429713168641101, 43.380450812882266 ], [ -76.42744954506432, 43.380580294533516 ], [ -76.425179699999987, 43.380623494491829 ], [ -76.422909854935654, 43.380580294533516 ], [ -76.420646231358873, 43.380450812882266 ], [ -76.418395033704513, 43.380235403887148 ], [ -76.41616243234887, 43.379934657057369 ], [ -76.413954546697084, 43.379549395456465 ], [ -76.411777428410261, 43.37908067346023 ], [ -76.409637044818268, 43.378529773884196 ], [ -76.407539262563759, 43.377898204488616 ], [ -76.405489831522118, 43.377187693870027 ], [ -76.40349436904134, 43.376400186750644 ], [ -76.401558344545393, 43.375537838677964 ], [ -76.399687064542846, 43.374603010148967 ], [ -76.397885658082103, 43.373598260174539 ], [ -76.396159062693073, 43.372526339301459 ], [ -76.394512010853717, 43.371390182110574 ], [ -76.392949017018609, 43.370192899211524 ], [ -76.391474365245244, 43.368937768755259 ], [ -76.3900920974516, 43.367628227487423 ], [ -76.388806002337631, 43.366267861366616 ], [ -76.387619605000666, 43.364860395772794 ], [ -76.386536157273298, 43.363409685332307 ], [ -76.385558628810486, 43.361919703387024 ], [ -76.384689698949771, 43.360394531136052 ], [ -76.383931749367505, 43.358838346479445 ], [ -76.383286857550814, 43.357255412594185 ], [ -76.382756791103347, 43.355650066273348 ], [ -76.382343002900384, 43.354026706060324 ], [ -76.382046627106632, 43.352389780210245 ], [ -76.381868476067524, 43.350743774511386 ], [ -76.381809038082693, 43.3490932 ] ] ] } },
{ "type": "Feature", "properties": { "facility_name": "Wheelabrator Hudson Falls", "city": "Hudson Falls", "state": "NY" }, "geometry": { "type": "Polygon", "coordinates": [ [ [ -73.547971038082693, 43.305689 ], [ -73.548030476067524, 43.304037200732495 ], [ -73.548208627106632, 43.302389884233705 ], [ -73.548505002900399, 43.300751566234865 ], [ -73.548918791103347, 43.299126738163594 ], [ -73.549448857550814, 43.297519854823236 ], [ -73.55009374936752, 43.295935322168724 ], [ -73.550851698949771, 43.2943774852126 ], [ -73.5517206288105, 43.292850616094647 ], [ -73.552698157273312, 43.291358902347945 ], [ -73.553781605000665, 43.289906435393839 ], [ -73.554968002337645, 43.288497199297701 ], [ -73.556254097451614, 43.287135059816393 ], [ -73.557636365245259, 43.285823753768213 ], [ -73.559111017018623, 43.284566878754482 ], [ -73.560674010853731, 43.283367883261469 ], [ -73.562321062693087, 43.282230057170217 ], [ -73.564047658082103, 43.281156522700677 ], [ -73.565849064542846, 43.28015022581539 ], [ -73.567720344545393, 43.279213928106657 ], [ -73.56965636904134, 43.278350199189951 ], [ -73.571651831522118, 43.277561409624795 ], [ -73.573701262563773, 43.276849724382735 ], [ -73.575799044818254, 43.276217096881048 ], [ -73.577939428410261, 43.275665263598498 ], [ -73.580116546697084, 43.275195739288499 ], [ -73.582324432348869, 43.274809812803042 ], [ -73.584557033704527, 43.274508543538929 ], [ -73.586808231358873, 43.274292758516623 ], [ -73.589071854935668, 43.274163050099531 ], [ -73.591341699999987, 43.274119774360464 ], [ -73.59361154506432, 43.274163050099531 ], [ -73.595875168641101, 43.274292758516623 ], [ -73.59812636629546, 43.274508543538929 ], [ -73.60035896765109, 43.274809812803042 ], [ -73.602566853302875, 43.275195739288499 ], [ -73.604743971589727, 43.275665263598498 ], [ -73.606884355181705, 43.276217096881048 ], [ -73.6089821374362, 43.276849724382735 ], [ -73.611031568477856, 43.277561409624795 ], [ -73.613027030958634, 43.278350199189951 ], [ -73.614963055454581, 43.279213928106657 ], [ -73.616834335457142, 43.28015022581539 ], [ -73.618635741917871, 43.281156522700677 ], [ -73.620362337306887, 43.282230057170217 ], [ -73.622009389146257, 43.283367883261469 ], [ -73.623572382981351, 43.284566878754482 ], [ -73.625047034754729, 43.285823753768213 ], [ -73.626429302548374, 43.287135059816393 ], [ -73.627715397662328, 43.288497199297701 ], [ -73.628901794999322, 43.289906435393839 ], [ -73.629985242726661, 43.291358902347945 ], [ -73.630962771189488, 43.292850616094647 ], [ -73.631831701050189, 43.2943774852126 ], [ -73.632589650632454, 43.295935322168724 ], [ -73.633234542449145, 43.297519854823236 ], [ -73.633764608896627, 43.299126738163594 ], [ -73.634178397099589, 43.300751566234865 ], [ -73.634474772893356, 43.302389884233705 ], [ -73.63465292393245, 43.304037200732495 ], [ -73.634712361917281, 43.305689 ], [ -73.63465292393245, 43.307340754384697 ], [ -73.634474772893356, 43.308987936726865 ], [ -73.634178397099589, 43.310626032765114 ], [ -73.633764608896627, 43.312250553503674 ], [ -73.633234542449145, 43.313857047506374 ], [ -73.632589650632454, 43.315441113083978 ], [ -73.631831701050189, 43.31699841034132 ], [ -73.630962771189488, 43.318524673051677 ], [ -73.629985242726661, 43.320015720325898 ], [ -73.628901794999322, 43.321467468044638 ], [ -73.627715397662328, 43.322875940022662 ], [ -73.626429302548374, 43.324237278874897 ], [ -73.625047034754729, 43.325547756554933 ], [ -73.623572382981351, 43.326803784537205 ], [ -73.622009389146257, 43.328001923615723 ], [ -73.620362337306887, 43.329138893292502 ], [ -73.618635741917871, 43.330211580730612 ], [ -73.616834335457142, 43.331217049247812 ], [ -73.614963055454581, 43.332152546327542 ], [ -73.613027030958634, 43.333015511126177 ], [ -73.611031568477856, 43.33380358145606 ], [ -73.6089821374362, 43.334514600225731 ], [ -73.606884355181705, 43.335146621319915 ], [ -73.604743971589727, 43.335697914903768 ], [ -73.602566853302875, 43.33616697213693 ], [ -73.60035896765109, 43.336552509284815 ], [ -73.59812636629546, 43.336853471216259 ], [ -73.595875168641101, 43.337069034278016 ], [ -73.59361154506432, 43.337198608538515 ], [ -73.591341699999987, 43.337241839394814 ], [ -73.589071854935668, 43.337198608538515 ], [ -73.586808231358873, 43.337069034278016 ], [ -73.584557033704527, 43.336853471216259 ], [ -73.582324432348869, 43.336552509284815 ], [ -73.580116546697084, 43.33616697213693 ], [ -73.577939428410261, 43.335697914903768 ], [ -73.575799044818254, 43.335146621319915 ], [ -73.573701262563773, 43.334514600225731 ], [ -73.571651831522118, 43.33380358145606 ], [ -73.56965636904134, 43.333015511126177 ], [ -73.567720344545393, 43.332152546327542 ], [ -73.565849064542846, 43.331217049247812 ], [ -73.564047658082103, 43.330211580730612 ], [ -73.562321062693087, 43.329138893292502 ], [ -73.560674010853731, 43.328001923615723 ], [ -73.559111017018623, 43.326803784537205 ], [ -73.557636365245259, 43.325547756554933 ], [ -73.556254097451614, 43.324237278874897 ], [ -73.554968002337645, 43.322875940022662 ], [ -73.553781605000665, 43.321467468044638 ], [ -73.552698157273312, 43.320015720325898 ], [ -73.5517206288105, 43.318524673051677 ], [ -73.550851698949771, 43.31699841034132 ], [ -73.55009374936752, 43.315441113083978 ], [ -73.549448857550814, 43.313857047506374 ], [ -73.548918791103347, 43.312250553503674 ], [ -73.548505002900399, 43.310626032765114 ], [ -73.548208627106632, 43.308987936726872 ], [ -73.548030476067524, 43.307340754384697 ], [ -73.547971038082693, 43.305689 ] ] ] } },
{ "type": "Feature", "properties": { "facility_name": "Wheelabrator Westchester", "city": "Peekskill", "state": "NY" }, "geometry": { "type": "Polygon", "coordinates": [ [ [ -73.898545038082702, 41.277050599999988 ], [ -73.898604476067533, 41.275344724606818 ], [ -73.898782627106627, 41.273643480500716 ], [ -73.899079002900393, 41.271951531221262 ], [ -73.899492791103356, 41.270273515189764 ], [ -73.900022857550823, 41.268614032985795 ], [ -73.900667749367528, 41.266977634723531 ], [ -73.90142569894978, 41.265368807562815 ], [ -73.902294628810509, 41.263791963389323 ], [ -73.903272157273321, 41.262251426697659 ], [ -73.904355605000674, 41.260751422711216 ], [ -73.90554200233764, 41.259296065771252 ], [ -73.906828097451609, 41.257889348027653 ], [ -73.908210365245253, 41.256535128462573 ], [ -73.909685017018617, 41.255237122277435 ], [ -73.911248010853726, 41.253998890672797 ], [ -73.912895062693082, 41.252823831049476 ], [ -73.914621658082112, 41.251715167658247 ], [ -73.916423064542855, 41.250675942724108 ], [ -73.918294344545401, 41.249709008069914 ], [ -73.920230369041349, 41.248817017262667 ], [ -73.922225831522127, 41.24800241830453 ], [ -73.924275262563768, 41.247267446888863 ], [ -73.926373044818263, 41.246614120240174 ], [ -73.928513428410255, 41.246044231555317 ], [ -73.930690546697093, 41.245559345061309 ], [ -73.932898432348878, 41.245160791703796 ], [ -73.935131033704522, 41.244849665478164 ], [ -73.937382231358882, 41.244626820413522 ], [ -73.939645854935662, 41.244492868218224 ], [ -73.9419157, 41.24444817659321 ], [ -73.944185545064315, 41.244492868218224 ], [ -73.946449168641109, 41.244626820413522 ], [ -73.948700366295469, 41.244849665478164 ], [ -73.950932967651099, 41.245160791703796 ], [ -73.953140853302884, 41.245559345061309 ], [ -73.955317971589722, 41.246044231555317 ], [ -73.957458355181714, 41.246614120240174 ], [ -73.959556137436195, 41.247267446888863 ], [ -73.96160556847785, 41.24800241830453 ], [ -73.963601030958642, 41.248817017262667 ], [ -73.96553705545459, 41.249709008069914 ], [ -73.967408335457137, 41.250675942724108 ], [ -73.969209741917865, 41.251715167658247 ], [ -73.970936337306895, 41.252823831049476 ], [ -73.972583389146266, 41.253998890672797 ], [ -73.97414638298136, 41.255237122277435 ], [ -73.975621034754724, 41.256535128462573 ], [ -73.977003302548383, 41.257889348027653 ], [ -73.978289397662323, 41.259296065771252 ], [ -73.979475794999317, 41.260751422711216 ], [ -73.98055924272667, 41.262251426697659 ], [ -73.981536771189482, 41.263791963389323 ], [ -73.982405701050197, 41.265368807562815 ], [ -73.983163650632463, 41.266977634723531 ], [ -73.983808542449154, 41.268614032985795 ], [ -73.984338608896635, 41.270273515189764 ], [ -73.984752397099598, 41.271951531221262 ], [ -73.98504877289335, 41.273643480500716 ], [ -73.985226923932458, 41.275344724606818 ], [ -73.985286361917275, 41.277050599999988 ], [ -73.985226923932458, 41.278756430810901 ], [ -73.98504877289335, 41.280457541658642 ], [ -73.984752397099598, 41.282149270463677 ], [ -73.984338608896635, 41.283826981220237 ], [ -73.983808542449154, 41.285486076693424 ], [ -73.983163650632463, 41.287122011006147 ], [ -73.982405701050197, 41.288730302081689 ], [ -73.981536771189482, 41.290306543907867 ], [ -73.98055924272667, 41.291846418589508 ], [ -73.979475794999317, 41.29334570815633 ], [ -73.978289397662323, 41.294800306094416 ], [ -73.977003302548383, 41.296206228569666 ], [ -73.975621034754724, 41.297559625313049 ], [ -73.97414638298136, 41.298856790138146 ], [ -73.972583389146266, 41.300094171062533 ], [ -73.970936337306895, 41.301268380005602 ], [ -73.969209741917865, 41.302376202036825 ], [ -73.967408335457137, 41.303414604149317 ], [ -73.96553705545459, 41.304380743535226 ], [ -73.963601030958642, 41.305271975340681 ], [ -73.96160556847785, 41.306085859879275 ], [ -73.959556137436195, 41.306820169285011 ], [ -73.957458355181714, 41.307472893586471 ], [ -73.955317971589722, 41.308042246186261 ], [ -73.953140853302884, 41.308526668730821 ], [ -73.950932967651099, 41.308924835357622 ], [ -73.948700366295469, 41.309235656308381 ], [ -73.946449168641109, 41.309458280898646 ], [ -73.944185545064315, 41.309592099835626 ], [ -73.9419157, 41.309636746878382 ], [ -73.939645854935662, 41.309592099835626 ], [ -73.937382231358882, 41.309458280898646 ], [ -73.935131033704522, 41.309235656308381 ], [ -73.932898432348878, 41.308924835357622 ], [ -73.930690546697093, 41.308526668730821 ], [ -73.928513428410255, 41.308042246186261 ], [ -73.926373044818263, 41.307472893586471 ], [ -73.924275262563768, 41.306820169285011 ], [ -73.922225831522127, 41.306085859879275 ], [ -73.920230369041349, 41.305271975340681 ], [ -73.918294344545401, 41.304380743535226 ], [ -73.916423064542855, 41.303414604149317 ], [ -73.914621658082112, 41.302376202036825 ], [ -73.912895062693082, 41.301268380005602 ], [ -73.911248010853726, 41.300094171062533 ], [ -73.909685017018617, 41.298856790138146 ], [ -73.908210365245253, 41.297559625313049 ], [ -73.906828097451609, 41.296206228569666 ], [ -73.90554200233764, 41.294800306094416 ], [ -73.904355605000674, 41.29334570815633 ], [ -73.903272157273321, 41.291846418589508 ], [ -73.902294628810509, 41.290306543907867 ], [ -73.90142569894978, 41.288730302081689 ], [ -73.900667749367528, 41.287122011006147 ], [ -73.900022857550823, 41.285486076693424 ], [ -73.899492791103356, 41.283826981220237 ], [ -73.899079002900393, 41.282149270463677 ], [ -73.898782627106627, 41.280457541658656 ], [ -73.898604476067533, 41.278756430810901 ], [ -73.898545038082702, 41.277050599999988 ] ] ] } },
{ "type": "Feature", "properties": { "facility_name": "Covanta Tulsa Renewable Energy Facility", "city": "Tulsa", "state": "NY" }, "geometry": { "type": "Polygon", "coordinates": [ [ [ -95.974496338082702, 36.132162 ], [ -95.974555776067533, 36.130328717744568 ], [ -95.974733927106627, 36.128500417740668 ], [ -95.975030302900393, 36.126682111758193 ], [ -95.975444091103341, 36.12487878451816 ], [ -95.975974157550823, 36.123095380020473 ], [ -95.976619049367514, 36.121336787979459 ], [ -95.977376998949779, 36.119607830404846 ], [ -95.97824592881048, 36.11791324836485 ], [ -95.979223457273307, 36.116257688968055 ], [ -95.980306905000674, 36.114645692599964 ], [ -95.981493302337654, 36.113081680449532 ], [ -95.982779397451608, 36.111569942360063 ], [ -95.984161665245253, 36.11011462503825 ], [ -95.985636317018631, 36.108719720653973 ], [ -95.987199310853711, 36.10738905586247 ], [ -95.988846362693096, 36.106126281279394 ], [ -95.990572958082112, 36.104934861437947 ], [ -95.99237436454284, 36.103818065256092 ], [ -95.994245644545387, 36.102778957040336 ], [ -95.996181669041334, 36.101820388051067 ], [ -95.998177131522127, 36.100944988653197 ], [ -96.000226562563768, 36.100155161073594 ], [ -96.002324344818277, 36.099453072786012 ], [ -96.004464728410255, 36.098840650541483 ], [ -96.006641846697093, 36.098319575061304 ], [ -96.008849732348864, 36.097891276407069 ], [ -96.011082333704508, 36.097556930040959 ], [ -96.013333531358867, 36.097317453587195 ], [ -96.015597154935648, 36.097173504303676 ], [ -96.017867, 36.097125477270964 ], [ -96.020136845064314, 36.097173504303676 ], [ -96.022400468641095, 36.097317453587195 ], [ -96.024651666295469, 36.097556930040959 ], [ -96.026884267651099, 36.097891276407069 ], [ -96.029092153302884, 36.098319575061304 ], [ -96.031269271589721, 36.098840650541483 ], [ -96.033409655181714, 36.099453072786012 ], [ -96.035507437436195, 36.100155161073594 ], [ -96.03755686847785, 36.100944988653197 ], [ -96.039552330958642, 36.101820388051067 ], [ -96.041488355454575, 36.102778957040336 ], [ -96.043359635457136, 36.103818065256092 ], [ -96.045161041917865, 36.104934861437947 ], [ -96.046887637306881, 36.106126281279394 ], [ -96.048534689146265, 36.10738905586247 ], [ -96.05009768298136, 36.108719720653973 ], [ -96.051572334754724, 36.11011462503825 ], [ -96.052954602548368, 36.111569942360063 ], [ -96.054240697662337, 36.113081680449532 ], [ -96.055427094999303, 36.114645692599964 ], [ -96.05651054272667, 36.116257688968055 ], [ -96.057488071189482, 36.11791324836485 ], [ -96.058357001050197, 36.119607830404846 ], [ -96.059114950632463, 36.121336787979459 ], [ -96.059759842449154, 36.123095380020473 ], [ -96.060289908896621, 36.12487878451816 ], [ -96.060703697099584, 36.126682111758193 ], [ -96.06100007289335, 36.128500417740668 ], [ -96.061178223932444, 36.130328717744568 ], [ -96.061237661917275, 36.132162 ], [ -96.061178223932444, 36.133995239430959 ], [ -96.06100007289335, 36.135823411430636 ], [ -96.060703697099584, 36.137641505631592 ], [ -96.060289908896621, 36.139444539633097 ], [ -96.059759842449154, 36.141227572648091 ], [ -96.059114950632463, 36.142985719032232 ], [ -96.058357001050197, 36.14471416165852 ], [ -96.057488071189482, 36.146408165100652 ], [ -96.05651054272667, 36.148063088589268 ], [ -96.055427094999303, 36.149674398705983 ], [ -96.054240697662337, 36.151237681780586 ], [ -96.052954602548368, 36.15274865595768 ], [ -96.051572334754724, 36.154203182900154 ], [ -96.05009768298136, 36.155597279097691 ], [ -96.048534689146265, 36.156927126749707 ], [ -96.046887637306881, 36.15818908419331 ], [ -96.045161041917865, 36.159379695848045 ], [ -96.043359635457136, 36.160495701650603 ], [ -96.041488355454575, 36.161534045954063 ], [ -96.039552330958642, 36.162491885867595 ], [ -96.03755686847785, 36.163366599014203 ], [ -96.035507437436195, 36.164155790685726 ], [ -96.033409655181714, 36.164857300375559 ], [ -96.031269271589721, 36.165469207671883 ], [ -96.029092153302884, 36.16598983749531 ], [ -96.026884267651099, 36.166417764666932 ], [ -96.024651666295469, 36.166751817794584 ], [ -96.022400468641095, 36.166991082466886 ], [ -96.020136845064314, 36.167134903746231 ], [ -96.017867, 36.167182887954461 ], [ -96.015597154935648, 36.167134903746231 ], [ -96.013333531358867, 36.166991082466886 ], [ -96.011082333704508, 36.166751817794584 ], [ -96.008849732348864, 36.166417764666932 ], [ -96.006641846697093, 36.16598983749531 ], [ -96.004464728410255, 36.165469207671883 ], [ -96.002324344818277, 36.164857300375559 ], [ -96.000226562563768, 36.164155790685726 ], [ -95.998177131522127, 36.163366599014203 ], [ -95.996181669041334, 36.162491885867595 ], [ -95.994245644545387, 36.161534045954063 ], [ -95.99237436454284, 36.160495701650603 ], [ -95.990572958082112, 36.159379695848045 ], [ -95.988846362693096, 36.15818908419331 ], [ -95.987199310853711, 36.156927126749707 ], [ -95.985636317018631, 36.155597279097691 ], [ -95.984161665245253, 36.154203182900154 ], [ -95.982779397451608, 36.15274865595768 ], [ -95.981493302337654, 36.151237681780586 ], [ -95.980306905000674, 36.149674398705983 ], [ -95.979223457273307, 36.148063088589268 ], [ -95.97824592881048, 36.146408165100652 ], [ -95.977376998949779, 36.14471416165852 ], [ -95.976619049367514, 36.142985719032232 ], [ -95.975974157550823, 36.141227572648091 ], [ -95.975444091103341, 36.139444539633097 ], [ -95.975030302900393, 36.137641505631592 ], [ -95.974733927106627, 36.135823411430643 ], [ -95.974555776067533, 36.133995239430959 ], [ -95.974496338082702, 36.132162 ] ] ] } },
{ "type": "Feature", "properties": { "facility_name": "Marion County Solid Waste-to-Energy Facility", "city": "Brooks, ", "state": "OR" }, "geometry": { "type": "Polygon", "coordinates": [ [ [ -122.919368338082691, 45.048133 ], [ -122.919427776067536, 45.046529303594802 ], [ -122.91960592710663, 45.044929958033329 ], [ -122.919902302900383, 45.043339347562629 ], [ -122.920316091103345, 45.041761832848756 ], [ -122.920846157550841, 45.040201739014513 ], [ -122.921491049367503, 45.038663343770693 ], [ -122.922248998949783, 45.037150865673695 ], [ -122.923117928810484, 45.0356684525416 ], [ -122.92409545727331, 45.034220170061033 ], [ -122.925178905000678, 45.032809990616023 ], [ -122.926365302337643, 45.031441782369924 ], [ -122.927651397451612, 45.030119298630673 ], [ -122.929033665245257, 45.028846167528712 ], [ -122.930508317018621, 45.027625882036496 ], [ -122.932071310853715, 45.026461790357132 ], [ -122.933718362693085, 45.025357086708993 ], [ -122.935444958082115, 45.02431480253199 ], [ -122.937246364542844, 45.023337798140012 ], [ -122.939117644545391, 45.022428754842771 ], [ -122.941053669041338, 45.021590167559211 ], [ -122.94304913152213, 45.020824337943019 ], [ -122.945098562563757, 45.020133368039453 ], [ -122.947196344818281, 45.019519154491427 ], [ -122.949336728410259, 45.018983383310839 ], [ -122.951513846697111, 45.018527525230041 ], [ -122.953721732348868, 45.018152831646269 ], [ -122.955954333704497, 45.01786033117066 ], [ -122.958205531358871, 45.017650826791311 ], [ -122.960469154935637, 45.017524893658489 ], [ -122.962739, 45.017482877498203 ], [ -122.965008845064332, 45.017524893658489 ], [ -122.967272468641113, 45.017650826791311 ], [ -122.969523666295473, 45.01786033117066 ], [ -122.971756267651116, 45.018152831646269 ], [ -122.973964153302873, 45.018527525230041 ], [ -122.976141271589725, 45.018983383310839 ], [ -122.978281655181704, 45.019519154491427 ], [ -122.980379437436227, 45.020133368039453 ], [ -122.982428868477854, 45.020824337943019 ], [ -122.984424330958646, 45.021590167559211 ], [ -122.986360355454579, 45.022428754842771 ], [ -122.988231635457126, 45.023337798140012 ], [ -122.990033041917869, 45.02431480253199 ], [ -122.991759637306899, 45.025357086708993 ], [ -122.993406689146269, 45.026461790357132 ], [ -122.994969682981363, 45.027625882036496 ], [ -122.996444334754727, 45.028846167528712 ], [ -122.997826602548358, 45.030119298630673 ], [ -122.999112697662341, 45.031441782369924 ], [ -123.000299094999292, 45.032809990616023 ], [ -123.001382542726674, 45.034220170061033 ], [ -123.002360071189486, 45.0356684525416 ], [ -123.003229001050201, 45.037150865673695 ], [ -123.003986950632466, 45.038663343770693 ], [ -123.004631842449143, 45.040201739014513 ], [ -123.005161908896639, 45.041761832848756 ], [ -123.005575697099587, 45.043339347562629 ], [ -123.005872072893354, 45.044929958033329 ], [ -123.006050223932434, 45.046529303594802 ], [ -123.006109661917293, 45.048133 ], [ -123.006050223932434, 45.049736651443851 ], [ -123.005872072893354, 45.051335862613925 ], [ -123.005575697099587, 45.052926250735588 ], [ -123.005161908896639, 45.054503457578896 ], [ -123.004631842449143, 45.056063161394121 ], [ -123.003986950632466, 45.05760108874361 ], [ -123.003229001050201, 45.059113026197316 ], [ -123.002360071189486, 45.060594831860556 ], [ -123.001382542726674, 45.062042446702272 ], [ -123.000299094999292, 45.063451905653224 ], [ -122.999112697662341, 45.064819348443933 ], [ -122.997826602548358, 45.066141030152963 ], [ -122.996444334754727, 45.067413331437074 ], [ -122.994969682981363, 45.068632768415476 ], [ -122.993406689146269, 45.069796002181562 ], [ -122.991759637306899, 45.070899847916429 ], [ -122.990033041917869, 45.071941283579648 ], [ -122.988231635457126, 45.072917458153817 ], [ -122.986360355454579, 45.073825699420887 ], [ -122.984424330958646, 45.074663521249128 ], [ -122.982428868477854, 45.075428630371334 ], [ -122.980379437436227, 45.076118932636128 ], [ -122.978281655181704, 45.076732538715376 ], [ -122.976141271589725, 45.077267769252757 ], [ -122.973964153302873, 45.077723159439309 ], [ -122.971756267651116, 45.078097463004127 ], [ -122.969523666295473, 45.078389655609215 ], [ -122.967272468641113, 45.078598937639569 ], [ -122.965008845064332, 45.07872473638102 ], [ -122.962739, 45.078766707579987 ], [ -122.960469154935637, 45.07872473638102 ], [ -122.958205531358871, 45.078598937639569 ], [ -122.955954333704497, 45.078389655609215 ], [ -122.953721732348868, 45.078097463004127 ], [ -122.951513846697111, 45.077723159439309 ], [ -122.949336728410259, 45.077267769252757 ], [ -122.947196344818281, 45.076732538715376 ], [ -122.945098562563757, 45.076118932636128 ], [ -122.94304913152213, 45.075428630371334 ], [ -122.941053669041338, 45.074663521249128 ], [ -122.939117644545391, 45.073825699420887 ], [ -122.937246364542844, 45.072917458153817 ], [ -122.935444958082115, 45.071941283579648 ], [ -122.933718362693085, 45.070899847916429 ], [ -122.932071310853715, 45.069796002181562 ], [ -122.930508317018621, 45.068632768415476 ], [ -122.929033665245257, 45.067413331437074 ], [ -122.927651397451612, 45.066141030152963 ], [ -122.926365302337643, 45.064819348443933 ], [ -122.925178905000678, 45.063451905653224 ], [ -122.92409545727331, 45.062042446702272 ], [ -122.923117928810484, 45.060594831860556 ], [ -122.922248998949783, 45.059113026197316 ], [ -122.921491049367503, 45.05760108874361 ], [ -122.920846157550841, 45.056063161394121 ], [ -122.920316091103345, 45.054503457578896 ], [ -122.919902302900383, 45.052926250735588 ], [ -122.91960592710663, 45.051335862613932 ], [ -122.919427776067536, 45.049736651443851 ], [ -122.919368338082691, 45.048133 ] ] ] } },
{ "type": "Feature", "properties": { "facility_name": "Covanta Plymouth Renewable Energy", "city": "Conschohocken", "state": "PA" }, "geometry": { "type": "Polygon", "coordinates": [ [ [ -75.273286238082704, 40.0918866 ], [ -75.273345676067521, 40.090150117763521 ], [ -75.273523827106629, 40.088418350983439 ], [ -75.273820202900396, 40.086696046856538 ], [ -75.274233991103344, 40.084987926999105 ], [ -75.27476405755084, 40.083298674495424 ], [ -75.275408949367517, 40.081632921048168 ], [ -75.276166898949782, 40.079995234265859 ], [ -75.277035828810497, 40.078390105122622 ], [ -75.278013357273309, 40.076821935624785 ], [ -75.279096805000663, 40.075295026718315 ], [ -75.280283202337657, 40.073813566470655 ], [ -75.281569297451611, 40.072381618559497 ], [ -75.282951565245256, 40.071003111100651 ], [ -75.284426217018634, 40.069681825845777 ], [ -75.285989210853728, 40.068421387780027 ], [ -75.287636262693098, 40.067225255148628 ], [ -75.289362858082114, 40.066096709940062 ], [ -75.291164264542843, 40.065038848852254 ], [ -75.29303554454539, 40.064054574767184 ], [ -75.294971569041337, 40.063146588757476 ], [ -75.296967031522129, 40.0623173826474 ], [ -75.299016462563785, 40.061569232148997 ], [ -75.301114244818265, 40.060904190592609 ], [ -75.303254628410258, 40.060324083269208 ], [ -75.305431746697096, 40.059830502400516 ], [ -75.307639632348881, 40.05942480275084 ], [ -75.309872233704525, 40.059108097893024 ], [ -75.31212343135887, 40.058881257138928 ], [ -75.314387054935665, 40.058744903143079 ], [ -75.316656899999984, 40.058699410186129 ], [ -75.318926745064317, 40.058744903143079 ], [ -75.321190368641098, 40.058881257138928 ], [ -75.323441566295458, 40.059108097893024 ], [ -75.325674167651101, 40.05942480275084 ], [ -75.327882053302901, 40.059830502400516 ], [ -75.330059171589724, 40.060324083269208 ], [ -75.332199555181717, 40.060904190592609 ], [ -75.334297337436212, 40.061569232148997 ], [ -75.336346768477867, 40.0623173826474 ], [ -75.338342230958645, 40.063146588757476 ], [ -75.340278255454578, 40.064054574767184 ], [ -75.342149535457139, 40.065038848852254 ], [ -75.343950941917882, 40.066096709940062 ], [ -75.345677537306898, 40.067225255148628 ], [ -75.347324589146254, 40.068421387780027 ], [ -75.348887582981362, 40.069681825845777 ], [ -75.350362234754726, 40.071003111100651 ], [ -75.351744502548371, 40.072381618559497 ], [ -75.35303059766234, 40.073813566470655 ], [ -75.354216994999319, 40.075295026718315 ], [ -75.355300442726659, 40.076821935624785 ], [ -75.356277971189485, 40.078390105122622 ], [ -75.3571469010502, 40.079995234265859 ], [ -75.357904850632451, 40.081632921048168 ], [ -75.358549742449156, 40.083298674495424 ], [ -75.359079808896624, 40.084987926999105 ], [ -75.3594935970996, 40.086696046856538 ], [ -75.359789972893338, 40.088418350983439 ], [ -75.359968123932461, 40.090150117763521 ], [ -75.360027561917278, 40.0918866 ], [ -75.359968123932461, 40.093623037933334 ], [ -75.359789972893338, 40.095354672289368 ], [ -75.3594935970996, 40.097076757322192 ], [ -75.359079808896624, 40.098784573815962 ], [ -75.358549742449156, 40.100473442010085 ], [ -75.357904850632451, 40.102138734412506 ], [ -75.3571469010502, 40.103775888465982 ], [ -75.356277971189485, 40.105380419033082 ], [ -75.355300442726659, 40.106947930665605 ], [ -75.354216994999319, 40.108474129625293 ], [ -75.35303059766234, 40.109954835623043 ], [ -75.351744502548371, 40.111385993244873 ], [ -75.350362234754726, 40.112763683033556 ], [ -75.348887582981362, 40.114084132195998 ], [ -75.347324589146254, 40.11534372490744 ], [ -75.345677537306898, 40.116539012184539 ], [ -75.343950941917882, 40.117666721300708 ], [ -75.342149535457139, 40.118723764718403 ], [ -75.340278255454578, 40.11970724851421 ], [ -75.338342230958645, 40.120614480274085 ], [ -75.336346768477867, 40.121442976437486 ], [ -75.334297337436212, 40.122190469070674 ], [ -75.332199555181717, 40.122854912051025 ], [ -75.330059171589724, 40.123434486645685 ], [ -75.327882053302901, 40.123927606469628 ], [ -75.325674167651101, 40.124332921809845 ], [ -75.323441566295458, 40.124649323304055 ], [ -75.321190368641112, 40.124875944964131 ], [ -75.318926745064317, 40.12501216653596 ], [ -75.316656899999984, 40.125057615189775 ], [ -75.314387054935665, 40.12501216653596 ], [ -75.312123431358884, 40.124875944964131 ], [ -75.309872233704525, 40.124649323304055 ], [ -75.307639632348881, 40.124332921809845 ], [ -75.305431746697096, 40.123927606469628 ], [ -75.303254628410258, 40.123434486645685 ], [ -75.301114244818265, 40.122854912051025 ], [ -75.299016462563785, 40.122190469070674 ], [ -75.296967031522129, 40.121442976437486 ], [ -75.294971569041337, 40.120614480274085 ], [ -75.29303554454539, 40.11970724851421 ], [ -75.291164264542843, 40.118723764718403 ], [ -75.289362858082114, 40.117666721300708 ], [ -75.287636262693098, 40.116539012184539 ], [ -75.285989210853728, 40.11534372490744 ], [ -75.284426217018634, 40.114084132195998 ], [ -75.282951565245256, 40.112763683033556 ], [ -75.281569297451611, 40.111385993244873 ], [ -75.280283202337657, 40.109954835623043 ], [ -75.279096805000663, 40.108474129625293 ], [ -75.278013357273309, 40.106947930665605 ], [ -75.277035828810497, 40.105380419033082 ], [ -75.276166898949782, 40.103775888465982 ], [ -75.275408949367517, 40.102138734412506 ], [ -75.27476405755084, 40.100473442010085 ], [ -75.274233991103344, 40.098784573815962 ], [ -75.273820202900396, 40.097076757322192 ], [ -75.273523827106629, 40.095354672289375 ], [ -75.273345676067521, 40.093623037933334 ], [ -75.273286238082704, 40.0918866 ] ] ] } },
{ "type": "Feature", "properties": { "facility_name": "Delaware Valley Resource Recovery Facility ", "city": "Chester", "state": "PA" }, "geometry": { "type": "Polygon", "coordinates": [ [ [ -75.345028238082705, 39.8265058 ], [ -75.345087676067521, 39.824762565661693 ], [ -75.34526582710663, 39.823024065359469 ], [ -75.345562202900396, 39.82129506474535 ], [ -75.345975991103359, 39.819580303788754 ], [ -75.346506057550826, 39.817884483774776 ], [ -75.347150949367517, 39.816212254404554 ], [ -75.347908898949782, 39.81456820103358 ], [ -75.348777828810498, 39.812956832082783 ], [ -75.34975535727331, 39.811382566657329 ], [ -75.350838805000663, 39.809849722407243 ], [ -75.352025202337657, 39.808362503663545 ], [ -75.353311297451611, 39.806924989882468 ], [ -75.354693565245256, 39.805541124430128 ], [ -75.356168217018634, 39.804214703738531 ], [ -75.357731210853714, 39.802949366863054 ], [ -75.359378262693099, 39.801748585470477 ], [ -75.361104858082115, 39.800615654285487 ], [ -75.362906264542843, 39.799553682021973 ], [ -75.36477754454539, 39.798565582824835 ], [ -75.366713569041352, 39.797654068245684 ], [ -75.368709031522144, 39.796821639775217 ], [ -75.370758462563771, 39.796070581952939 ], [ -75.37285624481828, 39.795402956073474 ], [ -75.374996628410258, 39.794820594507172 ], [ -75.377173746697096, 39.794325095650862 ], [ -75.379381632348881, 39.793917819522783 ], [ -75.381614233704511, 39.793599884014185 ], [ -75.383865431358871, 39.793372161807973 ], [ -75.386129054935651, 39.79323527797321 ], [ -75.388398899999984, 39.793189608241882 ], [ -75.390668745064318, 39.79323527797321 ], [ -75.392932368641098, 39.793372161807973 ], [ -75.395183566295472, 39.793599884014185 ], [ -75.397416167651102, 39.793917819522783 ], [ -75.399624053302887, 39.794325095650862 ], [ -75.401801171589725, 39.794820594507172 ], [ -75.403941555181717, 39.795402956073474 ], [ -75.406039337436212, 39.796070581952939 ], [ -75.408088768477853, 39.796821639775217 ], [ -75.410084230958631, 39.797654068245684 ], [ -75.412020255454578, 39.798565582824835 ], [ -75.41389153545714, 39.799553682021973 ], [ -75.415692941917882, 39.800615654285487 ], [ -75.417419537306898, 39.801748585470477 ], [ -75.419066589146269, 39.802949366863054 ], [ -75.420629582981363, 39.804214703738531 ], [ -75.422104234754727, 39.805541124430128 ], [ -75.423486502548371, 39.806924989882468 ], [ -75.42477259766234, 39.808362503663545 ], [ -75.425958994999306, 39.809849722407243 ], [ -75.427042442726673, 39.811382566657329 ], [ -75.428019971189485, 39.812956832082783 ], [ -75.4288889010502, 39.81456820103358 ], [ -75.429646850632466, 39.816212254404554 ], [ -75.430291742449157, 39.817884483774776 ], [ -75.430821808896624, 39.819580303788754 ], [ -75.431235597099587, 39.82129506474535 ], [ -75.431531972893353, 39.823024065359469 ], [ -75.431710123932447, 39.824762565661693 ], [ -75.431769561917278, 39.8265058 ], [ -75.431710123932447, 39.828248990108065 ], [ -75.431531972893353, 39.829987358204171 ], [ -75.431235597099587, 39.831716140084779 ], [ -75.430821808896624, 39.833430598176932 ], [ -75.430291742449157, 39.83512603451382 ], [ -75.429646850632466, 39.836797803597918 ], [ -75.4288889010502, 39.838441325116754 ], [ -75.428019971189485, 39.840052096476477 ], [ -75.427042442726673, 39.841625705119263 ], [ -75.425958994999306, 39.843157840590912 ], [ -75.42477259766234, 39.844644306325954 ], [ -75.423486502548371, 39.846081031118267 ], [ -75.422104234754727, 39.84746408024607 ], [ -75.420629582981363, 39.848789666221165 ], [ -75.419066589146269, 39.850054159133521 ], [ -75.417419537306898, 39.851254096562975 ], [ -75.415692941917882, 39.852386193031506 ], [ -75.41389153545714, 39.853447348970519 ], [ -75.412020255454578, 39.854434659178956 ], [ -75.410084230958631, 39.855345420749536 ], [ -75.408088768477853, 39.856177140441652 ], [ -75.406039337436212, 39.856927541481362 ], [ -75.403941555181717, 39.857594569769859 ], [ -75.401801171589725, 39.858176399484122 ], [ -75.399624053302887, 39.858671438054408 ], [ -75.397416167651102, 39.859078330505476 ], [ -75.395183566295472, 39.859395963149716 ], [ -75.392932368641098, 39.859623466622452 ], [ -75.390668745064318, 39.859760218251139 ], [ -75.388398899999984, 39.859805843752234 ], [ -75.386129054935651, 39.859760218251139 ], [ -75.383865431358871, 39.859623466622452 ], [ -75.381614233704511, 39.859395963149716 ], [ -75.379381632348881, 39.859078330505476 ], [ -75.377173746697096, 39.858671438054408 ], [ -75.374996628410258, 39.858176399484122 ], [ -75.37285624481828, 39.857594569769859 ], [ -75.370758462563771, 39.856927541481362 ], [ -75.368709031522144, 39.856177140441652 ], [ -75.366713569041352, 39.855345420749536 ], [ -75.36477754454539, 39.854434659178956 ], [ -75.362906264542843, 39.853447348970519 ], [ -75.361104858082115, 39.852386193031506 ], [ -75.359378262693099, 39.851254096562975 ], [ -75.357731210853714, 39.850054159133521 ], [ -75.356168217018634, 39.848789666221165 ], [ -75.354693565245256, 39.84746408024607 ], [ -75.353311297451611, 39.846081031118267 ], [ -75.352025202337657, 39.844644306325954 ], [ -75.350838805000663, 39.843157840590912 ], [ -75.34975535727331, 39.841625705119263 ], [ -75.348777828810498, 39.840052096476477 ], [ -75.347908898949782, 39.838441325116754 ], [ -75.347150949367517, 39.836797803597918 ], [ -75.346506057550826, 39.83512603451382 ], [ -75.345975991103359, 39.833430598176932 ], [ -75.345562202900396, 39.831716140084779 ], [ -75.34526582710663, 39.829987358204178 ], [ -75.345087676067521, 39.828248990108065 ], [ -75.345028238082705, 39.8265058 ] ] ] } },
{ "type": "Feature", "properties": { "facility_name": "Lancaster County Resource Recovery Facility", "city": "Bainbridge", "state": "PA" }, "geometry": { "type": "Polygon", "coordinates": [ [ [ -76.599806938082722, 40.0727321 ], [ -76.599866376067567, 40.070995129165105 ], [ -76.600044527106647, 40.069262875130924 ], [ -76.600340902900413, 40.067540086429744 ], [ -76.600754691103376, 40.065831486005891 ], [ -76.601284757550843, 40.064141758260746 ], [ -76.60192964936752, 40.062475536199372 ], [ -76.6026875989498, 40.060837388714525 ], [ -76.6035565288105, 40.059231808042838 ], [ -76.604534057273341, 40.057663197427942 ], [ -76.605617505000708, 40.0561358590246 ], [ -76.606803902337674, 40.054653982077085 ], [ -76.608089997451629, 40.053221631404931 ], [ -76.609472265245273, 40.051842736227471 ], [ -76.610946917018651, 40.050521079358695 ], [ -76.612509910853746, 40.049260286801925 ], [ -76.614156962693116, 40.048063817773638 ], [ -76.615883558082132, 40.046934955183922 ], [ -76.617684964542875, 40.04587679660024 ], [ -76.619556244545407, 40.044892245719595 ], [ -76.621492269041369, 40.043984004372909 ], [ -76.623487731522147, 40.043154565083945 ], [ -76.625537162563788, 40.042406204203537 ], [ -76.627634944818297, 40.041740975638355 ], [ -76.629775328410275, 40.041160705191665 ], [ -76.631952446697127, 40.040666985532035 ], [ -76.634160332348898, 40.040261171803976 ], [ -76.636392933704528, 40.039944377892823 ], [ -76.638644131358888, 40.039717473354372 ], [ -76.640907754935668, 40.0395810810179 ], [ -76.643177600000016, 40.039535575269056 ], [ -76.645447445064349, 40.0395810810179 ], [ -76.647711068641129, 40.039717473354372 ], [ -76.649962266295489, 40.039944377892823 ], [ -76.652194867651119, 40.040261171803976 ], [ -76.654402753302904, 40.040666985532035 ], [ -76.656579871589756, 40.041160705191665 ], [ -76.658720255181734, 40.041740975638355 ], [ -76.660818037436229, 40.042406204203537 ], [ -76.66286746847787, 40.043154565083945 ], [ -76.664862930958648, 40.043984004372909 ], [ -76.66679895545461, 40.044892245719595 ], [ -76.668670235457142, 40.04587679660024 ], [ -76.670471641917899, 40.046934955183922 ], [ -76.672198237306915, 40.048063817773638 ], [ -76.673845289146286, 40.049260286801925 ], [ -76.67540828298138, 40.050521079358695 ], [ -76.676882934754744, 40.051842736227471 ], [ -76.678265202548388, 40.053221631404931 ], [ -76.679551297662357, 40.054653982077085 ], [ -76.680737694999323, 40.0561358590246 ], [ -76.68182114272669, 40.057663197427942 ], [ -76.682798671189516, 40.059231808042838 ], [ -76.683667601050232, 40.060837388714525 ], [ -76.684425550632497, 40.062475536199372 ], [ -76.685070442449174, 40.064141758260746 ], [ -76.685600508896641, 40.065831486005891 ], [ -76.686014297099604, 40.067540086429744 ], [ -76.686310672893384, 40.069262875130924 ], [ -76.686488823932464, 40.070995129165105 ], [ -76.686548261917309, 40.0727321 ], [ -76.686488823932464, 40.074469026536896 ], [ -76.686310672893384, 40.076201148162369 ], [ -76.686014297099604, 40.077923717794867 ], [ -76.685600508896641, 40.079632014890215 ], [ -76.685070442449174, 40.08132135837036 ], [ -76.684425550632497, 40.082987119440332 ], [ -76.683667601050232, 40.084624734258092 ], [ -76.682798671189516, 40.08622971642302 ], [ -76.68182114272669, 40.08779766924885 ], [ -76.680737694999323, 40.089324297787712 ], [ -76.679551297662357, 40.090805420572735 ], [ -76.678265202548388, 40.092236981047179 ], [ -76.676882934754744, 40.093615058649242 ], [ -76.67540828298138, 40.094935879522488 ], [ -76.673845289146286, 40.096195826822935 ], [ -76.672198237306915, 40.097391450594912 ], [ -76.670471641917899, 40.098519477189136 ], [ -76.668670235457142, 40.099576818197484 ], [ -76.66679895545461, 40.100560578880469 ], [ -76.664862930958648, 40.101468066064754 ], [ -76.66286746847787, 40.102296795489323 ], [ -76.660818037436229, 40.103044498580772 ], [ -76.658720255181734, 40.103709128639295 ], [ -76.656579871589756, 40.104288866418997 ], [ -76.654402753302904, 40.104782125087311 ], [ -76.652194867651119, 40.105187554550461 ], [ -76.649962266295489, 40.105504045133173 ], [ -76.647711068641129, 40.105730730602986 ], [ -76.645447445064349, 40.105866990530807 ], [ -76.643177600000016, 40.105912451981631 ], [ -76.640907754935668, 40.105866990530807 ], [ -76.638644131358888, 40.105730730602986 ], [ -76.636392933704528, 40.105504045133173 ], [ -76.634160332348898, 40.105187554550461 ], [ -76.631952446697127, 40.104782125087311 ], [ -76.629775328410275, 40.104288866418997 ], [ -76.627634944818297, 40.103709128639295 ], [ -76.625537162563788, 40.103044498580772 ], [ -76.623487731522147, 40.102296795489323 ], [ -76.621492269041369, 40.101468066064754 ], [ -76.619556244545407, 40.100560578880469 ], [ -76.617684964542875, 40.099576818197484 ], [ -76.615883558082132, 40.098519477189136 ], [ -76.614156962693116, 40.097391450594912 ], [ -76.612509910853746, 40.096195826822935 ], [ -76.610946917018651, 40.094935879522488 ], [ -76.609472265245273, 40.093615058649242 ], [ -76.608089997451629, 40.092236981047179 ], [ -76.606803902337674, 40.090805420572735 ], [ -76.605617505000708, 40.089324297787712 ], [ -76.604534057273341, 40.08779766924885 ], [ -76.6035565288105, 40.08622971642302 ], [ -76.6026875989498, 40.084624734258092 ], [ -76.60192964936752, 40.082987119440332 ], [ -76.601284757550843, 40.08132135837036 ], [ -76.600754691103376, 40.079632014890215 ], [ -76.600340902900413, 40.077923717794867 ], [ -76.600044527106647, 40.076201148162369 ], [ -76.599866376067567, 40.074469026536896 ], [ -76.599806938082722, 40.0727321 ] ] ] } },
{ "type": "Feature", "properties": { "facility_name": "Wheelabrator Falls", "city": "Morrisville", "state": "PA" }, "geometry": { "type": "Polygon", "coordinates": [ [ [ -74.722869438082711, 40.163438 ], [ -74.722928876067556, 40.161703344633068 ], [ -74.723107027106636, 40.159973399696291 ], [ -74.723403402900402, 40.158252907393106 ], [ -74.723817191103379, 40.156546584374098 ], [ -74.724347257550846, 40.154859108799108 ], [ -74.724992149367537, 40.153195107500991 ], [ -74.725750098949803, 40.151559143286583 ], [ -74.726619028810518, 40.149955702409514 ], [ -74.727596557273344, 40.14838918224973 ], [ -74.728680005000683, 40.146863879233649 ], [ -74.729866402337663, 40.145383977028295 ], [ -74.731152497451617, 40.143953535042243 ], [ -74.732534765245276, 40.142576477265045 ], [ -74.73400941701864, 40.141256581476327 ], [ -74.735572410853734, 40.139997468854297 ], [ -74.737219462693105, 40.138802594012724 ], [ -74.738946058082135, 40.137675235494065 ], [ -74.740747464542864, 40.136618486745085 ], [ -74.74261874454541, 40.135635247600391 ], [ -74.744554769041372, 40.134728216297283 ], [ -74.746550231522136, 40.133899882044595 ], [ -74.748599662563791, 40.133152518165922 ], [ -74.750697444818286, 40.132488175836706 ], [ -74.752837828410264, 40.131908678432445 ], [ -74.755014946697116, 40.131415616504057 ], [ -74.757222832348901, 40.131010343394294 ], [ -74.759455433704531, 40.130693971507569 ], [ -74.761706631358891, 40.130467369243604 ], [ -74.763970254935671, 40.13033115860366 ], [ -74.7662401, 40.130285713475686 ], [ -74.768509945064338, 40.13033115860366 ], [ -74.770773568641133, 40.130467369243604 ], [ -74.773024766295464, 40.130693971507569 ], [ -74.775257367651122, 40.131010343394294 ], [ -74.777465253302907, 40.131415616504057 ], [ -74.779642371589745, 40.131908678432445 ], [ -74.781782755181737, 40.132488175836706 ], [ -74.783880537436218, 40.133152518165922 ], [ -74.785929968477873, 40.133899882044595 ], [ -74.787925430958651, 40.134728216297283 ], [ -74.789861455454599, 40.135635247600391 ], [ -74.791732735457146, 40.136618486745085 ], [ -74.793534141917888, 40.137675235494065 ], [ -74.795260737306904, 40.138802594012724 ], [ -74.796907789146275, 40.139997468854297 ], [ -74.798470782981383, 40.141256581476327 ], [ -74.799945434754747, 40.142576477265045 ], [ -74.801327702548392, 40.143953535042243 ], [ -74.802613797662346, 40.145383977028295 ], [ -74.803800194999326, 40.146863879233649 ], [ -74.804883642726679, 40.14838918224973 ], [ -74.805861171189505, 40.149955702409514 ], [ -74.806730101050221, 40.151559143286583 ], [ -74.807488050632472, 40.153195107500991 ], [ -74.808132942449177, 40.154859108799108 ], [ -74.808663008896644, 40.156546584374098 ], [ -74.809076797099607, 40.158252907393106 ], [ -74.809373172893373, 40.159973399696291 ], [ -74.809551323932467, 40.161703344633068 ], [ -74.809610761917298, 40.163438 ], [ -74.809551323932467, 40.165172611044767 ], [ -74.809373172893373, 40.166902423500694 ], [ -74.809076797099607, 40.168622696615799 ], [ -74.808663008896644, 40.170328716140979 ], [ -74.808132942449177, 40.172015807241557 ], [ -74.807488050632472, 40.173679347297032 ], [ -74.806730101050221, 40.175314778554053 ], [ -74.805861171189505, 40.176917620598182 ], [ -74.804883642726679, 40.178483482610424 ], [ -74.803800194999326, 40.180008075375149 ], [ -74.802613797662346, 40.181487223006989 ], [ -74.801327702548392, 40.182916874364672 ], [ -74.799945434754747, 40.184293114120898 ], [ -74.798470782981383, 40.185612173458473 ], [ -74.796907789146275, 40.186870440363528 ], [ -74.795260737306904, 40.188064469488133 ], [ -74.793534141917888, 40.189190991555684 ], [ -74.791732735457146, 40.190246922283748 ], [ -74.789861455454599, 40.191229370800123 ], [ -74.787925430958651, 40.192135647529817 ], [ -74.785929968477873, 40.192963271531234 ], [ -74.783880537436218, 40.193709977262465 ], [ -74.781782755181737, 40.19437372075884 ], [ -74.779642371589745, 40.194952685205813 ], [ -74.777465253302907, 40.195445285891651 ], [ -74.775257367651122, 40.195850174527067 ], [ -74.773024766295464, 40.19616624292005 ], [ -74.770773568641133, 40.19639262599599 ], [ -74.768509945064338, 40.196528704155114 ], [ -74.7662401, 40.196574104960931 ], [ -74.763970254935671, 40.196528704155114 ], [ -74.761706631358891, 40.19639262599599 ], [ -74.759455433704531, 40.19616624292005 ], [ -74.757222832348901, 40.195850174527067 ], [ -74.755014946697116, 40.195445285891651 ], [ -74.752837828410264, 40.194952685205813 ], [ -74.750697444818286, 40.19437372075884 ], [ -74.748599662563791, 40.193709977262465 ], [ -74.746550231522136, 40.192963271531234 ], [ -74.744554769041372, 40.192135647529817 ], [ -74.74261874454541, 40.191229370800123 ], [ -74.740747464542864, 40.190246922283748 ], [ -74.738946058082135, 40.189190991555684 ], [ -74.737219462693105, 40.188064469488133 ], [ -74.735572410853734, 40.186870440363528 ], [ -74.73400941701864, 40.185612173458473 ], [ -74.732534765245276, 40.184293114120898 ], [ -74.731152497451617, 40.182916874364672 ], [ -74.729866402337663, 40.181487223006989 ], [ -74.728680005000683, 40.180008075375149 ], [ -74.727596557273344, 40.178483482610424 ], [ -74.726619028810518, 40.176917620598182 ], [ -74.725750098949803, 40.175314778554053 ], [ -74.724992149367537, 40.173679347297032 ], [ -74.724347257550846, 40.172015807241557 ], [ -74.723817191103379, 40.170328716140979 ], [ -74.723403402900402, 40.168622696615799 ], [ -74.723107027106636, 40.166902423500702 ], [ -74.722928876067556, 40.165172611044767 ], [ -74.722869438082711, 40.163438 ] ] ] } },
{ "type": "Feature", "properties": { "facility_name": "Susquehanna Resource Management Complex", "city": "Harrisburg", "state": "PA" }, "geometry": { "type": "Polygon", "coordinates": [ [ [ -76.806419438082713, 40.244201 ], [ -76.806478876067558, 40.242468409945701 ], [ -76.806657027106638, 40.240740524639627 ], [ -76.806953402900405, 40.239022080640197 ], [ -76.807367191103367, 40.237317788984114 ], [ -76.807897257550835, 40.235632322264003 ], [ -76.808542149367526, 40.233970301807332 ], [ -76.809300098949791, 40.232336284992492 ], [ -76.810169028810492, 40.230734752736453 ], [ -76.811146557273332, 40.229170097188927 ], [ -76.812230005000686, 40.227646609666863 ], [ -76.813416402337666, 40.226168468862532 ], [ -76.81470249745162, 40.224739729358099 ], [ -76.816084765245265, 40.223364310478281 ], [ -76.817559417018643, 40.222045985512224 ], [ -76.819122410853737, 40.22078837133423 ], [ -76.820769462693107, 40.219594918452621 ], [ -76.822496058082123, 40.218468901514008 ], [ -76.824297464542866, 40.217413410289645 ], [ -76.826168744545399, 40.216431341168935 ], [ -76.82810476904136, 40.215525389183796 ], [ -76.830100231522152, 40.2146980405862 ], [ -76.832149662563779, 40.21395156599953 ], [ -76.834247444818288, 40.213288014163048 ], [ -76.836387828410267, 40.212709206286739 ], [ -76.838564946697119, 40.212216731032619 ], [ -76.84077283234889, 40.211811940136322 ], [ -76.843005433704519, 40.211495944681282 ], [ -76.845256631358879, 40.211269612036091 ], [ -76.84752025493566, 40.211133563463399 ], [ -76.8497901, 40.211088172407223 ], [ -76.85205994506434, 40.211133563463399 ], [ -76.854323568641121, 40.211269612036091 ], [ -76.856574766295481, 40.211495944681282 ], [ -76.85880736765111, 40.211811940136322 ], [ -76.861015253302895, 40.212216731032619 ], [ -76.863192371589747, 40.212709206286739 ], [ -76.865332755181726, 40.213288014163048 ], [ -76.867430537436221, 40.21395156599953 ], [ -76.869479968477862, 40.2146980405862 ], [ -76.87147543095864, 40.215525389183796 ], [ -76.873411455454601, 40.216431341168935 ], [ -76.875282735457148, 40.217413410289645 ], [ -76.877084141917891, 40.218468901514008 ], [ -76.878810737306907, 40.219594918452621 ], [ -76.880457789146277, 40.22078837133423 ], [ -76.882020782981371, 40.222045985512224 ], [ -76.883495434754749, 40.223364310478281 ], [ -76.88487770254838, 40.224739729358099 ], [ -76.886163797662348, 40.226168468862532 ], [ -76.887350194999314, 40.227646609666863 ], [ -76.888433642726682, 40.229170097188927 ], [ -76.889411171189508, 40.230734752736453 ], [ -76.890280101050223, 40.232336284992492 ], [ -76.891038050632474, 40.233970301807332 ], [ -76.891682942449165, 40.235632322264003 ], [ -76.892213008896633, 40.237317788984114 ], [ -76.892626797099595, 40.239022080640197 ], [ -76.892923172893376, 40.240740524639627 ], [ -76.893101323932456, 40.242468409945701 ], [ -76.893160761917301, 40.244201 ], [ -76.893101323932456, 40.245933545711011 ], [ -76.892923172893376, 40.247661298473083 ], [ -76.892626797099595, 40.249379523179996 ], [ -76.892213008896633, 40.251083511197628 ], [ -76.891682942449165, 40.252768593260093 ], [ -76.891038050632474, 40.254430152254308 ], [ -76.890280101050223, 40.256063635857792 ], [ -76.889411171189508, 40.257664568995516 ], [ -76.888433642726682, 40.259228566081852 ], [ -76.887350194999314, 40.260751343014078 ], [ -76.886163797662348, 40.262228728885312 ], [ -76.88487770254838, 40.263656677384589 ], [ -76.883495434754749, 40.265031277853609 ], [ -76.882020782981371, 40.266348765969916 ], [ -76.880457789146277, 40.267605534027901 ], [ -76.878810737306907, 40.268798140789521 ], [ -76.877084141917891, 40.269923320878398 ], [ -76.875282735457148, 40.270977993692021 ], [ -76.873411455454601, 40.271959271807646 ], [ -76.87147543095864, 40.27286446885978 ], [ -76.869479968477862, 40.273691106867631 ], [ -76.867430537436221, 40.274436922993203 ], [ -76.865332755181726, 40.275099875711483 ], [ -76.863192371589747, 40.275678150376514 ], [ -76.861015253302895, 40.276170164168278 ], [ -76.85880736765111, 40.276574570407014 ], [ -76.856574766295481, 40.276890262223667 ], [ -76.854323568641121, 40.277116375576391 ], [ -76.85205994506434, 40.277252291605109 ], [ -76.8497901, 40.277297638318025 ], [ -76.84752025493566, 40.277252291605109 ], [ -76.845256631358879, 40.277116375576391 ], [ -76.843005433704519, 40.276890262223667 ], [ -76.84077283234889, 40.276574570407014 ], [ -76.838564946697119, 40.276170164168278 ], [ -76.836387828410267, 40.275678150376514 ], [ -76.834247444818288, 40.275099875711483 ], [ -76.832149662563779, 40.274436922993203 ], [ -76.830100231522152, 40.273691106867631 ], [ -76.82810476904136, 40.27286446885978 ], [ -76.826168744545399, 40.271959271807646 ], [ -76.824297464542866, 40.270977993692021 ], [ -76.822496058082123, 40.269923320878398 ], [ -76.820769462693107, 40.268798140789521 ], [ -76.819122410853737, 40.267605534027901 ], [ -76.817559417018643, 40.266348765969916 ], [ -76.816084765245265, 40.265031277853609 ], [ -76.81470249745162, 40.263656677384589 ], [ -76.813416402337666, 40.262228728885312 ], [ -76.812230005000686, 40.260751343014078 ], [ -76.811146557273332, 40.259228566081852 ], [ -76.810169028810492, 40.257664568995516 ], [ -76.809300098949791, 40.256063635857792 ], [ -76.808542149367526, 40.254430152254308 ], [ -76.807897257550835, 40.252768593260093 ], [ -76.807367191103367, 40.251083511197628 ], [ -76.806953402900405, 40.249379523179996 ], [ -76.806657027106638, 40.247661298473091 ], [ -76.806478876067558, 40.245933545711011 ], [ -76.806419438082713, 40.244201 ] ] ] } },
{ "type": "Feature", "properties": { "facility_name": "York County Resource Recovery Center", "city": "York", "state": "PA" }, "geometry": { "type": "Polygon", "coordinates": [ [ [ -76.672870238082709, 40.003973799999983 ], [ -76.672929676067554, 40.002235076858483 ], [ -76.673107827106634, 40.00050107533918 ], [ -76.673404202900414, 39.998776548763857 ], [ -76.673817991103377, 39.997066224839884 ], [ -76.674348057550844, 39.995374792692104 ], [ -76.674992949367521, 39.993706889996581 ], [ -76.675750898949786, 39.992067090251766 ], [ -76.676619828810502, 39.990459890222134 ], [ -76.677597357273328, 39.98888969758881 ], [ -76.678680805000695, 39.98736081884163 ], [ -76.679867202337661, 39.985877447445624 ], [ -76.68115329745163, 39.984443652315193 ], [ -76.68253556524526, 39.983063366627491 ], [ -76.684010217018638, 39.981740377006382 ], [ -76.685573210853732, 39.980478313106701 ], [ -76.687220262693103, 39.979280637628143 ], [ -76.688946858082119, 39.978150636786118 ], [ -76.690748264542862, 39.977091411266528 ], [ -76.692619544545408, 39.976105867689348 ], [ -76.69455556904137, 39.975196710605033 ], [ -76.696551031522148, 39.974366435046043 ], [ -76.698600462563789, 39.97361731965411 ], [ -76.700698244818284, 39.972951420402829 ], [ -76.702838628410262, 39.972370564932746 ], [ -76.705015746697114, 39.971876347515 ], [ -76.707223632348899, 39.971470124657628 ], [ -76.709456233704529, 39.971153011366695 ], [ -76.711707431358889, 39.970925878072862 ], [ -76.713971054935669, 39.970789348232024 ], [ -76.716240900000017, 39.970743796606506 ], [ -76.71851074506435, 39.970789348232024 ], [ -76.720774368641131, 39.970925878072862 ], [ -76.72302556629549, 39.971153011366695 ], [ -76.72525816765112, 39.971470124657628 ], [ -76.727466053302891, 39.971876347515 ], [ -76.729643171589743, 39.972370564932746 ], [ -76.731783555181721, 39.972951420402829 ], [ -76.73388133743623, 39.97361731965411 ], [ -76.735930768477857, 39.974366435046043 ], [ -76.737926230958649, 39.975196710605033 ], [ -76.739862255454611, 39.976105867689348 ], [ -76.741733535457143, 39.977091411266528 ], [ -76.743534941917886, 39.978150636786118 ], [ -76.745261537306902, 39.979280637628143 ], [ -76.746908589146273, 39.980478313106701 ], [ -76.748471582981367, 39.981740377006382 ], [ -76.749946234754745, 39.983063366627491 ], [ -76.75132850254839, 39.984443652315193 ], [ -76.752614597662344, 39.985877447445624 ], [ -76.75380099499931, 39.98736081884163 ], [ -76.754884442726677, 39.98888969758881 ], [ -76.755861971189518, 39.990459890222134 ], [ -76.756730901050219, 39.992067090251766 ], [ -76.757488850632484, 39.993706889996581 ], [ -76.758133742449175, 39.995374792692104 ], [ -76.758663808896642, 39.997066224839884 ], [ -76.759077597099605, 39.998776548763857 ], [ -76.759373972893371, 40.00050107533918 ], [ -76.759552123932451, 40.002235076858483 ], [ -76.759611561917296, 40.003973799999983 ], [ -76.759552123932451, 40.00571247886208 ], [ -76.759373972893371, 40.00744634802826 ], [ -76.759077597099605, 40.009170655626868 ], [ -76.758663808896642, 40.010880676349679 ], [ -76.758133742449175, 40.012571724393773 ], [ -76.757488850632484, 40.014239166291418 ], [ -76.756730901050219, 40.015878433592761 ], [ -76.755861971189518, 40.017485035366903 ], [ -76.754884442726677, 40.019054570487313 ], [ -76.75380099499931, 40.020582739668008 ], [ -76.752614597662344, 40.022065357218132 ], [ -76.75132850254839, 40.023498362482556 ], [ -76.749946234754745, 40.024877830938088 ], [ -76.748471582981367, 40.026199984914641 ], [ -76.746908589146273, 40.027461203912836 ], [ -76.745261537306902, 40.028658034489929 ], [ -76.743534941917886, 40.029787199687412 ], [ -76.741733535457143, 40.030845607974882 ], [ -76.739862255454611, 40.03183036168614 ], [ -76.737926230958649, 40.032738764924645 ], [ -76.735930768477857, 40.033568330917255 ], [ -76.73388133743623, 40.034316788796374 ], [ -76.731783555181721, 40.034982089792251 ], [ -76.729643171589743, 40.035562412818969 ], [ -76.727466053302891, 40.036056169438922 ], [ -76.72525816765112, 40.0364620081927 ], [ -76.72302556629549, 40.036778818282528 ], [ -76.720774368641131, 40.037005732599695 ], [ -76.71851074506435, 40.037142130087453 ], [ -76.716240900000017, 40.037187637433554 ], [ -76.713971054935669, 40.037142130087453 ], [ -76.711707431358889, 40.037005732599695 ], [ -76.709456233704529, 40.036778818282528 ], [ -76.707223632348899, 40.0364620081927 ], [ -76.705015746697114, 40.036056169438922 ], [ -76.702838628410262, 40.035562412818969 ], [ -76.700698244818284, 40.034982089792251 ], [ -76.698600462563789, 40.034316788796374 ], [ -76.696551031522148, 40.033568330917255 ], [ -76.69455556904137, 40.032738764924645 ], [ -76.692619544545408, 40.03183036168614 ], [ -76.690748264542862, 40.030845607974882 ], [ -76.688946858082119, 40.029787199687412 ], [ -76.687220262693103, 40.028658034489929 ], [ -76.685573210853732, 40.027461203912836 ], [ -76.684010217018638, 40.026199984914641 ], [ -76.68253556524526, 40.024877830938088 ], [ -76.68115329745163, 40.023498362482556 ], [ -76.679867202337661, 40.022065357218132 ], [ -76.678680805000695, 40.020582739668008 ], [ -76.677597357273328, 40.019054570487313 ], [ -76.676619828810502, 40.017485035366903 ], [ -76.675750898949786, 40.015878433592761 ], [ -76.674992949367521, 40.014239166291418 ], [ -76.674348057550844, 40.012571724393773 ], [ -76.673817991103377, 40.010880676349679 ], [ -76.673404202900414, 40.009170655626868 ], [ -76.673107827106634, 40.007446348028267 ], [ -76.672929676067554, 40.00571247886208 ], [ -76.672870238082709, 40.003973799999983 ] ] ] } },
{ "type": "Feature", "properties": { "facility_name": "Alexandria/Arlington Resource Recovery Facility", "city": "Alexandria", "state": "VA" }, "geometry": { "type": "Polygon", "coordinates": [ [ [ -77.0845619380827, 38.8014636 ], [ -77.084621376067545, 38.799694637942984 ], [ -77.084799527106625, 38.797930480755937 ], [ -77.085095902900406, 38.796175964410821 ], [ -77.085509691103354, 38.794435898807563 ], [ -77.086039757550822, 38.79271505458069 ], [ -77.086684649367527, 38.791018150009755 ], [ -77.087442598949778, 38.789349838069768 ], [ -77.088311528810479, 38.787714693657087 ], [ -77.089289057273319, 38.786117201026201 ], [ -77.090372505000687, 38.784561741471997 ], [ -77.091558902337653, 38.783052581291557 ], [ -77.092844997451621, 38.781593860058912 ], [ -77.094227265245252, 38.780189579245054 ], [ -77.09570191701863, 38.778843591214979 ], [ -77.097264910853724, 38.777559588632144 ], [ -77.098911962693094, 38.776341094299809 ], [ -77.10063855808211, 38.775191451467641 ], [ -77.102439964542853, 38.774113814630333 ], [ -77.104311244545386, 38.773111140844151 ], [ -77.106247269041347, 38.772186181585276 ], [ -77.108242731522125, 38.771341475173074 ], [ -77.110292162563766, 38.770579339779019 ], [ -77.112389944818275, 38.769901867041177 ], [ -77.114530328410254, 38.769310916301748 ], [ -77.116707446697106, 38.768808109484112 ], [ -77.118915332348877, 38.768394826623499 ], [ -77.12114793370452, 38.768072202063813 ], [ -77.123399131358866, 38.767841121331351 ], [ -77.125662754935647, 38.767702218694183 ], [ -77.1279326, 38.76765587541378 ], [ -77.130202445064327, 38.767702218694183 ], [ -77.132466068641108, 38.767841121331351 ], [ -77.134717266295482, 38.768072202063813 ], [ -77.136949867651097, 38.768394826623499 ], [ -77.139157753302882, 38.768808109484112 ], [ -77.141334871589734, 38.769310916301748 ], [ -77.143475255181713, 38.769901867041177 ], [ -77.145573037436208, 38.770579339779019 ], [ -77.147622468477849, 38.771341475173074 ], [ -77.149617930958627, 38.772186181585276 ], [ -77.151553955454588, 38.773111140844151 ], [ -77.153425235457135, 38.774113814630333 ], [ -77.155226641917878, 38.775191451467641 ], [ -77.156953237306894, 38.776341094299809 ], [ -77.158600289146264, 38.777559588632144 ], [ -77.160163282981358, 38.778843591214979 ], [ -77.161637934754737, 38.780189579245054 ], [ -77.163020202548381, 38.781593860058912 ], [ -77.164306297662336, 38.783052581291557 ], [ -77.165492694999315, 38.784561741471997 ], [ -77.166576142726669, 38.786117201026201 ], [ -77.167553671189495, 38.787714693657087 ], [ -77.16842260105021, 38.789349838069768 ], [ -77.169180550632476, 38.791018150009755 ], [ -77.169825442449152, 38.79271505458069 ], [ -77.17035550889662, 38.794435898807563 ], [ -77.170769297099596, 38.796175964410821 ], [ -77.171065672893363, 38.797930480755937 ], [ -77.171243823932443, 38.799694637942984 ], [ -77.171303261917288, 38.8014636 ], [ -77.171243823932443, 38.803232518143972 ], [ -77.171065672893363, 38.804996544072999 ], [ -77.170769297099596, 38.806750843253226 ], [ -77.17035550889662, 38.808490608164028 ], [ -77.169825442449152, 38.810211071465325 ], [ -77.169180550632476, 38.811907519051069 ], [ -77.16842260105021, 38.813575302953069 ], [ -77.167553671189495, 38.815209854060264 ], [ -77.166576142726669, 38.816806694618556 ], [ -77.165492694999315, 38.81836145047729 ], [ -77.164306297662336, 38.819869863049234 ], [ -77.163020202548381, 38.821327800951302 ], [ -77.161637934754737, 38.822731271294856 ], [ -77.160163282981358, 38.824076430594552 ], [ -77.158600289146264, 38.825359595266704 ], [ -77.156953237306894, 38.826577251688356 ], [ -77.155226641917878, 38.827726065790188 ], [ -77.153425235457135, 38.828802892157235 ], [ -77.151553955454588, 38.829804782612911 ], [ -77.149617930958627, 38.830728994263382 ], [ -77.147622468477849, 38.831572996980213 ], [ -77.145573037436208, 38.832334480301775 ], [ -77.143475255181713, 38.833011359734236 ], [ -77.141334871589734, 38.833601782435778 ], [ -77.139157753302882, 38.834104132268315 ], [ -77.136949867651097, 38.834517034203444 ], [ -77.134717266295482, 38.834839358070745 ], [ -77.132466068641108, 38.835070221638368 ], [ -77.130202445064327, 38.835208993017567 ], [ -77.1279326, 38.835255292384943 ], [ -77.125662754935647, 38.835208993017567 ], [ -77.123399131358866, 38.835070221638368 ], [ -77.12114793370452, 38.834839358070745 ], [ -77.118915332348877, 38.834517034203444 ], [ -77.116707446697106, 38.834104132268315 ], [ -77.114530328410254, 38.833601782435778 ], [ -77.112389944818275, 38.833011359734236 ], [ -77.110292162563766, 38.832334480301775 ], [ -77.108242731522125, 38.831572996980213 ], [ -77.106247269041347, 38.830728994263382 ], [ -77.104311244545386, 38.829804782612911 ], [ -77.102439964542853, 38.828802892157235 ], [ -77.10063855808211, 38.827726065790188 ], [ -77.098911962693094, 38.826577251688356 ], [ -77.097264910853724, 38.825359595266704 ], [ -77.09570191701863, 38.824076430594552 ], [ -77.094227265245252, 38.822731271294856 ], [ -77.092844997451621, 38.821327800951302 ], [ -77.091558902337653, 38.819869863049234 ], [ -77.090372505000687, 38.81836145047729 ], [ -77.089289057273319, 38.816806694618556 ], [ -77.088311528810479, 38.815209854060264 ], [ -77.087442598949778, 38.813575302953069 ], [ -77.086684649367527, 38.811907519051069 ], [ -77.086039757550822, 38.810211071465325 ], [ -77.085509691103354, 38.808490608164028 ], [ -77.085095902900406, 38.806750843253226 ], [ -77.084799527106625, 38.804996544073006 ], [ -77.084621376067545, 38.803232518143972 ], [ -77.0845619380827, 38.8014636 ] ] ] } },
{ "type": "Feature", "properties": { "facility_name": "Hampton/NASA Steam Plant", "city": "Hampton", "state": "VA" }, "geometry": { "type": "Polygon", "coordinates": [ [ [ -76.348688338082709, 37.100714 ], [ -76.34874777606754, 37.098903603486903 ], [ -76.348925927106635, 37.09709812606031 ], [ -76.349222302900387, 37.095302516940301 ], [ -76.349636091103363, 37.093521698646178 ], [ -76.350166157550831, 37.091760553494638 ], [ -76.350811049367508, 37.090023910204238 ], [ -76.351568998949773, 37.088316530643375 ], [ -76.352437928810488, 37.086643096758038 ], [ -76.353415457273314, 37.085008197715474 ], [ -76.354498905000668, 37.083416317299346 ], [ -76.355685302337662, 37.081871821591008 ], [ -76.356971397451602, 37.080378946971237 ], [ -76.358353665245261, 37.078941788475419 ], [ -76.359828317018625, 37.077564288534646 ], [ -76.361391310853719, 37.076250226133816 ], [ -76.363038362693089, 37.075003206417023 ], [ -76.36476495808212, 37.073826650768936 ], [ -76.366566364542848, 37.072723787399859 ], [ -76.368437644545395, 37.071697642460776 ], [ -76.370373669041356, 37.070751031712859 ], [ -76.372369131522134, 37.069886552775088 ], [ -76.374418562563775, 37.069106577971077 ], [ -76.376516344818285, 37.068413247795633 ], [ -76.378656728410263, 37.067808465018871 ], [ -76.380833846697115, 37.067293889444542 ], [ -76.383041732348886, 37.066870933337313 ], [ -76.385274333704515, 37.066540757531506 ], [ -76.387525531358875, 37.066304268232479 ], [ -76.389789154935656, 37.066162114519521 ], [ -76.392059, 37.066114686557079 ], [ -76.394328845064322, 37.066162114519521 ], [ -76.396592468641117, 37.066304268232479 ], [ -76.398843666295463, 37.066540757531506 ], [ -76.401076267651106, 37.066870933337313 ], [ -76.403284153302891, 37.067293889444542 ], [ -76.405461271589729, 37.067808465018871 ], [ -76.407601655181708, 37.068413247795633 ], [ -76.409699437436217, 37.069106577971077 ], [ -76.411748868477858, 37.069886552775088 ], [ -76.413744330958636, 37.070751031712859 ], [ -76.415680355454583, 37.071697642460776 ], [ -76.41755163545713, 37.072723787399859 ], [ -76.419353041917873, 37.073826650768936 ], [ -76.421079637306903, 37.075003206417023 ], [ -76.422726689146259, 37.076250226133816 ], [ -76.424289682981367, 37.077564288534646 ], [ -76.425764334754732, 37.078941788475419 ], [ -76.427146602548376, 37.080378946971237 ], [ -76.428432697662345, 37.081871821591008 ], [ -76.42961909499931, 37.083416317299346 ], [ -76.430702542726678, 37.085008197715474 ], [ -76.43168007118949, 37.086643096758038 ], [ -76.432549001050219, 37.088316530643375 ], [ -76.43330695063247, 37.090023910204238 ], [ -76.433951842449162, 37.091760553494638 ], [ -76.434481908896629, 37.093521698646178 ], [ -76.434895697099591, 37.095302516940301 ], [ -76.435192072893358, 37.09709812606031 ], [ -76.435370223932452, 37.098903603486903 ], [ -76.435429661917283, 37.100714 ], [ -76.435370223932452, 37.102524353250125 ], [ -76.435192072893358, 37.104329701361799 ], [ -76.434895697099591, 37.106125096531756 ], [ -76.434481908896629, 37.107905618584766 ], [ -76.433951842449162, 37.109666388449817 ], [ -76.43330695063247, 37.111402581520075 ], [ -76.432549001050219, 37.11310944085983 ], [ -76.43168007118949, 37.114782290222777 ], [ -76.430702542726678, 37.116416546845791 ], [ -76.42961909499931, 37.11800773398371 ], [ -76.428432697662345, 37.119551493150873 ], [ -76.427146602548376, 37.121043596036223 ], [ -76.425764334754732, 37.122479956059642 ], [ -76.424289682981367, 37.123856639538282 ], [ -76.422726689146259, 37.125169876432565 ], [ -76.421079637306903, 37.126416070642811 ], [ -76.419353041917873, 37.1275918098288 ], [ -76.41755163545713, 37.128693874725521 ], [ -76.415680355454583, 37.129719247930261 ], [ -76.413744330958636, 37.130665122137096 ], [ -76.411748868477858, 37.131528907796756 ], [ -76.409699437436217, 37.132308240181338 ], [ -76.407601655181708, 37.133000985834499 ], [ -76.405461271589729, 37.133605248390268 ], [ -76.403284153302891, 37.134119373744547 ], [ -76.401076267651106, 37.134541954565371 ], [ -76.398843666295463, 37.134871834130145 ], [ -76.396592468641117, 37.13510810947917 ], [ -76.394328845064322, 37.135250133877243 ], [ -76.392059, 37.135297518576735 ], [ -76.389789154935656, 37.135250133877243 ], [ -76.387525531358875, 37.13510810947917 ], [ -76.385274333704515, 37.134871834130145 ], [ -76.383041732348886, 37.134541954565371 ], [ -76.380833846697115, 37.134119373744547 ], [ -76.378656728410263, 37.133605248390268 ], [ -76.376516344818285, 37.133000985834499 ], [ -76.374418562563775, 37.132308240181338 ], [ -76.372369131522134, 37.131528907796756 ], [ -76.370373669041356, 37.130665122137096 ], [ -76.368437644545395, 37.129719247930261 ], [ -76.366566364542848, 37.128693874725521 ], [ -76.36476495808212, 37.1275918098288 ], [ -76.363038362693089, 37.126416070642811 ], [ -76.361391310853719, 37.125169876432565 ], [ -76.359828317018625, 37.123856639538282 ], [ -76.358353665245261, 37.122479956059642 ], [ -76.356971397451602, 37.121043596036223 ], [ -76.355685302337662, 37.119551493150873 ], [ -76.354498905000668, 37.11800773398371 ], [ -76.353415457273314, 37.116416546845791 ], [ -76.352437928810488, 37.114782290222777 ], [ -76.351568998949773, 37.11310944085983 ], [ -76.350811049367508, 37.111402581520075 ], [ -76.350166157550831, 37.109666388449817 ], [ -76.349636091103363, 37.107905618584766 ], [ -76.349222302900387, 37.106125096531756 ], [ -76.348925927106635, 37.104329701361806 ], [ -76.34874777606754, 37.102524353250125 ], [ -76.348688338082709, 37.100714 ] ] ] } },
{ "type": "Feature", "properties": { "facility_name": "I-95 Energy/Resource Recovery Facility (Fairfax)", "city": "Lorton", "state": "VA" }, "geometry": { "type": "Polygon", "coordinates": [ [ [ -77.194414938082716, 38.6917069 ], [ -77.194474376067546, 38.689935216554353 ], [ -77.194652527106641, 38.688168345474978 ], [ -77.194948902900393, 38.686411130171976 ], [ -77.195362691103369, 38.684668387942189 ], [ -77.195892757550837, 38.682944896755536 ], [ -77.196537649367514, 38.681245382145399 ], [ -77.197295598949793, 38.67957450423912 ], [ -77.198164528810494, 38.677936844964371 ], [ -77.199142057273335, 38.676336895466626 ], [ -77.200225505000674, 38.67477904377261 ], [ -77.201411902337668, 38.673267562733635 ], [ -77.202697997451608, 38.67180659828243 ], [ -77.204080265245267, 38.670400158035761 ], [ -77.205554917018645, 38.669052100274655 ], [ -77.207117910853725, 38.66776612333264 ], [ -77.20876496269311, 38.666545755421652 ], [ -77.210491558082126, 38.665394344923747 ], [ -77.212292964542854, 38.664315051175798 ], [ -77.214164244545401, 38.663310835772677 ], [ -77.216100269041362, 38.662384454413292 ], [ -77.218095731522141, 38.661538449312289 ], [ -77.220145162563782, 38.660775142198275 ], [ -77.222242944818291, 38.660096627918641 ], [ -77.224383328410269, 38.659504768668285 ], [ -77.226560446697121, 38.659001188858916 ], [ -77.228768332348892, 38.658587270642862 ], [ -77.231000933704522, 38.658264150104166 ], [ -77.233252131358881, 38.658032714127515 ], [ -77.235515754935662, 38.657893597953908 ], [ -77.2377856, 38.657847183429652 ], [ -77.240055445064328, 38.657893597953908 ], [ -77.242319068641123, 38.658032714127515 ], [ -77.244570266295469, 38.658264150104166 ], [ -77.246802867651112, 38.658587270642862 ], [ -77.249010753302898, 38.659001188858916 ], [ -77.251187871589735, 38.659504768668285 ], [ -77.253328255181728, 38.660096627918641 ], [ -77.255426037436223, 38.660775142198275 ], [ -77.257475468477864, 38.661538449312289 ], [ -77.259470930958642, 38.662384454413292 ], [ -77.261406955454589, 38.663310835772677 ], [ -77.263278235457136, 38.664315051175798 ], [ -77.265079641917893, 38.665394344923747 ], [ -77.266806237306909, 38.666545755421652 ], [ -77.268453289146279, 38.66776612333264 ], [ -77.270016282981373, 38.669052100274655 ], [ -77.271490934754738, 38.670400158035761 ], [ -77.272873202548382, 38.67180659828243 ], [ -77.274159297662351, 38.673267562733635 ], [ -77.275345694999316, 38.67477904377261 ], [ -77.276429142726684, 38.676336895466626 ], [ -77.277406671189496, 38.677936844964371 ], [ -77.278275601050225, 38.67957450423912 ], [ -77.279033550632477, 38.681245382145399 ], [ -77.279678442449168, 38.682944896755536 ], [ -77.280208508896635, 38.684668387942189 ], [ -77.280622297099598, 38.686411130171976 ], [ -77.280918672893364, 38.688168345474978 ], [ -77.281096823932458, 38.689935216554353 ], [ -77.281156261917303, 38.6917069 ], [ -77.281096823932458, 38.693478539569888 ], [ -77.280918672893364, 38.695245279502757 ], [ -77.280622297099598, 38.697002277825348 ], [ -77.280208508896635, 38.698744719618119 ], [ -77.279678442449168, 38.700467830202776 ], [ -77.279033550632477, 38.702166888215928 ], [ -77.278275601050225, 38.70383723853277 ], [ -77.277406671189496, 38.705474305006042 ], [ -77.276429142726684, 38.707073602985119 ], [ -77.275345694999316, 38.708630751581445 ], [ -77.274159297662351, 38.710141485647007 ], [ -77.272873202548382, 38.711601667433065 ], [ -77.271490934754738, 38.713007297897896 ], [ -77.270016282981373, 38.714354527632622 ], [ -77.268453289146279, 38.71563966737574 ], [ -77.266806237306909, 38.716859198087853 ], [ -77.265079641917893, 38.718009780559399 ], [ -77.263278235457136, 38.719088264525574 ], [ -77.261406955454589, 38.720091697263626 ], [ -77.259470930958642, 38.721017331649669 ], [ -77.257475468477864, 38.721862633653082 ], [ -77.255426037436223, 38.722625289248526 ], [ -77.253328255181728, 38.723303210726797 ], [ -77.251187871589735, 38.723894542387825 ], [ -77.249010753302898, 38.7243976656003 ], [ -77.246802867651112, 38.724811203214458 ], [ -77.244570266295469, 38.725134023316194 ], [ -77.242319068641123, 38.725365242312485 ], [ -77.240055445064328, 38.72550422733962 ], [ -77.2377856, 38.725550597988146 ], [ -77.235515754935662, 38.72550422733962 ], [ -77.233252131358881, 38.725365242312485 ], [ -77.231000933704522, 38.725134023316194 ], [ -77.228768332348892, 38.724811203214458 ], [ -77.226560446697121, 38.7243976656003 ], [ -77.224383328410269, 38.723894542387825 ], [ -77.222242944818291, 38.723303210726797 ], [ -77.220145162563782, 38.722625289248526 ], [ -77.218095731522141, 38.721862633653082 ], [ -77.216100269041362, 38.721017331649669 ], [ -77.214164244545401, 38.720091697263626 ], [ -77.212292964542854, 38.719088264525574 ], [ -77.210491558082126, 38.718009780559399 ], [ -77.20876496269311, 38.716859198087853 ], [ -77.207117910853725, 38.71563966737574 ], [ -77.205554917018645, 38.714354527632622 ], [ -77.204080265245267, 38.713007297897896 ], [ -77.202697997451608, 38.711601667433065 ], [ -77.201411902337668, 38.710141485647007 ], [ -77.200225505000674, 38.708630751581445 ], [ -77.199142057273335, 38.707073602985119 ], [ -77.198164528810494, 38.705474305006042 ], [ -77.197295598949793, 38.70383723853277 ], [ -77.196537649367514, 38.702166888215928 ], [ -77.195892757550837, 38.700467830202776 ], [ -77.195362691103369, 38.698744719618119 ], [ -77.194948902900393, 38.697002277825348 ], [ -77.194652527106641, 38.695245279502757 ], [ -77.194474376067546, 38.693478539569888 ], [ -77.194414938082716, 38.6917069 ] ] ] } },
{ "type": "Feature", "properties": { "facility_name": "Wheelabrator Portsmouth", "city": "Portsmouth", "state": "VA" }, "geometry": { "type": "Polygon", "coordinates": [ [ [ -76.262729338082693, 36.806284 ], [ -76.262788776067538, 36.804466591419526 ], [ -76.262966927106632, 36.802654121272752 ], [ -76.263263302900398, 36.800851557944767 ], [ -76.263677091103347, 36.799063843013279 ], [ -76.264207157550828, 36.797295877694644 ], [ -76.264852049367519, 36.795552509396465 ], [ -76.26560999894977, 36.793838518414475 ], [ -76.2664789288105, 36.792158604809778 ], [ -76.267456457273312, 36.790517375503008 ], [ -76.268539905000679, 36.788919331620825 ], [ -76.269726302337645, 36.787368856129781 ], [ -76.271012397451614, 36.785870201791873 ], [ -76.272394665245258, 36.784427479474886 ], [ -76.273869317018622, 36.783044646850243 ], [ -76.275432310853716, 36.78172549750942 ], [ -76.277079362693087, 36.780473650529395 ], [ -76.278805958082103, 36.779292540515961 ], [ -76.280607364542846, 36.778185408152673 ], [ -76.282478644545407, 36.77715529128178 ], [ -76.28441466904134, 36.776205016541851 ], [ -76.286410131522132, 36.775337191585592 ], [ -76.288459562563759, 36.774554197899377 ], [ -76.290557344818268, 36.77385818424473 ], [ -76.292697728410261, 36.773251060739824 ], [ -76.294874846697098, 36.772734493597866 ], [ -76.297082732348869, 36.772309900536754 ], [ -76.299315333704513, 36.771978446873 ], [ -76.301566531358873, 36.771741042310865 ], [ -76.303830154935653, 36.771598338435716 ], [ -76.3061, 36.771550726918328 ], [ -76.308369845064334, 36.771598338435716 ], [ -76.310633468641115, 36.771741042310865 ], [ -76.312884666295474, 36.771978446873 ], [ -76.31511726765109, 36.772309900536754 ], [ -76.317325153302875, 36.772734493597866 ], [ -76.319502271589727, 36.773251060739824 ], [ -76.321642655181705, 36.77385818424473 ], [ -76.323740437436214, 36.774554197899377 ], [ -76.325789868477841, 36.775337191585592 ], [ -76.327785330958633, 36.776205016541851 ], [ -76.329721355454581, 36.77715529128178 ], [ -76.331592635457142, 36.778185408152673 ], [ -76.33339404191787, 36.779292540515961 ], [ -76.335120637306886, 36.780473650529395 ], [ -76.336767689146271, 36.78172549750942 ], [ -76.338330682981351, 36.783044646850243 ], [ -76.339805334754729, 36.784427479474886 ], [ -76.341187602548374, 36.785870201791873 ], [ -76.342473697662328, 36.787368856129781 ], [ -76.343660094999308, 36.788919331620825 ], [ -76.344743542726675, 36.790517375503008 ], [ -76.345721071189487, 36.792158604809778 ], [ -76.346590001050203, 36.793838518414475 ], [ -76.347347950632468, 36.795552509396465 ], [ -76.347992842449145, 36.797295877694644 ], [ -76.348522908896626, 36.799063843013279 ], [ -76.348936697099589, 36.800851557944767 ], [ -76.349233072893355, 36.802654121272752 ], [ -76.349411223932449, 36.804466591419526 ], [ -76.34947066191728, 36.806284 ], [ -76.349411223932449, 36.808101365445587 ], [ -76.349233072893355, 36.809913706660311 ], [ -76.348936697099589, 36.811716056671706 ], [ -76.348522908896626, 36.813503476239163 ], [ -76.347992842449145, 36.815271067382433 ], [ -76.347347950632468, 36.817013986793448 ], [ -76.346590001050203, 36.818727459094575 ], [ -76.345721071189487, 36.82040678990748 ], [ -76.344743542726675, 36.822047378696745 ], [ -76.343660094999308, 36.823644731353347 ], [ -76.342473697662328, 36.825194472483929 ], [ -76.341187602548374, 36.826692357372309 ], [ -76.339805334754729, 36.828134283580972 ], [ -76.338330682981351, 36.829516302160812 ], [ -76.336767689146271, 36.830834628439192 ], [ -76.335120637306886, 36.832085652356788 ], [ -76.33339404191787, 36.833265948325447 ], [ -76.331592635457142, 36.834372284580461 ], [ -76.329721355454581, 36.835401632001904 ], [ -76.327785330958633, 36.83635117238147 ], [ -76.325789868477841, 36.837218306112227 ], [ -76.323740437436214, 36.838000659281036 ], [ -76.321642655181705, 36.838696090144026 ], [ -76.319502271589727, 36.839302694968175 ], [ -76.317325153302875, 36.839818813223062 ], [ -76.31511726765109, 36.840243032108908 ], [ -76.312884666295474, 36.840574190408717 ], [ -76.310633468641115, 36.840811381654298 ], [ -76.308369845064334, 36.840953956597453 ], [ -76.3061, 36.841001524979959 ], [ -76.303830154935653, 36.840953956597453 ], [ -76.301566531358873, 36.840811381654298 ], [ -76.299315333704513, 36.840574190408717 ], [ -76.297082732348869, 36.840243032108908 ], [ -76.294874846697098, 36.839818813223062 ], [ -76.292697728410261, 36.839302694968175 ], [ -76.290557344818268, 36.838696090144026 ], [ -76.288459562563759, 36.838000659281036 ], [ -76.286410131522132, 36.837218306112227 ], [ -76.28441466904134, 36.83635117238147 ], [ -76.282478644545407, 36.835401632001904 ], [ -76.280607364542846, 36.834372284580461 ], [ -76.278805958082103, 36.833265948325447 ], [ -76.277079362693087, 36.832085652356788 ], [ -76.275432310853716, 36.830834628439192 ], [ -76.273869317018622, 36.829516302160812 ], [ -76.272394665245258, 36.828134283580972 ], [ -76.271012397451614, 36.826692357372309 ], [ -76.269726302337645, 36.825194472483929 ], [ -76.268539905000679, 36.823644731353347 ], [ -76.267456457273312, 36.822047378696745 ], [ -76.2664789288105, 36.82040678990748 ], [ -76.26560999894977, 36.818727459094575 ], [ -76.264852049367519, 36.817013986793448 ], [ -76.264207157550828, 36.815271067382433 ], [ -76.263677091103347, 36.813503476239163 ], [ -76.263263302900398, 36.811716056671706 ], [ -76.262966927106632, 36.809913706660318 ], [ -76.262788776067538, 36.808101365445587 ], [ -76.262729338082693, 36.806284 ] ] ] } },
{ "type": "Feature", "properties": { "facility_name": "Spokane Waste-to-Energy Facility", "city": "Spokane", "state": "WA" }, "geometry": { "type": "Polygon", "coordinates": [ [ [ -117.448601238082702, 47.6368417 ], [ -117.448660676067547, 47.635312193782703 ], [ -117.448838827106641, 47.63378683524823 ], [ -117.449135202900393, 47.632269805847805 ], [ -117.449548991103342, 47.630765264562804 ], [ -117.450079057550838, 47.629277336495413 ], [ -117.450723949367514, 47.627810101548135 ], [ -117.451481898949794, 47.626367583223633 ], [ -117.452350828810495, 47.624953737575652 ], [ -117.453328357273307, 47.623572442341427 ], [ -117.454411805000689, 47.622227486285972 ], [ -117.455598202337654, 47.620922558787314 ], [ -117.456884297451623, 47.619661239691972 ], [ -117.458266565245268, 47.61844698946846 ], [ -117.459741217018632, 47.617283139686492 ], [ -117.461304210853712, 47.616172883848186 ], [ -117.462951262693096, 47.61511926859685 ], [ -117.464677858082112, 47.6141251853279 ], [ -117.466479264542855, 47.613193362225317 ], [ -117.468350544545402, 47.612326356745818 ], [ -117.470286569041335, 47.611526548571881 ], [ -117.472282031522127, 47.610796133053249 ], [ -117.474331462563768, 47.610137115155304 ], [ -117.476429244818277, 47.60955130393134 ], [ -117.47856962841027, 47.609040307534094 ], [ -117.480746746697108, 47.608605528780743 ], [ -117.482954632348893, 47.608248161283591 ], [ -117.485187233704508, 47.60796918615754 ], [ -117.487438431358882, 47.607769369313388 ], [ -117.489702054935648, 47.607649259344782 ], [ -117.49197190000001, 47.607609186014535 ], [ -117.494241745064343, 47.607649259344782 ], [ -117.49650536864111, 47.607769369313388 ], [ -117.498756566295484, 47.60796918615754 ], [ -117.500989167651113, 47.608248161283591 ], [ -117.503197053302884, 47.608605528780743 ], [ -117.505374171589722, 47.609040307534094 ], [ -117.507514555181714, 47.60955130393134 ], [ -117.509612337436224, 47.610137115155304 ], [ -117.511661768477865, 47.610796133053249 ], [ -117.513657230958657, 47.611526548571881 ], [ -117.51559325545459, 47.612326356745818 ], [ -117.517464535457137, 47.613193362225317 ], [ -117.519265941917865, 47.6141251853279 ], [ -117.520992537306896, 47.61511926859685 ], [ -117.52263958914628, 47.616172883848186 ], [ -117.52420258298136, 47.617283139686492 ], [ -117.525677234754724, 47.61844698946846 ], [ -117.527059502548369, 47.619661239691972 ], [ -117.528345597662337, 47.620922558787314 ], [ -117.529531994999303, 47.622227486285972 ], [ -117.530615442726685, 47.623572442341427 ], [ -117.531592971189497, 47.624953737575652 ], [ -117.532461901050198, 47.626367583223633 ], [ -117.533219850632477, 47.627810101548135 ], [ -117.533864742449154, 47.629277336495413 ], [ -117.53439480889665, 47.630765264562804 ], [ -117.534808597099598, 47.632269805847805 ], [ -117.53510497289335, 47.63378683524823 ], [ -117.535283123932444, 47.635312193782703 ], [ -117.53534256191729, 47.6368417 ], [ -117.535283123932444, 47.638371161446216 ], [ -117.53510497289335, 47.639896386157965 ], [ -117.534808597099598, 47.641413194150253 ], [ -117.53439480889665, 47.642917428867449 ], [ -117.533864742449154, 47.644404968566228 ], [ -117.533219850632477, 47.645871737599109 ], [ -117.532461901050198, 47.647313717568075 ], [ -117.531592971189497, 47.648726958317766 ], [ -117.530615442726685, 47.650107588738294 ], [ -117.529531994999303, 47.651451827348509 ], [ -117.528345597662337, 47.652755992630844 ], [ -117.527059502548369, 47.654016513089815 ], [ -117.525677234754724, 47.655229937006915 ], [ -117.52420258298136, 47.656392941865604 ], [ -117.52263958914628, 47.657502343420937 ], [ -117.520992537306896, 47.658555104389329 ], [ -117.519265941917865, 47.659548342735022 ], [ -117.517464535457137, 47.660479339531229 ], [ -117.51559325545459, 47.661345546374392 ], [ -117.513657230958657, 47.662144592332076 ], [ -117.511661768477865, 47.662874290405526 ], [ -117.509612337436224, 47.663532643489845 ], [ -117.507514555181714, 47.664117849815575 ], [ -117.505374171589722, 47.66462830785737 ], [ -117.503197053302884, 47.665062620696389 ], [ -117.500989167651113, 47.665419599824979 ], [ -117.498756566295484, 47.665698268383267 ], [ -117.49650536864111, 47.665897863819303 ], [ -117.494241745064343, 47.666017839965221 ], [ -117.49197190000001, 47.666057868524398 ], [ -117.489702054935648, 47.666017839965221 ], [ -117.487438431358882, 47.665897863819303 ], [ -117.485187233704508, 47.665698268383267 ], [ -117.482954632348893, 47.665419599824979 ], [ -117.480746746697108, 47.665062620696389 ], [ -117.47856962841027, 47.66462830785737 ], [ -117.476429244818277, 47.664117849815575 ], [ -117.474331462563768, 47.663532643489845 ], [ -117.472282031522127, 47.662874290405526 ], [ -117.470286569041335, 47.662144592332076 ], [ -117.468350544545402, 47.661345546374392 ], [ -117.466479264542855, 47.660479339531229 ], [ -117.464677858082112, 47.659548342735022 ], [ -117.462951262693096, 47.658555104389329 ], [ -117.461304210853712, 47.657502343420937 ], [ -117.459741217018632, 47.656392941865604 ], [ -117.458266565245268, 47.655229937006915 ], [ -117.456884297451623, 47.654016513089815 ], [ -117.455598202337654, 47.652755992630844 ], [ -117.454411805000689, 47.651451827348509 ], [ -117.453328357273307, 47.650107588738294 ], [ -117.452350828810495, 47.648726958317766 ], [ -117.451481898949794, 47.647313717568075 ], [ -117.450723949367514, 47.645871737599109 ], [ -117.450079057550838, 47.644404968566228 ], [ -117.449548991103342, 47.642917428867449 ], [ -117.449135202900393, 47.641413194150253 ], [ -117.448838827106641, 47.639896386157972 ], [ -117.448660676067547, 47.638371161446216 ], [ -117.448601238082702, 47.6368417 ] ] ] } },
{ "type": "Feature", "properties": { "facility_name": "Barron County Waste-to-Energy & Recycling Facility", "city": "Almena", "state": "WI" }, "geometry": { "type": "Polygon", "coordinates": [ [ [ -91.994839938082691, 45.359084499999987 ], [ -91.994899376067536, 45.357489545148887 ], [ -91.995077527106631, 45.35589891718493 ], [ -91.995373902900397, 45.354316976460794 ], [ -91.995787691103359, 45.352748059879232 ], [ -91.996317757550827, 45.351196468996079 ], [ -91.996962649367518, 45.349666458215985 ], [ -91.997720598949769, 45.348162223113931 ], [ -91.998589528810498, 45.346687888914346 ], [ -91.99956705727331, 45.345247499159839 ], [ -92.000650505000678, 45.343845004600837 ], [ -92.001836902337644, 45.342484252336725 ], [ -92.003122997451612, 45.341168975238851 ], [ -92.004505265245243, 45.339902781684508 ], [ -92.005979917018621, 45.338689145630575 ], [ -92.007542910853715, 45.337531397054256 ], [ -92.009189962693085, 45.336432712787655 ], [ -92.010916558082101, 45.335396107771743 ], [ -92.012717964542844, 45.334424426753941 ], [ -92.014589244545405, 45.333520336452771 ], [ -92.016525269041338, 45.332686318211103 ], [ -92.018520731522131, 45.331924661158986 ], [ -92.020570162563757, 45.331237455904756 ], [ -92.022667944818267, 45.330626588772532 ], [ -92.024808328410259, 45.330093736601732 ], [ -92.026985446697097, 45.329640362123754 ], [ -92.029193332348882, 45.329267709928331 ], [ -92.031425933704512, 45.328976803031189 ], [ -92.033677131358871, 45.32876844005245 ], [ -92.035940754935666, 45.328643193013818 ], [ -92.0382106, 45.328601405760743 ], [ -92.040480445064333, 45.328643193013818 ], [ -92.042744068641113, 45.32876844005245 ], [ -92.044995266295473, 45.328976803031189 ], [ -92.047227867651102, 45.329267709928331 ], [ -92.049435753302873, 45.329640362123754 ], [ -92.051612871589725, 45.330093736601732 ], [ -92.053753255181704, 45.330626588772532 ], [ -92.055851037436213, 45.331237455904756 ], [ -92.05790046847784, 45.331924661158986 ], [ -92.059895930958632, 45.332686318211103 ], [ -92.061831955454593, 45.333520336452771 ], [ -92.06370323545714, 45.334424426753941 ], [ -92.065504641917869, 45.335396107771743 ], [ -92.067231237306885, 45.336432712787655 ], [ -92.068878289146269, 45.337531397054256 ], [ -92.070441282981349, 45.338689145630575 ], [ -92.071915934754728, 45.339902781684508 ], [ -92.073298202548372, 45.341168975238851 ], [ -92.074584297662327, 45.342484252336725 ], [ -92.075770694999306, 45.343845004600837 ], [ -92.07685414272666, 45.345247499159839 ], [ -92.077831671189486, 45.346687888914346 ], [ -92.078700601050201, 45.348162223113931 ], [ -92.079458550632467, 45.349666458215985 ], [ -92.080103442449158, 45.351196468996079 ], [ -92.080633508896625, 45.352748059879232 ], [ -92.081047297099587, 45.354316976460794 ], [ -92.081343672893354, 45.35589891718493 ], [ -92.081521823932448, 45.357489545148887 ], [ -92.081581261917279, 45.359084499999987 ], [ -92.081521823932448, 45.360679409893223 ], [ -92.081343672893354, 45.362269903476147 ], [ -92.081047297099587, 45.363851621868406 ], [ -92.080633508896625, 45.365420230603135 ], [ -92.080103442449158, 45.366971431497362 ], [ -92.079458550632467, 45.36850097441922 ], [ -92.078700601050201, 45.370004668919705 ], [ -92.077831671189486, 45.371478395697302 ], [ -92.07685414272666, 45.372918117864444 ], [ -92.075770694999306, 45.374319891984968 ], [ -92.074584297662327, 45.375679878852743 ], [ -92.073298202548372, 45.376994353982269 ], [ -92.071915934754728, 45.378259717782775 ], [ -92.070441282981349, 45.37947250538835 ], [ -92.068878289146269, 45.38062939611757 ], [ -92.067231237306885, 45.381727222537087 ], [ -92.065504641917869, 45.382762979104669 ], [ -92.06370323545714, 45.383733830368669 ], [ -92.061831955454593, 45.384637118701548 ], [ -92.059895930958632, 45.385470371546944 ], [ -92.05790046847784, 45.38623130816066 ], [ -92.055851037436213, 45.386917845827604 ], [ -92.053753255181704, 45.387528105537918 ], [ -92.051612871589725, 45.388060417107212 ], [ -92.049435753302873, 45.38851332372704 ], [ -92.047227867651102, 45.388885585933593 ], [ -92.044995266295473, 45.389176184983967 ], [ -92.042744068641113, 45.389384325630864 ], [ -92.040480445064333, 45.389509438288485 ], [ -92.0382106, 45.389551180583709 ], [ -92.035940754935666, 45.389509438288485 ], [ -92.033677131358871, 45.389384325630864 ], [ -92.031425933704512, 45.389176184983967 ], [ -92.029193332348882, 45.388885585933593 ], [ -92.026985446697097, 45.38851332372704 ], [ -92.024808328410259, 45.388060417107212 ], [ -92.022667944818267, 45.387528105537918 ], [ -92.020570162563757, 45.386917845827604 ], [ -92.018520731522131, 45.38623130816066 ], [ -92.016525269041338, 45.385470371546944 ], [ -92.014589244545405, 45.384637118701548 ], [ -92.012717964542844, 45.383733830368669 ], [ -92.010916558082101, 45.382762979104669 ], [ -92.009189962693085, 45.381727222537087 ], [ -92.007542910853715, 45.38062939611757 ], [ -92.005979917018621, 45.37947250538835 ], [ -92.004505265245243, 45.378259717782775 ], [ -92.003122997451612, 45.376994353982269 ], [ -92.001836902337644, 45.375679878852743 ], [ -92.000650505000678, 45.374319891984968 ], [ -91.99956705727331, 45.372918117864444 ], [ -91.998589528810498, 45.371478395697302 ], [ -91.997720598949769, 45.370004668919705 ], [ -91.996962649367518, 45.36850097441922 ], [ -91.996317757550827, 45.366971431497362 ], [ -91.995787691103359, 45.365420230603135 ], [ -91.995373902900397, 45.363851621868406 ], [ -91.995077527106631, 45.362269903476154 ], [ -91.994899376067536, 45.360679409893223 ], [ -91.994839938082691, 45.359084499999987 ] ] ] } },
{ "type": "Feature", "properties": { "facility_name": "Xcel Energy French Island Generating Station", "city": "La Crosse", "state": "WI" }, "geometry": { "type": "Polygon", "coordinates": [ [ [ -91.217152838082725, 43.8308336 ], [ -91.217212276067542, 43.829196139345186 ], [ -91.217390427106636, 43.827563122116892 ], [ -91.217686802900403, 43.82593902485349 ], [ -91.218100591103365, 43.824328300005369 ], [ -91.218630657550847, 43.822735363721037 ], [ -91.219275549367524, 43.821164583728923 ], [ -91.220033498949789, 43.81962026734822 ], [ -91.220902428810504, 43.818106649661765 ], [ -91.221879957273316, 43.816627881883647 ], [ -91.222963405000684, 43.81518801995373 ], [ -91.224149802337664, 43.813791013390556 ], [ -91.225435897451618, 43.812440694433604 ], [ -91.226818165245277, 43.811140767504959 ], [ -91.228292817018641, 43.809894799019702 ], [ -91.229855810853735, 43.808706207573266 ], [ -91.231502862693105, 43.807578254533212 ], [ -91.233229458082135, 43.806514035061404 ], [ -91.235030864542864, 43.805516469591829 ], [ -91.236902144545411, 43.804588295787774 ], [ -91.238838169041358, 43.803732061000716 ], [ -91.24083363152215, 43.802950115252202 ], [ -91.242883062563791, 43.80224460475813 ], [ -91.244980844818301, 43.801617466013774 ], [ -91.247121228410265, 43.801070420455915 ], [ -91.249298346697103, 43.800604969717234 ], [ -91.251506232348888, 43.800222391486137 ], [ -91.253738833704531, 43.799923735983604 ], [ -91.255990031358891, 43.799709823067104 ], [ -91.258253654935672, 43.799581239969648 ], [ -91.2605235, 43.799538339680083 ], [ -91.262793345064338, 43.799581239969648 ], [ -91.265056968641119, 43.799709823067104 ], [ -91.267308166295479, 43.799923735983604 ], [ -91.269540767651122, 43.800222391486137 ], [ -91.271748653302893, 43.800604969717234 ], [ -91.273925771589731, 43.801070420455915 ], [ -91.276066155181724, 43.801617466013774 ], [ -91.278163937436233, 43.80224460475813 ], [ -91.280213368477874, 43.802950115252202 ], [ -91.282208830958652, 43.803732061000716 ], [ -91.284144855454599, 43.804588295787774 ], [ -91.286016135457146, 43.805516469591829 ], [ -91.287817541917889, 43.806514035061404 ], [ -91.289544137306905, 43.807578254533212 ], [ -91.291191189146275, 43.808706207573266 ], [ -91.292754182981383, 43.809894799019702 ], [ -91.294228834754733, 43.811140767504959 ], [ -91.295611102548392, 43.812440694433604 ], [ -91.296897197662346, 43.813791013390556 ], [ -91.298083594999326, 43.81518801995373 ], [ -91.299167042726694, 43.816627881883647 ], [ -91.300144571189506, 43.818106649661765 ], [ -91.301013501050221, 43.81962026734822 ], [ -91.301771450632486, 43.821164583728923 ], [ -91.302416342449177, 43.822735363721037 ], [ -91.302946408896645, 43.824328300005369 ], [ -91.303360197099607, 43.82593902485349 ], [ -91.30365657289336, 43.827563122116892 ], [ -91.303834723932468, 43.829196139345186 ], [ -91.303894161917285, 43.8308336 ], [ -91.303834723932468, 43.832471015730846 ], [ -91.30365657289336, 43.834103898679466 ], [ -91.303360197099607, 43.835727773778657 ], [ -91.302946408896645, 43.837338191012137 ], [ -91.302416342449177, 43.838930737601657 ], [ -91.301771450632486, 43.840501050088392 ], [ -91.301013501050221, 43.84204482627522 ], [ -91.300144571189506, 43.843557836997789 ], [ -91.299167042726694, 43.845035937692046 ], [ -91.298083594999326, 43.846475079726815 ], [ -91.296897197662346, 43.847871321470912 ], [ -91.295611102548392, 43.849220839064351 ], [ -91.294228834754733, 43.850519936864956 ], [ -91.292754182981383, 43.851765057541748 ], [ -91.291191189146275, 43.852952791788056 ], [ -91.289544137306905, 43.854079887628004 ], [ -91.287817541917889, 43.855143259291374 ], [ -91.286016135457146, 43.856139995632958 ], [ -91.284144855454599, 43.857067368073544 ], [ -91.282208830958652, 43.857922838041588 ], [ -91.280213368477874, 43.85870406389504 ], [ -91.278163937436233, 43.859408907305337 ], [ -91.276066155181724, 43.860035439085905 ], [ -91.273925771589731, 43.860581944449969 ], [ -91.271748653302893, 43.861046927683347 ], [ -91.269540767651122, 43.861429116219711 ], [ -91.267308166295479, 43.861727464107652 ], [ -91.265056968641119, 43.861941154859977 ], [ -91.262793345064338, 43.862069603677789 ], [ -91.2605235, 43.862112459043409 ], [ -91.258253654935672, 43.862069603677789 ], [ -91.255990031358891, 43.861941154859977 ], [ -91.253738833704531, 43.861727464107652 ], [ -91.251506232348888, 43.861429116219711 ], [ -91.249298346697103, 43.861046927683347 ], [ -91.247121228410265, 43.860581944449969 ], [ -91.244980844818301, 43.860035439085905 ], [ -91.242883062563791, 43.859408907305337 ], [ -91.24083363152215, 43.85870406389504 ], [ -91.238838169041358, 43.857922838041588 ], [ -91.236902144545411, 43.857067368073544 ], [ -91.235030864542864, 43.856139995632958 ], [ -91.233229458082135, 43.855143259291374 ], [ -91.231502862693105, 43.854079887628004 ], [ -91.229855810853735, 43.852952791788056 ], [ -91.228292817018641, 43.851765057541748 ], [ -91.226818165245277, 43.850519936864956 ], [ -91.225435897451618, 43.849220839064351 ], [ -91.224149802337664, 43.847871321470912 ], [ -91.222963405000684, 43.846475079726815 ], [ -91.221879957273316, 43.845035937692046 ], [ -91.220902428810504, 43.843557836997789 ], [ -91.220033498949789, 43.84204482627522 ], [ -91.219275549367524, 43.840501050088392 ], [ -91.218630657550847, 43.838930737601657 ], [ -91.218100591103365, 43.837338191012137 ], [ -91.217686802900403, 43.835727773778657 ], [ -91.217390427106636, 43.834103898679473 ], [ -91.217212276067542, 43.832471015730846 ], [ -91.217152838082725, 43.8308336 ] ] ] } }
]
}
